Date,Open,High,Low,Close,Volume
1995-01-03,459.2099915,459.269989,457.2000122,459.1099854,262450000
1995-01-04,459.1300049,460.7200012,457.5599976,460.7099915,319510000
1995-01-05,460.730011,461.2999878,459.75,460.3399963,309050000
1995-01-06,460.3800049,462.4899902,459.4700012,460.6799927,308070000
1995-01-09,460.6700134,461.769989,459.7399902,460.8299866,278790000
1995-01-10,460.8999939,464.5899963,460.8999939,461.6799927,352450000
1995-01-11,461.6799927,463.6099854,458.6499939,461.6600037,346310000
1995-01-12,461.6400146,461.9299927,460.6300049,461.6400146,313040000
1995-01-13,461.6400146,466.4299927,461.6400146,465.9700012,336740000
1995-01-16,465.9700012,470.3900146,465.9700012,469.3800049,315810000
1995-01-17,469.3800049,470.1499939,468.1900024,470.0499878,331520000
1995-01-18,470.0499878,470.4299927,468.0299988,469.7099915,344660000
1995-01-19,469.7200012,469.7200012,466.3999939,466.9500122,297220000
1995-01-20,466.9500122,466.9899902,463.9899902,464.7799988,378190000
1995-01-23,464.7799988,466.230011,461.1400146,465.8200073,325830000
1995-01-24,465.8099976,466.8800049,465.4700012,465.8599854,315430000
1995-01-25,465.8599854,469.5100098,464.3999939,467.4400024,342610000
1995-01-26,467.4400024,468.6199951,466.8999939,468.3200073,304730000
1995-01-27,468.3200073,471.3599854,468.3200073,470.3900146,339510000
1995-01-30,470.3900146,470.519989,467.4899902,468.5100098,318550000
1995-01-31,468.5100098,471.0299988,468.1799927,470.4200134,411590000
1995-02-01,470.4200134,472.75,469.2900085,470.3999939,395310000
1995-02-02,470.3999939,472.7900085,469.9500122,472.7900085,322110000
1995-02-03,472.7799988,479.9100037,472.7799988,478.6499939,441000000
1995-02-06,478.6400146,481.9500122,478.3599854,481.1400146,325660000
1995-02-07,481.1400146,481.3200073,479.6900024,480.8099976,314660000
1995-02-08,480.8099976,482.6000061,480.3999939,481.1900024,318430000
1995-02-09,481.1900024,482.0,479.9100037,480.1900024,325570000
1995-02-10,480.1900024,481.9599915,479.5299988,481.4599915,295600000
1995-02-13,481.4599915,482.8599854,481.0700073,481.6499939,256270000
1995-02-14,481.6499939,482.9400024,480.8900146,482.5499878,300720000
1995-02-15,482.5499878,485.5400085,481.769989,484.5400085,378040000
1995-02-16,484.5599976,485.2200012,483.0499878,485.2200012,360990000
1995-02-17,485.1499939,485.2200012,481.9700012,481.9700012,347970000
1995-02-21,481.9500122,483.2600098,481.9400024,482.7200012,308090000
1995-02-22,482.7399902,486.1499939,482.4500122,485.0700073,339460000
1995-02-23,485.0700073,489.1900024,485.0700073,486.9100037,394280000
1995-02-24,486.8200073,488.2799988,485.7000122,488.1099854,302930000
1995-02-27,488.2600098,488.2600098,483.1799927,483.8099976,285790000
1995-02-28,483.8099976,487.4400024,483.769989,487.3900146,317220000
1995-03-01,487.3900146,487.8299866,484.9200134,485.6499939,362600000
1995-03-02,485.6499939,485.7099915,483.1900024,485.1300049,330030000
1995-03-03,485.1300049,485.4200134,483.0700073,485.4200134,330840000
1995-03-06,485.4200134,485.7000122,481.519989,485.6300049,298870000
1995-03-07,485.6300049,485.6300049,479.7000122,482.1199951,355550000
1995-03-08,482.1199951,484.0799866,481.5700073,483.1400146,349780000
1995-03-09,483.1400146,483.7399902,482.0499878,483.1600037,319320000
1995-03-10,483.1600037,490.3699951,483.1600037,489.5700073,382940000
1995-03-13,489.5700073,491.2799988,489.3500061,490.0499878,275280000
1995-03-14,490.0499878,493.6900024,490.0499878,492.8900146,346160000
1995-03-15,492.8900146,492.8900146,490.8299866,491.8800049,309540000
1995-03-16,491.8699951,495.7399902,491.7799988,495.4100037,336670000
1995-03-17,495.4299927,496.6700134,494.9500122,495.519989,417380000
1995-03-20,495.519989,496.6099854,495.269989,496.1400146,301740000
1995-03-21,496.1499939,499.1900024,494.0400085,495.0700073,367110000
1995-03-22,495.0700073,495.6700134,493.6700134,495.6700134,313120000
1995-03-23,495.6700134,496.769989,494.1900024,495.9500122,318530000
1995-03-24,496.0700073,500.9700012,496.0700073,500.9700012,358370000
1995-03-27,500.9700012,503.2000122,500.9299927,503.2000122,296270000
1995-03-28,503.1900024,503.9100037,501.8299866,503.8999939,320360000
1995-03-29,503.9200134,508.1499939,500.9599915,503.1199951,385940000
1995-03-30,503.1700134,504.6600037,501.0,502.2200012,362940000
1995-03-31,501.9400024,502.2200012,495.7000122,500.7099915,353060000
1995-04-03,500.7000122,501.9100037,500.2000122,501.8500061,296430000
1995-04-04,501.8500061,505.2600098,501.8500061,505.2399902,330580000
1995-04-05,505.269989,505.5700073,503.1700134,505.5700073,315170000
1995-04-06,505.6300049,507.1000061,505.0,506.0799866,320460000
1995-04-07,506.1300049,507.1900024,503.5899963,506.4200134,314760000
1995-04-10,506.2999878,507.0100098,504.6099854,507.0100098,260980000
1995-04-11,507.2399902,508.8500061,505.2900085,505.5299988,310660000
1995-04-12,505.5899963,507.1700134,505.0700073,507.1700134,327880000
1995-04-13,507.1900024,509.8299866,507.1700134,509.230011,301580000
1995-04-17,509.230011,512.0300293,505.4299927,506.1300049,333930000
1995-04-18,506.4299927,507.6499939,504.1199951,505.3699951,344680000
1995-04-19,505.3699951,505.8900146,501.1900024,504.9200134,378050000
1995-04-20,504.9200134,506.5,503.4400024,505.2900085,368450000
1995-04-21,505.6300049,508.4899902,505.6300049,508.4899902,403250000
1995-04-24,508.4899902,513.0200195,507.4400024,512.8900146,326280000
1995-04-25,512.7999878,513.539978,511.3200073,512.0999756,351790000
1995-04-26,511.9899902,513.039978,510.4700012,512.6599731,350810000
1995-04-27,512.7000122,513.6199951,511.6300049,513.5499878,350850000
1995-04-28,513.6400146,515.289978,510.8999939,514.710022,320440000
1995-05-01,514.7600098,515.5999756,513.4199829,514.2600098,296830000
1995-05-02,514.2299805,515.1799927,513.0300293,514.8599854,302560000
1995-05-03,514.9299927,520.539978,514.8599854,520.4799805,392370000
1995-05-04,520.4799805,525.4000244,519.4400024,520.539978,434990000
1995-05-05,520.75,522.3499756,518.2800293,520.1199951,342380000
1995-05-08,520.0900269,525.1500244,519.1400146,523.960022,291810000
1995-05-09,523.960022,525.9899902,521.789978,523.5599976,361300000
1995-05-10,523.7399902,524.4000244,521.5300293,524.3599854,381990000
1995-05-11,524.3300171,524.8900146,522.7000122,524.3699951,339900000
1995-05-12,524.3699951,527.0499878,523.2999878,525.5499878,361000000
1995-05-15,525.5499878,527.7399902,525.0,527.7399902,316240000
1995-05-16,527.7399902,529.0800171,526.4500122,528.1900024,366180000
1995-05-17,528.1900024,528.4199829,525.3800049,527.0700073,347930000
1995-05-18,526.8800049,526.8800049,519.5800171,519.5800171,351900000
1995-05-19,519.5800171,519.5800171,517.0700073,519.1900024,354010000
1995-05-22,519.1900024,524.3400269,519.1900024,523.6500244,285600000
1995-05-23,523.6500244,528.5900269,523.6500244,528.5900269,362690000
1995-05-24,528.5900269,531.9099731,525.5700073,528.6099854,391770000
1995-05-25,528.3699951,529.039978,524.8900146,528.5900269,341820000
1995-05-26,528.5900269,528.5900269,522.5100098,523.6500244,291220000
1995-05-30,523.6500244,525.5800171,521.3800049,523.5800171,283020000
1995-05-31,523.7000122,533.4099731,522.1699829,533.4000244,358180000
1995-06-01,533.4000244,534.210022,530.0499878,533.4899902,345920000
1995-06-02,533.4899902,536.9099731,529.5499878,532.5100098,366000000
1995-06-05,532.5100098,537.7299805,532.4699707,535.5999756,337520000
1995-06-06,535.5999756,537.0900269,535.1400146,535.5499878,340490000
1995-06-07,535.5499878,535.5499878,531.6599731,533.1300049,327790000
1995-06-08,533.1300049,533.5599976,531.6500244,532.3499756,289880000
1995-06-09,532.3499756,532.3499756,526.0,527.9400024,327570000
1995-06-12,527.9400024,532.539978,527.9400024,530.8800049,289920000
1995-06-13,530.8800049,536.2299805,530.8800049,536.0499878,339660000
1995-06-14,536.0499878,536.4799805,533.8300171,536.4699707,330770000
1995-06-15,536.4799805,539.0700073,535.5599976,537.1199951,334700000
1995-06-16,537.5100098,539.9799805,537.1199951,539.8300171,442740000
1995-06-19,539.8300171,545.2199707,539.8300171,545.2199707,322990000
1995-06-20,545.2199707,545.4400024,543.4299927,544.9799805,382370000
1995-06-21,544.9799805,545.9299927,543.9000244,543.9799805,398210000
1995-06-22,543.9799805,551.0700073,543.9799805,551.0700073,421000000
1995-06-23,551.0700073,551.0700073,548.2299805,549.710022,321660000
1995-06-26,549.710022,549.789978,544.0599976,544.1300049,296720000
1995-06-27,544.1099854,547.0700073,542.1900024,542.4299927,346950000
1995-06-28,542.4299927,546.3300171,540.7199707,544.7299805,368060000
1995-06-29,544.7299805,546.25,540.789978,543.8699951,313080000
1995-06-30,543.8699951,546.8200073,543.5100098,544.75,311650000
1995-07-03,544.75,547.0999756,544.4299927,547.0900269,117900000
1995-07-05,547.0900269,549.9799805,546.2800293,547.2600098,357850000
1995-07-06,547.2600098,553.9899902,546.5900269,553.9899902,420500000
1995-07-07,553.9000244,556.5700073,553.0499878,556.3699951,466540000
1995-07-10,556.3699951,558.4799805,555.7700195,557.1900024,409700000
1995-07-11,556.7800293,557.1900024,553.7999878,554.7800293,376770000
1995-07-12,555.2700195,561.5599976,554.2700195,560.8900146,416360000
1995-07-13,560.8900146,562.0,559.0700073,561.0,387500000
1995-07-14,561.0,561.0,556.4099731,559.8900146,312930000
1995-07-17,560.3400269,562.9400024,559.4500122,562.7199707,322540000
1995-07-18,562.5499878,562.7199707,556.8599854,558.460022,372230000
1995-07-19,556.5800171,558.460022,542.5100098,550.9799805,489850000
1995-07-20,550.9799805,554.4299927,549.0999756,553.539978,383380000
1995-07-21,553.3400269,554.7299805,550.9099731,553.6199951,431830000
1995-07-24,553.6199951,557.210022,553.6199951,556.6300049,315300000
1995-07-25,556.6300049,561.75,556.3400269,561.0999756,373200000
1995-07-26,561.0999756,563.7800293,560.8499756,561.6099854,393470000
1995-07-27,561.6099854,565.3300171,561.6099854,565.2199707,356570000
1995-07-28,565.2199707,565.4000244,562.039978,562.9299927,311590000
1995-07-31,562.9299927,563.4899902,560.0599976,562.0599976,291950000
1995-08-01,562.0599976,562.1099854,556.6699829,559.6400146,332210000
1995-08-02,559.6400146,565.6199951,557.8699951,558.7999878,374330000
1995-08-03,558.7999878,558.7999878,554.0999756,558.75,353110000
1995-08-04,558.75,559.5700073,557.9099731,558.9400024,314740000
1995-08-07,558.9400024,561.2399902,558.9400024,560.0300293,277050000
1995-08-08,560.0300293,561.5300293,558.3200073,560.3900146,306090000
1995-08-09,560.3900146,561.5900269,559.289978,559.710022,303390000
1995-08-10,559.710022,560.6300049,556.0499878,557.4500122,306660000
1995-08-11,557.4500122,558.5,553.039978,555.1099854,267850000
1995-08-14,555.1099854,559.7399902,554.7600098,559.7399902,264920000
1995-08-15,559.7399902,559.9799805,555.2199707,558.5700073,330070000
1995-08-16,558.5700073,559.9799805,557.3699951,559.9699707,390170000
1995-08-17,559.9699707,559.9699707,557.4199829,559.039978,354460000
1995-08-18,559.039978,561.2399902,558.3400269,559.210022,320490000
1995-08-21,559.210022,563.3400269,557.8900146,558.1099854,303200000
1995-08-22,558.1099854,559.5200195,555.8699951,559.5200195,290890000
1995-08-23,559.5200195,560.0,557.0800171,557.1400146,291890000
1995-08-24,557.1400146,558.6300049,555.2000122,557.460022,299200000
1995-08-25,557.460022,561.3099976,557.460022,560.0999756,255990000
1995-08-28,560.0999756,562.2199707,557.9899902,559.0499878,267860000
1995-08-29,559.0499878,560.0100098,555.710022,560.0,311290000
1995-08-30,560.0,561.5200195,559.4899902,560.9199829,329840000
1995-08-31,561.0900269,562.3599854,560.4899902,561.8800049,300920000
1995-09-01,561.8800049,564.6199951,561.0100098,563.8400269,256730000
1995-09-05,563.8599854,569.2000122,563.8400269,569.1699829,332670000
1995-09-06,569.1699829,570.5300293,569.0,570.1699829,369540000
1995-09-07,570.1699829,571.1099854,569.2299805,570.289978,321720000
1995-09-08,570.289978,572.6799927,569.2700195,572.6799927,317940000
1995-09-11,572.6799927,575.1500244,572.6799927,573.9099731,296840000
1995-09-12,573.9099731,576.5100098,573.1099854,576.5100098,344540000
1995-09-13,576.5100098,579.7199707,575.4699707,578.7700195,384380000
1995-09-14,578.7700195,583.9899902,578.7700195,583.6099854,382880000
1995-09-15,583.6099854,585.0700073,581.789978,583.3499756,459370000
1995-09-18,583.3499756,583.3699951,579.3599854,582.7700195,326090000
1995-09-19,582.7800293,584.2399902,580.75,584.2000122,371170000
1995-09-20,584.2000122,586.7700195,584.1799927,586.7700195,400050000
1995-09-21,586.7700195,586.789978,580.9099731,583.0,367100000
1995-09-22,583.0,583.0,578.25,581.7299805,370790000
1995-09-25,581.7299805,582.1400146,579.5,581.8099976,273120000
1995-09-26,581.8099976,584.6599731,580.6500244,581.4099731,363630000
1995-09-27,581.4099731,581.4199829,574.6799927,581.039978,411300000
1995-09-28,581.039978,585.8800049,580.6900024,585.8699951,367720000
1995-09-29,585.8699951,587.6099854,584.0,584.4099731,335250000
1995-10-02,584.4099731,585.0499878,580.539978,581.7199707,304990000
1995-10-03,581.7199707,582.3400269,578.4799805,582.3400269,385940000
1995-10-04,582.3400269,582.3400269,579.9099731,581.4699707,339380000
1995-10-05,581.4699707,582.6300049,579.5800171,582.6300049,367480000
1995-10-06,582.6300049,584.539978,582.0999756,582.4899902,313680000
1995-10-09,582.4899902,582.4899902,576.3499756,578.3699951,275320000
1995-10-10,578.3699951,578.3699951,571.5499878,577.5200195,412710000
1995-10-11,577.5200195,579.5200195,577.0800171,579.460022,340740000
1995-10-12,579.460022,583.1199951,579.460022,583.0999756,344060000
1995-10-13,583.0999756,587.3900146,583.0999756,584.5,374680000
1995-10-16,584.5,584.8599854,582.6300049,583.0300293,300750000
1995-10-17,583.0300293,586.7800293,581.9000244,586.7800293,356380000
1995-10-18,586.7800293,589.7700195,586.2700195,587.4400024,411270000
1995-10-19,587.4400024,590.6599731,586.3400269,590.6500244,406620000
1995-10-20,590.6500244,590.6599731,586.7800293,587.460022,389360000
1995-10-23,587.460022,587.460022,583.7299805,585.0599976,330750000
1995-10-24,585.0599976,587.3099976,584.75,586.539978,415540000
1995-10-25,586.539978,587.1900024,581.4099731,582.4699707,433620000
1995-10-26,582.4699707,582.6300049,572.5300293,576.7199707,464270000
1995-10-27,576.7199707,579.710022,573.210022,579.7000122,379230000
1995-10-30,579.7000122,583.789978,579.7000122,583.25,319160000
1995-10-31,583.25,586.710022,581.5,581.5,377390000
1995-11-01,581.5,584.2399902,581.039978,584.2199707,378090000
1995-11-02,584.2199707,589.7199707,584.2199707,589.7199707,397070000
1995-11-03,589.7199707,590.5700073,588.6500244,590.5700073,348500000
1995-11-06,590.5700073,590.6400146,588.3099976,588.460022,309100000
1995-11-07,588.460022,588.460022,584.2399902,586.3200073,364680000
1995-11-08,586.3200073,591.710022,586.3200073,591.710022,359780000
1995-11-09,591.710022,593.9000244,590.8900146,593.2600098,380760000
1995-11-10,593.2600098,593.2600098,590.3900146,592.7199707,298690000
1995-11-13,592.7199707,593.7199707,590.5800171,592.2999878,295840000
1995-11-14,592.2999878,592.2999878,588.9799805,589.289978,354420000
1995-11-15,589.289978,593.9699707,588.3599854,593.960022,376100000
1995-11-16,593.960022,597.9099731,593.5200195,597.3400269,423280000
1995-11-17,597.3400269,600.1400146,597.2999878,600.0700073,437200000
1995-11-20,600.0700073,600.4000244,596.1699829,596.8499756,333150000
1995-11-21,596.8499756,600.2800293,595.4199829,600.2399902,408320000
1995-11-22,600.2399902,600.710022,598.4000244,598.4000244,404980000
1995-11-24,598.4000244,600.2399902,598.4000244,599.9699707,125870000
1995-11-27,599.9699707,603.3499756,599.9699707,601.3200073,359130000
1995-11-28,601.3200073,606.4500122,599.0200195,606.4500122,408860000
1995-11-29,606.4500122,607.6599731,605.4699707,607.6400146,398280000
1995-11-30,607.6400146,608.6900024,605.3699951,605.3699951,440050000
1995-12-01,605.3699951,608.1099854,605.3699951,606.9799805,393310000
1995-12-04,606.9799805,613.8300171,606.8400269,613.6799927,405480000
1995-12-05,613.6799927,618.4799805,613.1400146,617.6799927,437360000
1995-12-06,617.6799927,621.1099854,616.6900024,620.1799927,417780000
1995-12-07,620.1799927,620.1900024,615.210022,616.1699829,379260000
1995-12-08,616.1699829,617.8200073,614.3200073,617.4799805,327900000
1995-12-11,617.4799805,620.9000244,617.1400146,619.5200195,342070000
1995-12-12,619.5200195,619.5499878,617.6799927,618.7800293,349860000
1995-12-13,618.7800293,622.0200195,618.2700195,621.6900024,415290000
1995-12-14,621.6900024,622.8800049,616.1300049,616.9199829,465300000
1995-12-15,616.9199829,617.7199707,614.460022,616.3400269,636800000
1995-12-18,616.3400269,616.3400269,606.1300049,606.8099976,426270000
1995-12-19,606.8099976,611.9400024,605.0499878,611.9299927,478280000
1995-12-20,611.9299927,614.2700195,605.9299927,605.9400024,437680000
1995-12-21,605.9400024,610.5200195,605.9400024,610.4899902,415810000
1995-12-22,610.4899902,613.5,610.4500122,611.9500122,289600000
1995-12-26,611.960022,614.5,611.960022,614.2999878,217280000
1995-12-27,614.2999878,615.7299805,613.75,614.5300293,252300000
1995-12-28,614.5300293,615.5,612.4000244,614.1199951,288660000
1995-12-29,614.1199951,615.9299927,612.3599854,615.9299927,321250000
1996-01-02,615.9299927,620.7399902,613.1699829,620.7299805,364180000
1996-01-03,620.7299805,623.25,619.5599976,621.3200073,468950000
1996-01-04,621.3200073,624.4899902,613.960022,617.7000122,512580000
1996-01-05,617.7000122,617.7000122,612.0200195,616.710022,437110000
1996-01-08,616.710022,618.460022,616.4899902,618.460022,130360000
1996-01-09,618.460022,619.1500244,608.210022,609.4500122,417400000
1996-01-10,609.4500122,609.4500122,597.289978,598.4799805,496830000
1996-01-11,598.4799805,602.710022,597.539978,602.6900024,408800000
1996-01-12,602.6900024,604.7999878,597.460022,601.8099976,383400000
1996-01-15,601.8099976,603.4299927,598.4699707,599.8200073,306180000
1996-01-16,599.8200073,608.4400024,599.0499878,608.4400024,425220000
1996-01-17,608.4400024,609.9299927,604.7000122,606.3699951,458720000
1996-01-18,606.3699951,608.2700195,604.1199951,608.2399902,450410000
1996-01-19,608.2399902,612.9199829,606.7600098,611.8300171,497720000
1996-01-22,611.8300171,613.4500122,610.9500122,613.4000244,398040000
1996-01-23,613.4000244,613.4000244,610.6500244,612.789978,416910000
1996-01-24,612.789978,619.960022,612.789978,619.960022,476380000
1996-01-25,619.960022,620.1500244,616.6199951,617.0300293,453270000
1996-01-26,617.0300293,621.7000122,615.2600098,621.6199951,385700000
1996-01-29,621.6199951,624.2199707,621.4199829,624.2199707,363330000
1996-01-30,624.2199707,630.289978,624.2199707,630.1500244,464350000
1996-01-31,630.1500244,636.1799927,629.4799805,636.0200195,472210000
1996-02-01,636.0200195,638.460022,634.539978,638.460022,461430000
1996-02-02,638.460022,639.2600098,634.289978,635.8400269,420020000
1996-02-05,635.8400269,641.4299927,633.710022,641.4299927,377760000
1996-02-06,641.4299927,646.6699829,639.6799927,646.3300171,465940000
1996-02-07,646.3300171,649.9299927,645.5900269,649.9299927,462730000
1996-02-08,649.9299927,656.539978,647.9299927,656.0700073,474970000
1996-02-09,656.0700073,661.0800171,653.6400146,656.3699951,477640000
1996-02-12,656.3699951,662.9500122,656.3400269,661.4500122,397890000
1996-02-13,661.4500122,664.2299805,657.9199829,660.5100098,441540000
1996-02-14,660.5100098,661.5300293,654.3599854,655.5800171,421790000
1996-02-15,655.5800171,656.8400269,651.1500244,651.3200073,415320000
1996-02-16,651.3200073,651.4199829,646.9899902,647.9799805,445570000
1996-02-20,647.9799805,647.9799805,638.789978,640.6500244,395910000
1996-02-21,640.6500244,648.1099854,640.6500244,648.0999756,431220000
1996-02-22,648.0999756,659.75,648.0999756,658.8599854,485470000
1996-02-23,658.8599854,663.0,652.25,659.0800171,443130000
1996-02-26,659.0800171,659.0800171,650.1599731,650.460022,399330000
1996-02-27,650.460022,650.6199951,643.8699951,647.2399902,431340000
1996-02-28,647.2399902,654.3900146,643.9899902,644.75,447790000
1996-02-29,644.75,646.9500122,639.0100098,640.4299927,453170000
1996-03-01,640.4299927,644.3800049,635.0,644.3699951,471480000
1996-03-04,644.3699951,653.539978,644.3699951,650.8099976,417270000
1996-03-05,650.8099976,655.7999878,648.7700195,655.789978,445700000
1996-03-06,655.789978,656.9699707,651.6099854,652.0,428220000
1996-03-07,652.0,653.6500244,649.539978,653.6500244,425790000
1996-03-08,653.6500244,653.6500244,627.6300049,633.5,546550000
1996-03-11,633.5,640.4099731,629.9500122,640.0200195,449500000
1996-03-12,640.0200195,640.0200195,628.8200073,637.0900269,454980000
1996-03-13,637.0900269,640.5200195,635.1900024,638.5499878,413030000
1996-03-14,638.5499878,644.1699829,638.5499878,640.8699951,492630000
1996-03-15,640.8699951,642.8699951,638.3499756,641.4299927,529970000
1996-03-18,641.4299927,652.6500244,641.4299927,652.6500244,437100000
1996-03-19,652.6500244,656.1799927,649.7999878,651.6900024,438300000
1996-03-20,651.6900024,653.1300049,645.5700073,649.9799805,409780000
1996-03-21,649.9799805,651.539978,648.0999756,649.1900024,367180000
1996-03-22,649.1900024,652.0800171,649.1900024,650.6199951,329390000
1996-03-25,650.6199951,655.5,648.8200073,650.039978,336700000
1996-03-26,650.039978,654.3099976,648.1500244,652.9699707,400090000
1996-03-27,652.9699707,653.9400024,647.5999756,648.9099731,406280000
1996-03-28,648.9099731,649.5800171,646.3599854,648.9400024,370750000
1996-03-29,648.9400024,650.960022,644.8900146,645.5,413510000
1996-04-01,645.5,653.8699951,645.5,653.7299805,392120000
1996-04-02,653.7299805,655.2700195,652.8099976,655.2600098,406640000
1996-04-03,655.2600098,655.8900146,651.8099976,655.8800049,386620000
1996-04-04,655.8800049,656.6799927,654.8900146,655.8599854,383400000
1996-04-08,655.8599854,655.8599854,638.039978,644.2399902,411810000
1996-04-09,644.2399902,646.3300171,640.8400269,642.1900024,426790000
1996-04-10,642.1900024,642.7800293,631.7600098,633.5,475150000
1996-04-11,633.5,635.2600098,624.1400146,631.1799927,519710000
1996-04-12,631.1799927,637.1400146,631.1799927,636.710022,413270000
1996-04-15,636.710022,642.4899902,636.710022,642.4899902,346370000
1996-04-16,642.4899902,645.5700073,642.1500244,645.0,453310000
1996-04-17,645.0,645.0,638.710022,641.6099854,465200000
1996-04-18,641.6099854,644.6599731,640.7600098,643.6099854,415150000
1996-04-19,643.6099854,647.3200073,643.6099854,645.0700073,435690000
1996-04-22,645.0700073,650.9099731,645.0700073,647.8900146,395370000
1996-04-23,647.8900146,651.5900269,647.7000122,651.5800171,452690000
1996-04-24,651.5800171,653.3699951,648.25,650.1699829,494220000
1996-04-25,650.1699829,654.1799927,647.0599976,652.8699951,462120000
1996-04-26,652.8699951,656.4299927,651.960022,653.460022,402530000
1996-04-29,653.460022,654.710022,651.5999756,654.1599731,344030000
1996-04-30,654.1599731,654.5900269,651.0499878,654.1699829,393390000
1996-05-01,654.1699829,656.4400024,652.2600098,654.5800171,404620000
1996-05-02,654.5800171,654.5800171,642.1300049,643.3800049,442960000
1996-05-03,643.3800049,648.4500122,640.2299805,641.6300049,434010000
1996-05-06,641.6300049,644.6400146,636.1900024,640.8099976,375820000
1996-05-07,640.8099976,641.4000244,636.960022,638.2600098,410770000
1996-05-08,638.2600098,644.789978,630.0700073,644.7700195,495460000
1996-05-09,644.7700195,647.9500122,643.1799927,645.4400024,404310000
1996-05-10,645.4400024,653.0,645.4400024,652.0900269,428370000
1996-05-13,652.0900269,662.1599731,652.0900269,661.5100098,394180000
1996-05-14,661.5100098,666.960022,661.5100098,665.5999756,460440000
1996-05-15,665.5999756,669.8200073,664.460022,665.4199829,447790000
1996-05-16,665.4199829,667.1099854,662.789978,664.8499756,392070000
1996-05-17,664.8499756,669.8400269,664.8499756,668.9099731,429140000
1996-05-20,668.9099731,673.6599731,667.6400146,673.1500244,385000000
1996-05-21,673.1500244,675.5599976,672.2600098,672.7600098,409610000
1996-05-22,672.7600098,678.4199829,671.2299805,678.4199829,423670000
1996-05-23,678.4199829,681.0999756,673.4500122,676.0,431850000
1996-05-24,676.0,679.7199707,676.0,678.5100098,329150000
1996-05-28,678.5100098,679.9799805,671.5200195,672.2299805,341480000
1996-05-29,672.2299805,673.7299805,666.0900269,667.9299927,346730000
1996-05-30,667.9299927,673.5100098,664.5599976,671.7000122,381960000
1996-05-31,671.7000122,673.460022,667.0,669.1199951,351750000
1996-06-03,669.1199951,669.1199951,665.1900024,667.6799927,318470000
1996-06-04,667.6799927,672.5999756,667.6799927,672.5599976,386040000
1996-06-05,672.5599976,678.4500122,672.0900269,678.4400024,380360000
1996-06-06,678.4400024,680.3200073,673.0200195,673.0300293,466940000
1996-06-07,673.0300293,673.3099976,662.4799805,673.3099976,445710000
1996-06-10,673.3099976,673.6099854,670.1500244,672.1599731,337480000
1996-06-11,672.1599731,676.7199707,669.9400024,670.9699707,405390000
1996-06-12,670.9699707,673.6699829,668.7700195,669.039978,397190000
1996-06-13,669.039978,670.539978,665.4899902,667.9199829,397620000
1996-06-14,667.9199829,668.4000244,664.3499756,665.8499756,390630000
1996-06-17,665.8499756,668.2700195,664.0900269,665.1599731,298410000
1996-06-18,665.1599731,666.3599854,661.3400269,662.0599976,373290000
1996-06-19,662.0599976,665.6199951,661.210022,661.960022,383610000
1996-06-20,661.960022,664.960022,658.75,662.0999756,441060000
1996-06-21,662.0999756,666.8400269,662.0999756,666.8400269,520340000
1996-06-24,666.8400269,671.0700073,666.8400269,668.8499756,333840000
1996-06-25,668.8499756,670.6500244,667.289978,668.4799805,391900000
1996-06-26,668.4799805,668.4899902,663.6699829,664.3900146,386520000
1996-06-27,664.3900146,668.9000244,661.5599976,668.5499878,405580000
1996-06-28,668.5499878,672.6799927,668.5499878,670.6300049,470460000
1996-07-01,670.6300049,675.8800049,670.6300049,675.8800049,345750000
1996-07-02,675.8800049,675.8800049,672.5499878,673.6099854,388000000
1996-07-03,673.6099854,673.6400146,670.210022,672.4000244,336260000
1996-07-05,672.4000244,672.4000244,657.4099731,657.4400024,181470000
1996-07-08,657.4400024,657.6500244,651.1300049,652.539978,367560000
1996-07-09,652.539978,656.5999756,652.539978,654.75,400170000
1996-07-10,654.75,656.2700195,648.3900146,656.0599976,421350000
1996-07-11,656.0599976,656.0599976,639.5200195,645.6699829,520470000
1996-07-12,645.6699829,647.6400146,640.210022,646.1900024,396740000
1996-07-15,646.1900024,646.1900024,629.6900024,629.7999878,419020000
1996-07-16,629.7999878,631.9899902,605.8800049,628.3699951,682980000
1996-07-17,628.3699951,636.6099854,628.3699951,634.0700073,513830000
1996-07-18,634.0700073,644.4400024,633.289978,643.5599976,474460000
1996-07-19,643.5100098,643.5100098,635.5,638.7299805,408070000
1996-07-22,638.7299805,638.7299805,630.3800049,633.7700195,327300000
1996-07-23,633.789978,637.7000122,625.6500244,626.8699951,421900000
1996-07-24,626.1900024,629.0999756,616.4299927,626.6500244,463030000
1996-07-25,626.6500244,633.5700073,626.6500244,631.1699829,405390000
1996-07-26,631.1699829,636.2299805,631.1699829,635.9000244,349900000
1996-07-29,635.9000244,635.9000244,630.9000244,630.9099731,281560000
1996-07-30,630.9099731,635.2600098,629.2199707,635.2600098,341090000
1996-07-31,635.2600098,640.539978,633.7399902,639.9500122,403560000
1996-08-01,639.9500122,650.6599731,639.4899902,650.0200195,439110000
1996-08-02,650.0200195,662.4899902,650.0200195,662.4899902,442080000
1996-08-05,662.4899902,663.6400146,659.0300293,660.2299805,307240000
1996-08-06,660.2299805,662.75,656.8300171,662.3800049,347290000
1996-08-07,662.3800049,664.6099854,660.0,664.1599731,394340000
1996-08-08,664.1599731,664.1699829,661.2800293,662.5900269,334570000
1996-08-09,662.5900269,665.3699951,660.3099976,662.0999756,327280000
1996-08-12,662.0999756,665.7700195,658.9500122,665.7700195,312170000
1996-08-13,665.7700195,665.7700195,659.1300049,660.2000122,362470000
1996-08-14,660.2000122,662.4199829,658.4699707,662.0499878,343460000
1996-08-15,662.0499878,664.1799927,660.6400146,662.2800293,323950000
1996-08-16,662.2800293,666.3400269,662.2600098,665.210022,337650000
1996-08-19,665.210022,667.1199951,665.0,666.5800171,294080000
1996-08-20,666.5800171,666.9899902,665.1500244,665.6900024,334960000
1996-08-21,665.6900024,665.6900024,662.1599731,665.0700073,348820000
1996-08-22,665.0700073,670.6799927,664.8800049,670.6799927,354950000
1996-08-23,670.6799927,670.6799927,664.9299927,667.0300293,308010000
1996-08-26,667.0300293,667.0300293,662.3599854,663.8800049,281430000
1996-08-27,663.8800049,666.4000244,663.5,666.4000244,310520000
1996-08-28,666.4000244,667.4099731,664.3900146,664.8099976,296440000
1996-08-29,664.8099976,664.8099976,655.3499756,657.4000244,321120000
1996-08-30,657.4000244,657.710022,650.5200195,651.9899902,258380000
1996-09-03,651.9899902,655.1300049,643.9699707,654.7199707,345740000
1996-09-04,654.7199707,655.8200073,652.9299927,655.6099854,351290000
1996-09-05,655.6099854,655.6099854,648.8900146,649.4400024,361430000
1996-09-06,649.4400024,658.210022,649.4400024,655.6799927,348710000
1996-09-09,655.6799927,663.7700195,655.6799927,663.7600098,311530000
1996-09-10,663.7600098,665.5700073,661.5499878,663.8099976,372960000
1996-09-11,663.8099976,667.7299805,661.789978,667.2800293,376880000
1996-09-12,667.2800293,673.0700073,667.2800293,671.1500244,398820000
1996-09-13,671.1500244,681.3900146,671.1500244,680.539978,488360000
1996-09-16,680.539978,686.4799805,680.5300293,683.9799805,430080000
1996-09-17,683.9799805,685.7999878,679.960022,682.9400024,449850000
1996-09-18,682.9400024,683.7700195,679.75,681.4699707,396600000
1996-09-19,681.4699707,684.0700073,679.0599976,683.0,398580000
1996-09-20,683.0,687.0700073,683.0,687.0300293,519420000
1996-09-23,687.0300293,687.0300293,681.0100098,686.4799805,297760000
1996-09-24,686.4799805,690.8800049,683.539978,685.6099854,460150000
1996-09-25,685.6099854,688.2600098,684.9199829,685.8300171,451710000
1996-09-26,685.8300171,690.1500244,683.7700195,685.8599854,500870000
1996-09-27,685.8599854,687.1099854,683.7299805,686.1900024,414760000
1996-09-30,686.1900024,690.1099854,686.0300293,687.3300171,388570000
1996-10-01,687.3099976,689.539978,684.4400024,689.0800171,421550000
1996-10-02,689.0800171,694.8200073,689.0800171,694.0100098,440130000
1996-10-03,694.0100098,694.8099976,691.7800293,692.7800293,386500000
1996-10-04,692.7800293,701.7399902,692.7800293,701.460022,463940000
1996-10-07,701.460022,704.1699829,701.3900146,703.3400269,380750000
1996-10-08,703.3400269,705.7600098,699.8800049,700.6400146,435070000
1996-10-09,700.6400146,702.3599854,694.4199829,696.7399902,408450000
1996-10-10,696.7399902,696.8200073,693.3400269,694.6099854,394950000
1996-10-11,694.6099854,700.6699829,694.6099854,700.6599731,396050000
1996-10-14,700.6599731,705.1599731,700.6599731,703.539978,322000000
1996-10-15,703.539978,708.0700073,699.0700073,702.5700073,458980000
1996-10-16,702.5700073,704.4199829,699.1500244,704.4099731,441410000
1996-10-17,705.0,708.5200195,704.7600098,706.9899902,478550000
1996-10-18,706.9899902,711.039978,706.1099854,710.8200073,473020000
1996-10-21,710.8200073,714.0999756,707.710022,709.8499756,414630000
1996-10-22,709.8499756,709.8499756,704.5499878,706.5700073,410790000
1996-10-23,706.5700073,707.3099976,700.9799805,707.2700195,442170000
1996-10-24,707.2700195,708.25,702.1099854,702.289978,418970000
1996-10-25,702.289978,704.1099854,700.5300293,700.9199829,367640000
1996-10-28,700.9199829,705.4000244,697.25,697.2600098,383620000
1996-10-29,697.2600098,703.25,696.2199707,701.5,443890000
1996-10-30,701.5,703.4400024,700.0499878,700.9000244,437770000
1996-10-31,700.9000244,706.6099854,700.3499756,705.2700195,482840000
1996-11-01,705.2700195,708.5999756,701.2999878,703.7700195,465510000
1996-11-04,703.7700195,707.0200195,702.8400269,706.7299805,398790000
1996-11-05,706.7299805,714.5599976,706.7299805,714.1400146,486660000
1996-11-06,714.1400146,724.5999756,712.8300171,724.5900269,509600000
1996-11-07,724.5900269,729.4899902,722.2299805,727.6500244,502530000
1996-11-08,727.6500244,730.8200073,725.2199707,730.8200073,402320000
1996-11-11,730.8200073,732.5999756,729.9400024,731.8699951,353960000
1996-11-12,731.8699951,733.039978,728.2000122,729.5599976,471740000
1996-11-13,729.5599976,732.1099854,728.0300293,731.1300049,429840000
1996-11-14,731.1300049,735.9899902,729.2000122,735.8800049,480350000
1996-11-15,735.8800049,741.9199829,735.1500244,737.6199951,529100000
1996-11-18,737.6199951,739.2399902,734.3900146,737.0200195,388520000
1996-11-19,737.0200195,742.1799927,736.8699951,742.1599731,461980000
1996-11-20,742.1599731,746.9899902,740.4000244,743.9500122,497900000
1996-11-21,743.9500122,745.2000122,741.0800171,742.75,464430000
1996-11-22,742.75,748.7299805,742.75,748.7299805,525210000
1996-11-25,748.7299805,757.0499878,747.9899902,757.0300293,475260000
1996-11-26,757.0300293,762.1199951,752.8300171,755.960022,527380000
1996-11-27,755.960022,757.2999878,753.1799927,755.0,377780000
1996-11-29,755.0,758.2700195,755.0,757.0200195,14990000
1996-12-02,757.0200195,757.0300293,751.4899902,756.5599976,412520000
1996-12-03,756.5599976,761.75,747.5800171,748.2800293,516160000
1996-12-04,748.2800293,748.4000244,738.460022,745.0999756,498240000
1996-12-05,745.0999756,747.6500244,742.6099854,744.3800049,483710000
1996-12-06,744.3800049,744.3800049,726.8900146,739.5999756,500860000
1996-12-09,739.5999756,749.7600098,739.5999756,749.7600098,381570000
1996-12-10,749.7600098,753.4299927,747.0200195,747.539978,446120000
1996-12-11,747.539978,747.539978,732.75,740.7299805,494210000
1996-12-12,740.7299805,744.8599854,729.2999878,729.2999878,492920000
1996-12-13,729.3300171,731.4000244,721.9699707,728.6400146,458540000
1996-12-16,728.6400146,732.6799927,719.4000244,720.9799805,447560000
1996-12-17,720.9799805,727.6699829,716.6900024,726.039978,519840000
1996-12-18,726.039978,732.7600098,726.039978,731.539978,500490000
1996-12-19,731.539978,746.0599976,731.539978,745.7600098,526410000
1996-12-20,745.7600098,755.4099731,745.7600098,748.8699951,654340000
1996-12-23,748.8699951,750.4000244,743.2800293,746.9199829,343280000
1996-12-24,746.9199829,751.0300293,746.9199829,751.0300293,165140000
1996-12-26,751.0300293,757.0700073,751.0200195,755.8200073,254630000
1996-12-27,755.8200073,758.75,754.8200073,756.789978,253810000
1996-12-30,756.789978,759.2000122,752.7299805,753.8499756,339060000
1996-12-31,753.8499756,753.9500122,740.7399902,740.7399902,399760000
1997-01-02,740.7399902,742.8099976,729.5499878,737.0100098,463230000
1997-01-03,737.0100098,748.2399902,737.0100098,748.0300293,452970000
1997-01-06,748.0300293,753.3099976,743.8200073,747.6500244,531350000
1997-01-07,747.6500244,753.2600098,742.1799927,753.2299805,538220000
1997-01-08,753.2299805,755.7199707,747.710022,748.4099731,557510000
1997-01-09,748.4099731,757.6799927,748.4099731,754.8499756,555370000
1997-01-10,754.8499756,759.6500244,746.9199829,759.5,545850000
1997-01-13,759.5,762.8499756,756.6900024,759.5100098,445400000
1997-01-14,759.5100098,772.039978,759.5100098,768.8599854,531600000
1997-01-15,768.8599854,770.9500122,763.7199707,767.2000122,524990000
1997-01-16,767.2000122,772.0499878,765.25,769.75,537290000
1997-01-17,769.75,776.3699951,769.7199707,776.1699829,534640000
1997-01-20,776.1699829,780.0800171,774.1900024,776.7000122,440470000
1997-01-21,776.7000122,783.7199707,772.0,782.7199707,571280000
1997-01-22,782.7199707,786.2299805,779.5599976,786.2299805,589230000
1997-01-23,786.2299805,794.6699829,776.6400146,777.5599976,685070000
1997-01-24,777.5599976,778.210022,768.1699829,770.5200195,542920000
1997-01-27,770.5200195,771.4299927,764.1799927,765.0200195,445760000
1997-01-28,765.0200195,776.3200073,761.75,765.0200195,541580000
1997-01-29,765.0200195,772.7000122,765.0200195,772.5,498390000
1997-01-30,772.5,784.1699829,772.5,784.1699829,524160000
1997-01-31,784.1699829,791.8599854,784.1699829,786.1599731,578550000
1997-02-03,786.1599731,787.1400146,783.1199951,786.7299805,463600000
1997-02-04,786.7299805,789.2800293,783.6799927,789.2600098,506530000
1997-02-05,789.2600098,792.710022,773.4299927,778.2800293,580520000
1997-02-06,778.2800293,780.3499756,774.4500122,780.1500244,519660000
1997-02-07,780.1500244,789.7199707,778.1900024,789.5599976,540910000
1997-02-10,789.5599976,793.460022,784.6900024,785.4299927,471590000
1997-02-11,785.4299927,789.5999756,780.9500122,789.5900269,483090000
1997-02-12,789.5900269,802.7700195,789.5900269,802.7700195,563890000
1997-02-13,802.7700195,812.9299927,802.7700195,811.8200073,593710000
1997-02-14,811.8200073,812.2000122,808.1500244,808.4799805,491540000
1997-02-18,808.4799805,816.289978,806.3400269,816.289978,474110000
1997-02-19,816.289978,817.6799927,811.2000122,812.4899902,519350000
1997-02-20,812.4899902,812.4899902,800.3499756,802.7999878,492220000
1997-02-21,802.7999878,804.9400024,799.9899902,801.7700195,478450000
1997-02-24,801.7700195,810.6400146,798.4199829,810.2800293,462450000
1997-02-25,810.2800293,812.8499756,807.6500244,812.0300293,527450000
1997-02-26,812.0999756,812.7000122,798.1300049,805.6799927,573920000
1997-02-27,805.6799927,805.6799927,795.0599976,795.0700073,464660000
1997-02-28,795.0700073,795.7000122,788.5,790.8200073,508280000
1997-03-03,790.8200073,795.3099976,785.6599731,795.3099976,437220000
1997-03-04,795.3099976,798.9299927,789.9799805,790.9500122,537890000
1997-03-05,790.9500122,801.9899902,790.9500122,801.9899902,532500000
1997-03-06,801.9899902,804.1099854,797.5,798.5599976,540310000
1997-03-07,798.5599976,808.1900024,798.5599976,804.9699707,508270000
1997-03-10,804.9699707,813.6599731,803.6599731,813.6500244,468780000
1997-03-11,813.6500244,814.9000244,810.7700195,811.3400269,493250000
1997-03-12,811.3400269,811.3400269,801.0700073,804.2600098,490200000
1997-03-13,804.2600098,804.2600098,789.4400024,789.5599976,507560000
1997-03-14,789.5599976,796.8800049,789.5599976,793.1699829,491540000
1997-03-17,793.1699829,796.2800293,782.9799805,795.710022,495260000
1997-03-18,795.710022,797.1799927,785.4699707,789.6599731,467330000
1997-03-19,789.6599731,791.5900269,780.0300293,785.7700195,535580000
1997-03-20,785.7700195,786.289978,778.039978,782.6500244,497480000
1997-03-21,782.6500244,786.4400024,782.6500244,784.0999756,638760000
1997-03-24,784.0999756,791.0100098,780.789978,790.8900146,451970000
1997-03-25,790.8900146,798.1099854,788.3900146,789.0700073,487520000
1997-03-26,789.0700073,794.8900146,786.7700195,790.5,506670000
1997-03-27,790.5,792.5800171,767.3200073,773.8800049,476790000
1997-03-31,773.8800049,773.8800049,756.1300049,757.1199951,555880000
1997-04-01,757.1199951,761.4899902,751.2600098,759.6400146,515770000
1997-04-02,759.6400146,759.6500244,747.5900269,750.1099854,478210000
1997-04-03,750.1099854,751.039978,744.4000244,750.3200073,498010000
1997-04-04,750.3200073,757.9000244,744.039978,757.9000244,544580000
1997-04-07,757.9000244,764.8200073,757.9000244,762.1300049,453790000
1997-04-08,762.1300049,766.25,758.3599854,766.1199951,450790000
1997-04-09,766.1199951,769.5300293,759.1500244,760.5999756,451500000
1997-04-10,760.5999756,763.7299805,757.6500244,758.3400269,421790000
1997-04-11,758.3400269,758.3400269,737.6400146,737.6500244,444380000
1997-04-14,737.6500244,743.7299805,733.539978,743.7299805,406800000
1997-04-15,743.7299805,754.7199707,743.7299805,754.7199707,507370000
1997-04-16,754.7199707,763.5300293,751.9899902,763.5300293,498820000
1997-04-17,763.5300293,768.5499878,760.4899902,761.7700195,503760000
1997-04-18,761.7700195,767.9299927,761.7700195,766.3400269,468940000
1997-04-21,766.3400269,767.3900146,756.3800049,760.3699951,397300000
1997-04-22,760.3699951,774.6400146,759.9000244,774.6099854,507500000
1997-04-23,774.6099854,778.1900024,771.9000244,773.6400146,489350000
1997-04-24,773.6400146,779.8900146,769.7199707,771.1799927,493640000
1997-04-25,771.1799927,771.1799927,764.6300049,765.3699951,414350000
1997-04-28,765.3699951,773.8900146,763.2999878,772.960022,404470000
1997-04-29,772.960022,794.4400024,772.960022,794.0499878,547690000
1997-04-30,794.0499878,804.1300049,791.210022,801.3400269,556070000
1997-05-01,801.3400269,802.9500122,793.210022,798.5300293,460380000
1997-05-02,798.5300293,812.9899902,798.5300293,812.9699707,499770000
1997-05-05,812.9699707,830.289978,811.7999878,830.289978,549410000
1997-05-06,830.2399902,832.289978,824.7000122,827.7600098,603680000
1997-05-07,827.7600098,827.7600098,814.7000122,815.6199951,500580000
1997-05-08,815.6199951,829.0900269,811.8400269,820.2600098,534120000
1997-05-09,820.2600098,827.6900024,815.7800293,824.7800293,455690000
1997-05-12,824.7800293,838.5599976,824.7800293,837.6599731,459370000
1997-05-13,837.6599731,838.4899902,829.1199951,833.1300049,489760000
1997-05-14,833.1300049,841.289978,833.1300049,836.039978,504960000
1997-05-15,836.039978,842.4500122,833.3400269,841.8800049,458170000
1997-05-16,841.8800049,841.8800049,829.1500244,829.75,486780000
1997-05-19,829.75,835.9199829,828.8699951,833.2700195,345140000
1997-05-20,833.2700195,841.960022,826.4099731,841.6599731,450850000
1997-05-21,841.6599731,846.8699951,835.2199707,839.3499756,540730000
1997-05-22,839.3499756,841.9099731,833.8599854,835.6599731,426940000
1997-05-23,835.6599731,848.4899902,835.6599731,847.0300293,417030000
1997-05-27,847.0300293,851.5300293,840.960022,849.710022,436150000
1997-05-28,849.710022,850.9500122,843.210022,847.210022,487340000
1997-05-29,847.210022,848.960022,842.6099854,844.0800171,462600000
1997-05-30,844.0800171,851.8699951,831.8699951,848.2800293,537200000
1997-06-02,848.2800293,851.3400269,844.6099854,846.3599854,435950000
1997-06-03,846.3599854,850.5599976,841.5100098,845.4799805,527120000
1997-06-04,845.4799805,845.5499878,838.8200073,840.1099854,466690000
1997-06-05,840.1099854,848.8900146,840.1099854,843.4299927,452610000
1997-06-06,843.4299927,859.2399902,843.3599854,858.0100098,488940000
1997-06-09,858.0100098,865.1400146,858.0100098,862.9099731,465810000
1997-06-10,862.9099731,870.0499878,862.1799927,865.2700195,526980000
1997-06-11,865.2700195,870.6599731,865.1500244,869.5700073,513740000
1997-06-12,869.5700073,884.3400269,869.0100098,883.460022,592730000
1997-06-13,883.4799805,894.6900024,883.4799805,893.2700195,575810000
1997-06-16,893.2700195,895.1699829,891.210022,893.9000244,414280000
1997-06-17,893.9000244,897.5999756,886.1900024,894.4199829,543010000
1997-06-18,894.4199829,894.4199829,887.0300293,889.0599976,491740000
1997-06-19,889.0599976,900.0900269,888.9899902,897.9899902,536940000
1997-06-20,897.9899902,901.7700195,897.7700195,898.7000122,653110000
1997-06-23,898.7000122,898.7000122,878.4299927,878.6199951,492940000
1997-06-24,878.6199951,896.75,878.6199951,896.3400269,542650000
1997-06-25,896.3400269,902.0900269,882.2399902,888.9899902,603040000
1997-06-26,888.9899902,893.210022,879.3200073,883.6799927,499780000
1997-06-27,883.6799927,894.7000122,883.6799927,887.2999878,472540000
1997-06-30,887.2999878,892.6199951,879.8200073,885.1400146,561540000
1997-07-01,885.1400146,893.8800049,884.539978,891.0300293,544190000
1997-07-02,891.0300293,904.0499878,891.0300293,904.0300293,526970000
1997-07-03,904.0300293,917.8200073,904.0300293,916.9199829,374680000
1997-07-07,916.9199829,923.2600098,909.6900024,912.2000122,518780000
1997-07-08,912.2000122,918.7600098,911.5599976,918.75,526010000
1997-07-09,918.75,922.0300293,902.4799805,907.539978,589110000
1997-07-10,907.539978,916.539978,904.3099976,913.7800293,551340000
1997-07-11,913.7800293,919.7399902,913.1099854,916.6799927,500050000
1997-07-14,916.6799927,921.7800293,912.0200195,918.3800049,485960000
1997-07-15,918.3800049,926.1500244,914.5200195,925.7600098,598370000
1997-07-16,925.7600098,939.3200073,925.7600098,936.5900269,647390000
1997-07-17,936.5900269,936.960022,927.9000244,931.6099854,629250000
1997-07-18,931.6099854,931.6099854,912.9000244,915.2999878,589710000
1997-07-21,915.2999878,915.3800049,907.1199951,912.9400024,459500000
1997-07-22,912.9400024,934.3800049,912.9400024,933.9799805,579590000
1997-07-23,933.9799805,941.7999878,933.9799805,936.5599976,616930000
1997-07-24,936.5599976,941.5100098,926.9099731,940.2999878,571020000
1997-07-25,940.2999878,945.6500244,936.0900269,938.789978,521510000
1997-07-28,938.789978,942.9699707,935.1900024,936.4500122,466920000
1997-07-29,936.4500122,942.960022,932.5599976,942.289978,544540000
1997-07-30,942.289978,953.9799805,941.9799805,952.289978,568470000
1997-07-31,952.289978,957.7299805,948.8900146,954.3099976,547830000
1997-08-01,954.289978,955.3499756,939.039978,947.1400146,513750000
1997-08-04,947.1400146,953.1799927,943.5999756,950.2999878,456000000
1997-08-05,950.2999878,954.210022,948.9199829,952.3699951,525710000
1997-08-06,952.3699951,962.4299927,949.4500122,960.3200073,565200000
1997-08-07,960.3200073,964.1699829,950.8699951,951.1900024,576030000
1997-08-08,951.1900024,951.1900024,925.7399902,933.539978,563420000
1997-08-11,933.539978,938.5,925.3900146,937.0,480340000
1997-08-12,937.0,942.9899902,925.6599731,926.5300293,499310000
1997-08-13,926.5300293,935.7700195,916.539978,922.0200195,587210000
1997-08-14,922.0200195,930.0700073,916.9199829,924.7700195,530460000
1997-08-15,924.7700195,924.7700195,900.8099976,900.8099976,537820000
1997-08-18,900.8099976,912.5700073,893.3400269,912.4899902,514330000
1997-08-19,912.4899902,926.0100098,912.4899902,926.0100098,545630000
1997-08-20,926.0100098,939.3499756,924.5800171,939.3499756,521270000
1997-08-21,939.3499756,939.4699707,921.3499756,925.0499878,499000000
1997-08-22,925.0499878,925.0499878,905.4199829,923.539978,460160000
1997-08-25,923.5499878,930.9299927,917.289978,920.1599731,388990000
1997-08-26,920.1599731,922.4699707,911.7199707,913.0200195,449110000
1997-08-27,913.0200195,916.2299805,903.8300171,913.7000122,492150000
1997-08-28,913.7000122,915.9000244,898.6500244,903.6699829,486300000
1997-08-29,903.6699829,907.2800293,896.8200073,899.4699707,413910000
1997-09-02,899.4699707,927.5800171,899.4699707,927.5800171,491870000
1997-09-03,927.5800171,935.9000244,926.8699951,927.8599854,549060000
1997-09-04,927.8599854,933.3599854,925.5900269,930.8699951,559310000
1997-09-05,930.8699951,940.3699951,924.0499878,929.0499878,536400000
1997-09-08,929.0499878,936.5,929.0499878,931.2000122,466430000
1997-09-09,931.2000122,938.9000244,927.2800293,933.6199951,502200000
1997-09-10,933.6199951,933.6199951,918.7600098,919.0300293,517620000
1997-09-11,919.0300293,919.0300293,902.5599976,912.5900269,575020000
1997-09-12,912.5900269,925.0499878,906.7000122,923.9099731,544150000
1997-09-15,923.9099731,928.9000244,919.4099731,919.7700195,468030000
1997-09-16,919.7700195,947.6599731,919.7700195,945.6400146,636380000
1997-09-17,945.6400146,950.289978,941.9899902,943.0,590550000
1997-09-18,943.0,958.1900024,943.0,947.289978,566830000
1997-09-19,947.289978,952.3499756,943.9000244,950.5100098,631040000
1997-09-22,950.5100098,960.5900269,950.5100098,955.4299927,490900000
1997-09-23,955.4299927,955.7800293,948.0700073,951.9299927,522930000
1997-09-24,951.9299927,959.7800293,944.0700073,944.4799805,639460000
1997-09-25,944.4799805,947.0,937.3800049,937.9099731,524880000
1997-09-26,937.9099731,946.4400024,937.9099731,945.2199707,505340000
1997-09-29,945.2199707,953.960022,941.9400024,953.3400269,477100000
1997-09-30,953.3400269,955.1699829,947.2800293,947.2800293,587500000
1997-10-01,947.2800293,956.710022,947.2800293,955.4099731,598660000
1997-10-02,955.4099731,960.460022,952.9400024,960.460022,474760000
1997-10-03,960.460022,975.4699707,955.1300049,965.0300293,623370000
1997-10-06,965.0300293,974.1599731,965.0300293,972.6900024,495620000
1997-10-07,972.6900024,983.1199951,971.9500122,983.1199951,551970000
1997-10-08,983.1199951,983.1199951,968.6500244,973.8400269,573110000
1997-10-09,973.8400269,974.7199707,963.3400269,970.6199951,551840000
1997-10-10,970.6199951,970.6199951,963.4199829,966.9799805,500680000
1997-10-13,966.9799805,973.460022,966.9500122,968.0999756,354800000
1997-10-14,968.0999756,972.8599854,961.8699951,970.2800293,510330000
1997-10-15,970.2800293,970.2800293,962.75,965.7199707,505310000
1997-10-16,965.7199707,973.3800049,950.7700195,955.25,597010000
1997-10-17,955.2299805,955.2299805,931.5800171,944.1599731,624980000
1997-10-20,944.1599731,955.7199707,941.4299927,955.6099854,483880000
1997-10-21,955.6099854,972.5599976,955.6099854,972.2800293,582310000
1997-10-22,972.2800293,972.6099854,965.6599731,968.4899902,613490000
1997-10-23,968.4899902,968.4899902,944.1599731,950.6900024,673270000
1997-10-24,950.6900024,960.039978,937.5499878,941.6400146,677630000
1997-10-27,941.6400146,941.6400146,876.7299805,876.9899902,693730000
1997-10-28,876.9899902,923.0900269,855.2700195,921.8499756,1202550000
1997-10-29,921.8499756,935.2399902,913.8800049,919.1599731,777660000
1997-10-30,919.1599731,923.2800293,903.6799927,903.6799927,712230000
1997-10-31,903.6799927,919.9299927,903.6799927,914.6199951,638070000
1997-11-03,914.6199951,939.0200195,914.6199951,938.9899902,564740000
1997-11-04,938.9899902,941.4000244,932.6599731,940.7600098,541590000
1997-11-05,940.7600098,949.6199951,938.1599731,942.7600098,565680000
1997-11-06,942.7600098,942.8499756,934.1599731,938.0300293,522890000
1997-11-07,938.0300293,938.0300293,915.3900146,927.5100098,569980000
1997-11-10,927.5100098,935.9000244,920.2600098,921.1300049,464140000
1997-11-11,921.1300049,928.289978,919.6300049,923.7800293,435660000
1997-11-12,923.7800293,923.8800049,905.3400269,905.960022,585340000
1997-11-13,905.960022,917.789978,900.6099854,916.6599731,653960000
1997-11-14,916.6599731,930.4400024,915.3400269,928.3499756,635760000
1997-11-17,928.3499756,949.6599731,928.3499756,946.2000122,576540000
1997-11-18,946.2000122,947.6500244,937.4299927,938.2299805,521380000
1997-11-19,938.2299805,947.2800293,934.8300171,944.5900269,542720000
1997-11-20,944.5900269,961.8300171,944.5900269,958.9799805,602610000
1997-11-21,958.9799805,964.5499878,954.5999756,963.0900269,611000000
1997-11-24,963.0900269,963.0900269,945.2199707,946.6699829,514920000
1997-11-25,946.6699829,954.4699707,944.710022,950.8200073,587890000
1997-11-26,950.8200073,956.4699707,950.8200073,951.6400146,487750000
1997-11-28,951.6400146,959.1300049,951.6400146,955.4000244,189070000
1997-12-01,955.4000244,974.7700195,955.4000244,974.7700195,590300000
1997-12-02,974.7800293,976.2000122,969.8300171,971.6799927,576120000
1997-12-03,971.6799927,980.8099976,966.1599731,976.7700195,624610000
1997-12-04,976.7700195,983.3599854,971.3699951,973.0999756,633470000
1997-12-05,973.0999756,986.25,969.0999756,983.789978,563590000
1997-12-08,983.789978,985.6699829,979.5700073,982.3699951,490320000
1997-12-09,982.3699951,982.3699951,973.8099976,975.7800293,539130000
1997-12-10,975.7800293,975.7800293,962.6799927,969.789978,602290000
1997-12-11,969.789978,969.789978,951.8900146,954.9400024,631770000
1997-12-12,954.9400024,961.3200073,947.0,953.3900146,579280000
1997-12-15,953.3900146,965.960022,953.3900146,963.3900146,597150000
1997-12-16,963.3900146,973.0,963.3900146,968.039978,623320000
1997-12-17,968.039978,974.2999878,964.25,965.539978,618900000
1997-12-18,965.539978,965.539978,950.5499878,955.2999878,618870000
1997-12-19,955.2999878,955.2999878,924.9199829,946.7800293,793200000
1997-12-22,946.7800293,956.7299805,946.25,953.7000122,530670000
1997-12-23,953.7000122,954.5100098,938.9099731,939.1300049,515070000
1997-12-24,939.1300049,942.8800049,932.7000122,932.7000122,265980000
1997-12-26,932.7000122,939.9899902,932.7000122,936.460022,154900000
1997-12-29,936.460022,953.9500122,936.460022,953.3499756,443160000
1997-12-30,953.3499756,970.8400269,953.3499756,970.8400269,499500000
1997-12-31,970.8400269,975.0200195,967.4099731,970.4299927,467280000
1998-01-02,970.4299927,975.039978,965.7299805,975.039978,366730000
1998-01-05,975.039978,982.6300049,969.0,977.0700073,628070000
1998-01-06,977.0700073,977.0700073,962.6799927,966.5800171,618360000
1998-01-07,966.5800171,966.5800171,952.6699829,964.0,667390000
1998-01-08,964.0,964.0,955.039978,956.0499878,652140000
1998-01-09,956.0499878,956.0499878,921.7199707,927.6900024,746420000
1998-01-12,927.6900024,939.25,912.8300171,939.210022,705450000
1998-01-13,939.210022,952.1400146,939.210022,952.1199951,646740000
1998-01-14,952.1199951,958.1199951,948.0,957.9400024,603280000
1998-01-15,957.9400024,957.9400024,950.2700195,950.7299805,569050000
1998-01-16,950.7299805,965.1199951,950.7299805,961.5100098,670080000
1998-01-20,961.5100098,978.5999756,961.4799805,978.5999756,644790000
1998-01-21,978.5999756,978.5999756,963.289978,970.8099976,626160000
1998-01-22,970.8099976,970.8099976,959.4899902,963.039978,646570000
1998-01-23,963.039978,966.4400024,950.8599854,957.5900269,635770000
1998-01-26,957.5900269,963.039978,954.2399902,956.9500122,555080000
1998-01-27,956.9500122,973.2299805,956.2600098,969.0200195,679140000
1998-01-28,969.0200195,978.6300049,969.0200195,977.460022,708470000
1998-01-29,977.460022,992.6500244,975.210022,985.4899902,750760000
1998-01-30,985.4899902,987.4099731,979.6300049,980.2800293,613380000
1998-02-02,980.2800293,1002.47998,980.2800293,1001.27002,724320000
1998-02-03,1001.27002,1006.130005,996.9000244,1006.0,692120000
1998-02-04,1006.0,1009.52002,999.4299927,1006.900024,695420000
1998-02-05,1006.900024,1013.51001,1000.27002,1003.539978,703980000
1998-02-06,1003.539978,1013.070007,1003.359985,1012.460022,569650000
1998-02-09,1012.460022,1015.330017,1006.280029,1010.73999,524810000
1998-02-10,1010.73999,1022.150024,1010.710022,1019.01001,642800000
1998-02-11,1019.01001,1020.710022,1016.380005,1020.01001,599300000
1998-02-12,1020.01001,1026.300049,1008.549988,1024.140015,611480000
1998-02-13,1024.140015,1024.140015,1017.710022,1020.090027,531940000
1998-02-17,1020.090027,1028.02002,1020.090027,1022.76001,605890000
1998-02-18,1022.76001,1032.079956,1021.700012,1032.079956,606000000
1998-02-19,1032.079956,1032.930054,1026.619995,1028.280029,581820000
1998-02-20,1028.280029,1034.209961,1022.690002,1034.209961,594300000
1998-02-23,1034.209961,1038.680054,1031.76001,1038.140015,550730000
1998-02-24,1038.140015,1038.72998,1028.890015,1030.560059,589880000
1998-02-25,1030.560059,1045.790039,1030.560059,1042.900024,611350000
1998-02-26,1042.900024,1048.680054,1039.849976,1048.670044,646280000
1998-02-27,1048.670044,1051.660034,1044.400024,1049.339966,574480000
1998-03-02,1049.339966,1053.97998,1044.699951,1047.699951,591470000
1998-03-03,1047.699951,1052.02002,1043.410034,1052.02002,612360000
1998-03-04,1052.02002,1052.02002,1042.73999,1047.329956,644280000
1998-03-05,1047.329956,1047.329956,1030.869995,1035.050049,648270000
1998-03-06,1035.050049,1055.689941,1035.050049,1055.689941,665500000
1998-03-09,1055.689941,1058.550049,1050.02002,1052.310059,624700000
1998-03-10,1052.310059,1064.589966,1052.310059,1064.25,631920000
1998-03-11,1064.25,1069.180054,1064.219971,1068.469971,655260000
1998-03-12,1068.469971,1071.869995,1063.540039,1069.920044,594940000
1998-03-13,1069.920044,1075.859985,1066.569946,1068.609985,597800000
1998-03-16,1068.609985,1079.459961,1068.609985,1079.27002,548980000
1998-03-17,1079.27002,1080.52002,1073.290039,1080.449951,680960000
1998-03-18,1080.449951,1085.52002,1077.77002,1085.52002,632690000
1998-03-19,1085.52002,1089.73999,1084.300049,1089.73999,598240000
1998-03-20,1089.73999,1101.040039,1089.390015,1099.160034,717310000
1998-03-23,1099.160034,1101.160034,1094.25,1095.550049,631350000
1998-03-24,1095.550049,1106.75,1095.550049,1105.650024,605720000
1998-03-25,1105.650024,1113.069946,1092.839966,1101.930054,676550000
1998-03-26,1101.930054,1106.280029,1097.0,1100.800049,606770000
1998-03-27,1100.800049,1107.180054,1091.140015,1095.439941,582190000
1998-03-30,1095.439941,1099.099976,1090.02002,1093.599976,497400000
1998-03-31,1093.550049,1110.130005,1093.550049,1101.75,674930000
1998-04-01,1101.75,1109.189941,1095.290039,1108.150024,677310000
1998-04-02,1108.150024,1121.01001,1107.890015,1120.01001,674340000
1998-04-03,1120.01001,1126.359985,1118.119995,1122.699951,653880000
1998-04-06,1122.699951,1131.98999,1121.369995,1121.380005,625810000
1998-04-07,1121.380005,1121.380005,1102.439941,1109.550049,670760000
1998-04-08,1109.550049,1111.599976,1098.209961,1101.650024,616330000
1998-04-09,1101.650024,1111.449951,1101.650024,1110.670044,548940000
1998-04-13,1110.670044,1110.75,1100.599976,1109.689941,564480000
1998-04-14,1109.689941,1115.949951,1109.47998,1115.75,613730000
1998-04-15,1115.75,1119.900024,1112.23999,1119.319946,685020000
1998-04-16,1119.319946,1119.319946,1105.27002,1108.170044,699570000
1998-04-17,1108.170044,1122.719971,1104.949951,1122.719971,672290000
1998-04-20,1122.719971,1124.880005,1118.430054,1123.650024,595190000
1998-04-21,1123.650024,1129.650024,1119.540039,1126.670044,675640000
1998-04-22,1126.670044,1132.97998,1126.290039,1130.540039,696740000
1998-04-23,1130.540039,1130.540039,1117.48999,1119.579956,653190000
1998-04-24,1119.579956,1122.810059,1104.77002,1107.900024,633890000
1998-04-27,1107.900024,1107.900024,1076.699951,1086.540039,685960000
1998-04-28,1086.540039,1095.939941,1081.48999,1085.109985,678600000
1998-04-29,1085.109985,1098.23999,1084.650024,1094.619995,638790000
1998-04-30,1094.630005,1116.969971,1094.630005,1111.75,695600000
1998-05-01,1111.75,1121.02002,1111.75,1121.0,581970000
1998-05-04,1121.0,1130.52002,1121.0,1122.069946,551700000
1998-05-05,1122.069946,1122.069946,1111.160034,1115.5,583630000
1998-05-06,1115.5,1118.390015,1104.640015,1104.920044,606540000
1998-05-07,1104.920044,1105.579956,1094.589966,1095.140015,582240000
1998-05-08,1095.140015,1111.420044,1094.530029,1108.140015,567890000
1998-05-11,1108.140015,1119.130005,1103.719971,1106.640015,560840000
1998-05-12,1106.640015,1115.959961,1102.780029,1115.790039,604420000
1998-05-13,1115.790039,1122.219971,1114.930054,1118.859985,600010000
1998-05-14,1118.859985,1124.030029,1112.430054,1117.369995,578380000
1998-05-15,1117.369995,1118.660034,1107.109985,1108.72998,621990000
1998-05-18,1108.72998,1112.439941,1097.98999,1105.819946,519100000
1998-05-19,1105.819946,1113.5,1105.819946,1109.52002,566020000
1998-05-20,1109.52002,1119.079956,1107.51001,1119.060059,587240000
1998-05-21,1119.060059,1124.449951,1111.939941,1114.640015,551970000
1998-05-22,1114.640015,1116.890015,1107.98999,1110.469971,444070000
1998-05-26,1110.469971,1116.790039,1094.01001,1094.02002,541410000
1998-05-27,1094.02002,1094.439941,1074.390015,1092.22998,682040000
1998-05-28,1092.22998,1099.72998,1089.060059,1097.599976,588900000
1998-05-29,1097.599976,1104.160034,1090.819946,1090.819946,556780000
1998-06-01,1090.819946,1097.849976,1084.219971,1090.97998,537660000
1998-06-02,1090.97998,1098.709961,1089.670044,1093.219971,590930000
1998-06-03,1093.219971,1097.430054,1081.089966,1082.72998,584480000
1998-06-04,1082.72998,1095.930054,1078.099976,1094.829956,577470000
1998-06-05,1095.099976,1113.880005,1094.829956,1113.859985,558440000
1998-06-08,1113.859985,1119.699951,1113.310059,1115.719971,543390000
1998-06-09,1115.719971,1119.920044,1111.310059,1118.410034,563610000
1998-06-10,1118.410034,1126.0,1110.27002,1112.280029,609410000
1998-06-11,1112.280029,1114.199951,1094.280029,1094.579956,627470000
1998-06-12,1094.579956,1098.839966,1080.829956,1098.839966,633300000
1998-06-15,1098.839966,1098.839966,1077.01001,1077.01001,595820000
1998-06-16,1077.01001,1087.589966,1074.670044,1087.589966,664600000
1998-06-17,1087.589966,1112.869995,1087.579956,1107.109985,744400000
1998-06-18,1107.109985,1109.359985,1103.709961,1106.369995,590440000
1998-06-19,1106.369995,1111.25,1097.099976,1100.650024,715500000
1998-06-22,1100.650024,1109.01001,1099.420044,1103.209961,531550000
1998-06-23,1103.209961,1119.48999,1103.209961,1119.48999,657100000
1998-06-24,1119.48999,1134.400024,1115.099976,1132.880005,714900000
1998-06-25,1132.880005,1142.040039,1127.599976,1129.280029,669900000
1998-06-26,1129.280029,1136.829956,1129.280029,1133.199951,520050000
1998-06-29,1133.199951,1145.150024,1133.199951,1138.48999,564350000
1998-06-30,1138.48999,1140.800049,1131.97998,1133.839966,757200000
1998-07-01,1133.839966,1148.560059,1133.839966,1148.560059,701600000
1998-07-02,1148.560059,1148.560059,1142.98999,1146.420044,510210000
1998-07-06,1146.420044,1157.329956,1145.030029,1157.329956,514750000
1998-07-07,1157.329956,1159.810059,1152.849976,1154.660034,624890000
1998-07-08,1154.660034,1166.890015,1154.660034,1166.380005,607230000
1998-07-09,1166.380005,1166.380005,1156.030029,1158.560059,663600000
1998-07-10,1158.569946,1166.930054,1150.880005,1164.329956,576080000
1998-07-13,1164.329956,1166.97998,1160.209961,1165.189941,574880000
1998-07-14,1165.189941,1179.76001,1165.189941,1177.579956,700300000
1998-07-15,1177.579956,1181.47998,1174.72998,1174.810059,723900000
1998-07-16,1174.810059,1184.02002,1170.400024,1183.98999,677800000
1998-07-17,1183.98999,1188.099976,1182.420044,1186.75,618030000
1998-07-20,1186.75,1190.579956,1179.189941,1184.099976,560580000
1998-07-21,1184.099976,1187.369995,1163.050049,1165.069946,659700000
1998-07-22,1165.069946,1167.670044,1155.199951,1164.079956,739800000
1998-07-23,1164.079956,1164.349976,1139.75,1139.75,741600000
1998-07-24,1139.75,1150.140015,1129.109985,1140.800049,698600000
1998-07-27,1140.800049,1147.27002,1128.189941,1147.27002,619990000
1998-07-28,1147.27002,1147.27002,1119.439941,1130.23999,703600000
1998-07-29,1130.23999,1138.560059,1121.97998,1125.209961,644350000
1998-07-30,1125.209961,1143.069946,1125.209961,1142.949951,687400000
1998-07-31,1142.949951,1142.969971,1114.300049,1120.670044,645910000
1998-08-03,1120.670044,1121.790039,1110.390015,1112.439941,620400000
1998-08-04,1112.439941,1119.72998,1071.819946,1072.119995,852600000
1998-08-05,1072.119995,1084.800049,1057.349976,1081.430054,851600000
1998-08-06,1081.430054,1090.949951,1074.939941,1089.630005,768400000
1998-08-07,1089.630005,1102.540039,1084.719971,1089.449951,759100000
1998-08-10,1089.449951,1092.819946,1081.76001,1083.140015,579180000
1998-08-11,1083.140015,1083.140015,1054.0,1068.97998,774400000
1998-08-12,1068.97998,1084.699951,1068.97998,1084.219971,711700000
1998-08-13,1084.219971,1091.5,1074.910034,1074.910034,660700000
1998-08-14,1074.910034,1083.920044,1057.219971,1062.75,644030000
1998-08-17,1062.75,1083.670044,1055.079956,1083.670044,584380000
1998-08-18,1083.670044,1101.719971,1083.670044,1101.199951,690600000
1998-08-19,1101.199951,1106.319946,1094.930054,1098.060059,633630000
1998-08-20,1098.060059,1098.790039,1089.550049,1091.599976,621630000
1998-08-21,1091.599976,1091.599976,1054.920044,1081.23999,725700000
1998-08-24,1081.23999,1093.819946,1081.23999,1088.140015,558100000
1998-08-25,1088.140015,1106.640015,1085.530029,1092.849976,664900000
1998-08-26,1092.849976,1092.849976,1075.910034,1084.189941,674100000
1998-08-27,1084.189941,1084.189941,1037.609985,1042.589966,938600000
1998-08-28,1042.589966,1051.800049,1021.039978,1027.140015,840300000
1998-08-31,1027.140015,1033.469971,957.2800293,957.2800293,917500000
1998-09-01,957.2800293,1000.710022,939.9799805,994.2600098,1216600000
1998-09-02,994.2600098,1013.190002,988.4000244,990.4799805,894600000
1998-09-03,990.4699707,990.4699707,969.3200073,982.2600098,880500000
1998-09-04,982.2600098,991.4099731,956.5100098,973.8900146,780300000
1998-09-08,973.8900146,1023.460022,973.8900146,1023.460022,814800000
1998-09-09,1023.460022,1027.719971,1004.559998,1006.200012,704300000
1998-09-10,1006.200012,1006.200012,968.6400146,980.1900024,880300000
1998-09-11,980.1900024,1009.059998,969.710022,1009.059998,819100000
1998-09-14,1009.059998,1038.380005,1009.059998,1029.719971,714400000
1998-09-15,1029.719971,1037.900024,1021.419983,1037.680054,724600000
1998-09-16,1037.680054,1046.069946,1029.310059,1045.47998,797500000
1998-09-17,1045.47998,1045.47998,1016.049988,1018.869995,694500000
1998-09-18,1018.869995,1022.01001,1011.859985,1020.090027,794700000
1998-09-21,1020.090027,1026.02002,993.8200073,1023.890015,609880000
1998-09-22,1023.890015,1033.890015,1021.960022,1029.630005,694900000
1998-09-23,1029.630005,1066.089966,1029.630005,1066.089966,899700000
1998-09-24,1066.089966,1066.109985,1033.040039,1042.719971,805900000
1998-09-25,1042.719971,1051.890015,1028.48999,1044.75,736800000
1998-09-28,1044.75,1061.459961,1042.22998,1048.689941,690500000
1998-09-29,1048.689941,1056.310059,1039.880005,1049.02002,760100000
1998-09-30,1049.02002,1049.02002,1015.72998,1017.01001,800100000
1998-10-01,1017.01001,1017.01001,981.289978,986.3900146,899700000
1998-10-02,986.3900146,1005.450012,971.6900024,1002.599976,902900000
1998-10-05,1002.599976,1002.599976,964.7199707,988.5599976,817500000
1998-10-06,988.5599976,1008.77002,974.8099976,984.5900269,845700000
1998-10-07,984.5900269,995.6599731,957.1500244,970.6799927,977000000
1998-10-08,970.6799927,970.6799927,923.3200073,959.4400024,1114600000
1998-10-09,959.4400024,984.4199829,953.039978,984.3900146,878100000
1998-10-12,984.3900146,1010.710022,984.3900146,997.710022,691100000
1998-10-13,997.710022,1000.780029,987.5499878,994.7999878,733300000
1998-10-14,994.7999878,1014.419983,987.7999878,1005.530029,791200000
1998-10-15,1005.530029,1053.089966,1000.119995,1047.48999,937600000
1998-10-16,1047.48999,1062.650024,1047.48999,1056.420044,1042200000
1998-10-19,1056.420044,1065.209961,1054.22998,1062.390015,738600000
1998-10-20,1062.390015,1084.060059,1060.609985,1063.930054,958200000
1998-10-21,1063.930054,1073.609985,1058.079956,1069.920044,745100000
1998-10-22,1069.920044,1080.430054,1061.469971,1078.47998,754900000
1998-10-23,1078.47998,1078.47998,1067.430054,1070.670044,637640000
1998-10-26,1070.670044,1081.22998,1068.170044,1072.319946,609910000
1998-10-27,1072.319946,1087.079956,1063.060059,1065.339966,764500000
1998-10-28,1065.339966,1072.790039,1059.650024,1068.089966,677500000
1998-10-29,1068.089966,1086.109985,1065.949951,1085.930054,699400000
1998-10-30,1085.930054,1103.780029,1085.930054,1098.670044,785000000
1998-11-02,1098.670044,1114.439941,1098.670044,1111.599976,753800000
1998-11-03,1111.599976,1115.02002,1106.420044,1110.839966,704300000
1998-11-04,1110.839966,1127.180054,1110.589966,1118.670044,861100000
1998-11-05,1118.670044,1133.880005,1109.550049,1133.849976,770200000
1998-11-06,1133.849976,1141.300049,1131.180054,1141.01001,683100000
1998-11-09,1141.01001,1141.01001,1123.170044,1130.199951,592990000
1998-11-10,1130.199951,1135.369995,1122.800049,1128.26001,671300000
1998-11-11,1128.26001,1136.25,1117.400024,1120.969971,715700000
1998-11-12,1120.969971,1126.569946,1115.550049,1117.689941,662300000
1998-11-13,1117.689941,1126.339966,1116.76001,1125.719971,602270000
1998-11-16,1125.719971,1138.719971,1125.719971,1135.869995,615580000
1998-11-17,1135.869995,1151.709961,1129.670044,1139.319946,705200000
1998-11-18,1139.319946,1144.52002,1133.069946,1144.47998,652510000
1998-11-19,1144.47998,1155.099976,1144.420044,1152.609985,671000000
1998-11-20,1152.609985,1163.550049,1152.609985,1163.550049,721200000
1998-11-23,1163.550049,1188.209961,1163.550049,1188.209961,774100000
1998-11-24,1188.209961,1191.300049,1181.810059,1182.98999,766200000
1998-11-25,1182.98999,1187.160034,1179.369995,1186.869995,583580000
1998-11-27,1186.869995,1192.969971,1186.829956,1192.329956,256950000
1998-11-30,1192.329956,1192.719971,1163.630005,1163.630005,687900000
1998-12-01,1163.630005,1175.890015,1150.310059,1175.280029,789200000
1998-12-02,1175.280029,1175.280029,1157.76001,1171.25,727400000
1998-12-03,1171.25,1176.98999,1149.609985,1150.140015,799100000
1998-12-04,1150.140015,1176.73999,1150.140015,1176.73999,709700000
1998-12-07,1176.73999,1188.959961,1176.709961,1187.699951,671200000
1998-12-08,1187.699951,1193.530029,1172.780029,1181.380005,727700000
1998-12-09,1181.380005,1185.219971,1175.890015,1183.48999,694200000
1998-12-10,1183.48999,1183.77002,1163.75,1165.02002,748600000
1998-12-11,1165.02002,1167.890015,1153.189941,1166.459961,688900000
1998-12-14,1166.459961,1166.459961,1136.890015,1141.199951,741800000
1998-12-15,1141.199951,1162.829956,1141.199951,1162.829956,777900000
1998-12-16,1162.829956,1166.290039,1154.689941,1161.939941,725500000
1998-12-17,1161.939941,1180.030029,1161.939941,1179.97998,739400000
1998-12-18,1179.97998,1188.890015,1178.27002,1188.030029,839600000
1998-12-21,1188.030029,1210.880005,1188.030029,1202.839966,744800000
1998-12-22,1202.839966,1209.219971,1192.719971,1203.569946,680500000
1998-12-23,1203.569946,1229.890015,1203.569946,1228.540039,697500000
1998-12-24,1228.540039,1229.719971,1224.849976,1226.27002,246980000
1998-12-28,1226.27002,1231.52002,1221.170044,1225.48999,531560000
1998-12-29,1225.48999,1241.859985,1220.780029,1241.810059,586490000
1998-12-30,1241.810059,1244.930054,1231.199951,1231.930054,594220000
1998-12-31,1231.930054,1237.180054,1224.959961,1229.22998,719200000
1999-01-04,1229.22998,1248.810059,1219.099976,1228.099976,877000000
1999-01-05,1228.099976,1246.109985,1228.099976,1244.780029,775000000
1999-01-06,1244.780029,1272.5,1244.780029,1272.339966,986900000
1999-01-07,1272.339966,1272.339966,1257.680054,1269.72998,863000000
1999-01-08,1269.72998,1278.23999,1261.819946,1275.089966,937800000
1999-01-11,1275.089966,1276.219971,1253.339966,1263.880005,818000000
1999-01-12,1263.880005,1264.449951,1238.290039,1239.51001,800200000
1999-01-13,1239.51001,1247.75,1205.459961,1234.400024,931500000
1999-01-14,1234.400024,1236.810059,1209.540039,1212.189941,797200000
1999-01-15,1212.189941,1243.26001,1212.189941,1243.26001,798100000
1999-01-19,1243.26001,1253.27002,1234.910034,1252.0,785500000
1999-01-20,1252.0,1274.069946,1251.540039,1256.619995,905700000
1999-01-21,1256.619995,1256.939941,1232.189941,1235.160034,871800000
1999-01-22,1235.160034,1236.410034,1217.969971,1225.189941,785900000
1999-01-25,1225.189941,1233.97998,1219.459961,1233.97998,723900000
1999-01-26,1233.97998,1253.25,1233.97998,1252.310059,896400000
1999-01-27,1252.310059,1262.609985,1242.819946,1243.170044,893800000
1999-01-28,1243.170044,1266.400024,1243.170044,1265.369995,848800000
1999-01-29,1265.369995,1280.369995,1255.180054,1279.640015,917000000
1999-02-01,1279.640015,1283.75,1271.310059,1273.0,799400000
1999-02-02,1273.0,1273.48999,1247.560059,1261.98999,845500000
1999-02-03,1261.98999,1276.040039,1255.27002,1272.069946,876500000
1999-02-04,1272.069946,1272.22998,1248.359985,1248.48999,854400000
1999-02-05,1248.48999,1251.859985,1232.280029,1239.400024,872000000
1999-02-08,1239.400024,1246.930054,1231.97998,1243.77002,705400000
1999-02-09,1243.77002,1243.969971,1215.630005,1216.140015,736000000
1999-02-10,1216.140015,1226.780029,1211.890015,1223.550049,721400000
1999-02-11,1223.550049,1254.050049,1223.189941,1254.040039,815800000
1999-02-12,1254.040039,1254.040039,1225.530029,1230.130005,691500000
1999-02-16,1230.130005,1252.170044,1230.130005,1241.869995,653760000
1999-02-17,1241.869995,1249.310059,1220.920044,1224.030029,735100000
1999-02-18,1224.030029,1239.130005,1220.699951,1237.280029,742400000
1999-02-19,1237.280029,1247.910034,1232.030029,1239.219971,700000000
1999-02-22,1239.219971,1272.219971,1239.219971,1272.140015,718500000
1999-02-23,1272.140015,1280.380005,1263.359985,1271.180054,781100000
1999-02-24,1271.180054,1283.839966,1251.939941,1253.410034,782000000
1999-02-25,1253.410034,1253.410034,1225.01001,1245.02002,740500000
1999-02-26,1245.02002,1246.72998,1226.23999,1238.329956,784600000
1999-03-01,1238.329956,1238.699951,1221.880005,1236.160034,699500000
1999-03-02,1236.160034,1248.310059,1221.869995,1225.5,753600000
1999-03-03,1225.5,1231.630005,1216.030029,1227.699951,751700000
1999-03-04,1227.699951,1247.73999,1227.699951,1246.640015,770900000
1999-03-05,1246.640015,1275.72998,1246.640015,1275.469971,834900000
1999-03-08,1275.469971,1282.73999,1271.579956,1282.72998,714600000
1999-03-09,1282.72998,1293.73999,1275.109985,1279.839966,803700000
1999-03-10,1279.839966,1287.02002,1275.160034,1286.839966,841900000
1999-03-11,1286.839966,1306.430054,1286.839966,1297.680054,904800000
1999-03-12,1297.680054,1304.420044,1289.170044,1294.589966,825800000
1999-03-15,1294.589966,1307.469971,1291.030029,1307.26001,727200000
1999-03-16,1307.26001,1311.109985,1302.290039,1306.380005,751900000
1999-03-17,1306.380005,1306.550049,1292.630005,1297.819946,752300000
1999-03-18,1297.819946,1317.619995,1294.75,1316.550049,831000000
1999-03-19,1316.550049,1323.819946,1298.920044,1299.290039,914700000
1999-03-22,1299.290039,1303.839966,1294.26001,1297.01001,658200000
1999-03-23,1297.01001,1297.01001,1257.459961,1262.140015,811300000
1999-03-24,1262.140015,1269.02002,1256.430054,1268.589966,761900000
1999-03-25,1268.589966,1289.98999,1268.589966,1289.98999,784200000
1999-03-26,1289.98999,1289.98999,1277.25,1282.800049,707200000
1999-03-29,1282.800049,1311.76001,1282.800049,1310.170044,747900000
1999-03-30,1310.170044,1310.170044,1295.469971,1300.75,729000000
1999-03-31,1300.75,1313.599976,1285.869995,1286.369995,924300000
1999-04-01,1286.369995,1294.540039,1282.560059,1293.719971,703000000
1999-04-05,1293.719971,1321.119995,1293.719971,1321.119995,695800000
1999-04-06,1321.119995,1326.76001,1311.069946,1317.890015,787500000
1999-04-07,1317.890015,1329.579956,1312.589966,1326.890015,816400000
1999-04-08,1326.890015,1344.079956,1321.599976,1343.97998,850500000
1999-04-09,1343.97998,1351.219971,1335.23999,1348.349976,716100000
1999-04-12,1348.349976,1358.689941,1333.47998,1358.630005,810800000
1999-04-13,1358.640015,1362.380005,1344.030029,1349.819946,810900000
1999-04-14,1349.819946,1357.23999,1326.410034,1328.439941,952000000
1999-04-15,1328.439941,1332.410034,1308.380005,1322.849976,1089800000
1999-04-16,1322.859985,1325.030029,1311.400024,1319.0,1002300000
1999-04-19,1319.0,1340.099976,1284.47998,1289.47998,1214400000
1999-04-20,1289.47998,1306.300049,1284.209961,1306.170044,985400000
1999-04-21,1306.170044,1336.119995,1301.839966,1336.119995,920000000
1999-04-22,1336.119995,1358.839966,1336.119995,1358.819946,927900000
1999-04-23,1358.829956,1363.650024,1348.449951,1356.849976,744900000
1999-04-26,1356.849976,1363.560059,1353.719971,1360.040039,712000000
1999-04-27,1360.040039,1371.560059,1356.550049,1362.800049,891700000
1999-04-28,1362.800049,1368.619995,1348.290039,1350.910034,951700000
1999-04-29,1350.910034,1356.75,1336.810059,1342.829956,1003600000
1999-04-30,1342.829956,1351.829956,1314.579956,1335.180054,936500000
1999-05-03,1335.180054,1354.630005,1329.01001,1354.630005,811400000
1999-05-04,1354.630005,1354.640015,1330.640015,1332.0,933100000
1999-05-05,1332.0,1347.319946,1317.439941,1347.310059,913500000
1999-05-06,1347.310059,1348.359985,1322.560059,1332.050049,875400000
1999-05-07,1332.050049,1345.98999,1332.050049,1345.0,814900000
1999-05-10,1345.0,1352.01001,1334.0,1340.300049,773300000
1999-05-11,1340.300049,1360.0,1340.300049,1355.609985,836100000
1999-05-12,1355.609985,1367.359985,1333.099976,1364.0,825500000
1999-05-13,1364.0,1375.97998,1364.0,1367.560059,796900000
1999-05-14,1367.560059,1367.560059,1332.630005,1337.800049,727800000
1999-05-17,1337.800049,1339.949951,1321.189941,1339.48999,665500000
1999-05-18,1339.48999,1345.439941,1323.459961,1333.319946,753400000
1999-05-19,1333.319946,1344.22998,1327.050049,1344.22998,801100000
1999-05-20,1344.22998,1350.48999,1338.829956,1338.829956,752200000
1999-05-21,1338.829956,1340.880005,1326.189941,1330.290039,686600000
1999-05-24,1330.290039,1333.02002,1303.530029,1306.650024,754700000
1999-05-25,1306.650024,1317.52002,1284.380005,1284.400024,826700000
1999-05-26,1284.400024,1304.849976,1278.430054,1304.76001,870800000
1999-05-27,1304.76001,1304.76001,1277.310059,1281.410034,811400000
1999-05-28,1281.410034,1304.0,1281.410034,1301.839966,649960000
1999-06-01,1301.839966,1301.839966,1281.439941,1294.26001,683800000
1999-06-02,1294.26001,1297.099976,1277.469971,1294.810059,728000000
1999-06-03,1294.810059,1304.150024,1294.199951,1299.540039,719600000
1999-06-04,1299.540039,1327.75,1299.540039,1327.75,694500000
1999-06-07,1327.75,1336.420044,1325.890015,1334.52002,664300000
1999-06-08,1334.52002,1334.52002,1312.829956,1317.329956,685900000
1999-06-09,1317.329956,1326.01001,1314.72998,1318.640015,662000000
1999-06-10,1318.640015,1318.640015,1293.280029,1302.819946,716500000
1999-06-11,1302.819946,1311.969971,1287.880005,1293.640015,698200000
1999-06-14,1293.640015,1301.98999,1292.199951,1294.0,669400000
1999-06-15,1294.0,1310.76001,1294.0,1301.160034,696600000
1999-06-16,1301.160034,1332.829956,1301.160034,1330.410034,806800000
1999-06-17,1330.410034,1343.540039,1322.75,1339.900024,700300000
1999-06-18,1339.900024,1344.47998,1333.52002,1342.839966,914500000
1999-06-21,1342.839966,1349.060059,1337.630005,1349.0,686600000
1999-06-22,1349.0,1351.119995,1335.52002,1335.880005,716500000
1999-06-23,1335.869995,1335.880005,1322.550049,1333.060059,731800000
1999-06-24,1333.060059,1333.060059,1308.469971,1315.780029,690400000
1999-06-25,1315.780029,1329.130005,1312.640015,1315.310059,623460000
1999-06-28,1315.310059,1333.680054,1315.310059,1331.349976,652910000
1999-06-29,1331.349976,1351.51001,1328.400024,1351.449951,820100000
1999-06-30,1351.449951,1372.930054,1338.780029,1372.709961,1117000000
1999-07-01,1372.709961,1382.800049,1360.800049,1380.959961,843400000
1999-07-02,1380.959961,1391.219971,1379.569946,1391.219971,613570000
1999-07-06,1391.219971,1405.290039,1387.079956,1388.119995,722900000
1999-07-07,1388.119995,1395.880005,1384.949951,1395.859985,791200000
1999-07-08,1395.859985,1403.25,1386.689941,1394.420044,830600000
1999-07-09,1394.420044,1403.280029,1394.420044,1403.280029,701000000
1999-07-12,1403.280029,1406.819946,1394.699951,1399.099976,685300000
1999-07-13,1399.099976,1399.099976,1386.839966,1393.560059,736000000
1999-07-14,1393.560059,1400.050049,1386.51001,1398.170044,756100000
1999-07-15,1398.170044,1409.839966,1398.170044,1409.619995,818800000
1999-07-16,1409.619995,1418.780029,1407.069946,1418.780029,714100000
1999-07-19,1418.780029,1420.329956,1404.560059,1407.650024,642330000
1999-07-20,1407.650024,1407.650024,1375.150024,1377.099976,754800000
1999-07-21,1377.099976,1386.660034,1372.630005,1379.290039,785500000
1999-07-22,1379.290039,1379.290039,1353.97998,1360.969971,771700000
1999-07-23,1360.969971,1367.410034,1349.910034,1356.939941,630580000
1999-07-26,1356.939941,1358.609985,1346.199951,1347.76001,613450000
1999-07-27,1347.75,1368.699951,1347.75,1362.839966,723800000
1999-07-28,1362.839966,1370.530029,1355.540039,1365.400024,690900000
1999-07-29,1365.400024,1365.400024,1332.819946,1341.030029,770100000
1999-07-30,1341.030029,1350.920044,1328.48999,1328.719971,736800000
1999-08-02,1328.719971,1344.689941,1325.209961,1328.050049,649550000
1999-08-03,1328.050049,1336.130005,1314.910034,1322.180054,739600000
1999-08-04,1322.180054,1330.160034,1304.5,1305.329956,789300000
1999-08-05,1305.329956,1313.709961,1287.22998,1313.709961,859300000
1999-08-06,1313.709961,1316.73999,1293.189941,1300.290039,698900000
1999-08-09,1300.290039,1306.680054,1295.98999,1297.800049,684300000
1999-08-10,1297.800049,1298.619995,1267.72998,1281.430054,836200000
1999-08-11,1281.430054,1301.930054,1281.430054,1301.930054,792300000
1999-08-12,1301.930054,1313.609985,1298.060059,1298.160034,745600000
1999-08-13,1298.160034,1327.719971,1298.160034,1327.680054,691700000
1999-08-16,1327.680054,1331.050049,1320.51001,1330.77002,583550000
1999-08-17,1330.77002,1344.160034,1328.76001,1344.160034,691500000
1999-08-18,1344.160034,1344.160034,1332.130005,1332.839966,682800000
1999-08-19,1332.839966,1332.839966,1315.349976,1323.589966,684200000
1999-08-20,1323.589966,1336.609985,1323.589966,1336.609985,661200000
1999-08-23,1336.609985,1360.23999,1336.609985,1360.219971,682600000
1999-08-24,1360.219971,1373.319946,1353.630005,1363.5,732700000
1999-08-25,1363.5,1382.839966,1359.199951,1381.790039,864600000
1999-08-26,1381.790039,1381.790039,1361.530029,1362.01001,719000000
1999-08-27,1362.01001,1365.630005,1347.349976,1348.27002,570050000
1999-08-30,1348.27002,1350.699951,1322.800049,1324.02002,597900000
1999-08-31,1324.02002,1333.27002,1306.959961,1320.410034,861700000
1999-09-01,1320.410034,1331.180054,1320.390015,1331.069946,708200000
1999-09-02,1331.069946,1331.069946,1304.880005,1319.109985,687100000
1999-09-03,1319.109985,1357.73999,1319.109985,1357.23999,663200000
1999-09-07,1357.23999,1361.390015,1349.589966,1350.449951,715300000
1999-09-08,1350.449951,1355.180054,1337.359985,1344.150024,791200000
1999-09-09,1344.150024,1347.660034,1333.910034,1347.660034,773900000
1999-09-10,1347.660034,1357.619995,1346.199951,1351.660034,808500000
1999-09-13,1351.660034,1351.660034,1341.699951,1344.130005,657900000
1999-09-14,1344.130005,1344.180054,1330.609985,1336.290039,734500000
1999-09-15,1336.290039,1347.209961,1317.969971,1317.969971,787300000
1999-09-16,1317.969971,1322.51001,1299.969971,1318.47998,739000000
1999-09-17,1318.47998,1337.589966,1318.47998,1335.420044,861900000
1999-09-20,1335.420044,1338.380005,1330.609985,1335.530029,568000000
1999-09-21,1335.52002,1335.530029,1301.969971,1307.579956,817300000
1999-09-22,1307.579956,1316.180054,1297.810059,1310.51001,822200000
1999-09-23,1310.51001,1315.25,1277.300049,1280.410034,890800000
1999-09-24,1280.410034,1281.170044,1263.839966,1277.359985,872800000
1999-09-27,1277.359985,1295.030029,1277.359985,1283.310059,780600000
1999-09-28,1283.310059,1285.550049,1256.26001,1282.199951,885400000
1999-09-29,1282.199951,1288.829956,1268.160034,1268.369995,856000000
1999-09-30,1268.369995,1291.310059,1268.369995,1282.709961,1017600000
1999-10-01,1282.709961,1283.170044,1265.780029,1282.810059,896200000
1999-10-04,1282.810059,1304.599976,1282.810059,1304.599976,803300000
1999-10-05,1304.599976,1316.410034,1286.439941,1301.349976,965700000
1999-10-06,1301.349976,1325.459961,1301.349976,1325.400024,895200000
1999-10-07,1325.400024,1328.050049,1314.130005,1317.640015,827800000
1999-10-08,1317.640015,1336.609985,1311.880005,1336.02002,897300000
1999-10-11,1336.02002,1339.22998,1332.959961,1335.209961,655900000
1999-10-12,1335.209961,1335.209961,1311.800049,1313.040039,778300000
1999-10-13,1313.040039,1313.040039,1282.800049,1285.550049,821500000
1999-10-14,1285.550049,1289.630005,1267.619995,1283.420044,892300000
1999-10-15,1283.420044,1283.420044,1245.390015,1247.410034,912600000
1999-10-18,1247.410034,1254.130005,1233.699951,1254.130005,818700000
1999-10-19,1254.130005,1279.319946,1254.130005,1261.319946,905700000
1999-10-20,1261.319946,1289.439941,1261.319946,1289.430054,928800000
1999-10-21,1289.430054,1289.430054,1265.609985,1283.609985,1012500000
1999-10-22,1283.609985,1308.810059,1283.609985,1301.650024,959200000
1999-10-25,1301.650024,1301.680054,1286.069946,1293.630005,777000000
1999-10-26,1293.630005,1303.459961,1281.859985,1281.910034,878300000
1999-10-27,1281.910034,1299.390015,1280.47998,1296.709961,950100000
1999-10-28,1296.709961,1342.469971,1296.709961,1342.439941,1135100000
1999-10-29,1342.439941,1373.170044,1342.439941,1362.930054,1120500000
1999-11-01,1362.930054,1367.300049,1354.050049,1354.119995,861000000
1999-11-02,1354.119995,1369.319946,1346.410034,1347.73999,904500000
1999-11-03,1347.73999,1360.329956,1347.73999,1354.930054,914400000
1999-11-04,1354.930054,1369.410034,1354.930054,1362.640015,981700000
1999-11-05,1362.640015,1387.47998,1362.640015,1370.22998,1007300000
1999-11-08,1370.22998,1380.780029,1365.869995,1377.01001,806800000
1999-11-09,1377.01001,1383.810059,1361.449951,1365.280029,854300000
1999-11-10,1365.280029,1379.180054,1359.97998,1373.459961,984700000
1999-11-11,1373.459961,1382.119995,1372.189941,1381.459961,891300000
1999-11-12,1381.459961,1396.119995,1368.540039,1396.060059,900200000
1999-11-15,1396.060059,1398.579956,1392.280029,1394.390015,795700000
1999-11-16,1394.390015,1420.359985,1394.390015,1420.069946,942200000
1999-11-17,1420.069946,1423.439941,1410.689941,1410.709961,960000000
1999-11-18,1410.709961,1425.310059,1410.709961,1424.939941,1022800000
1999-11-19,1424.939941,1424.939941,1417.540039,1422.0,893800000
1999-11-22,1422.0,1425.0,1412.400024,1420.939941,873500000
1999-11-23,1420.939941,1423.910034,1402.199951,1404.640015,926100000
1999-11-24,1404.640015,1419.709961,1399.170044,1417.079956,734800000
1999-11-26,1417.079956,1425.23999,1416.140015,1416.619995,312120000
1999-11-29,1416.619995,1416.619995,1404.150024,1407.829956,866100000
1999-11-30,1407.829956,1410.589966,1386.949951,1388.910034,951500000
1999-12-01,1388.910034,1400.119995,1387.380005,1397.719971,884000000
1999-12-02,1397.719971,1409.040039,1397.719971,1409.040039,900700000
1999-12-03,1409.040039,1447.420044,1409.040039,1433.300049,1006400000
1999-12-06,1433.300049,1434.150024,1418.25,1423.329956,916800000
1999-12-07,1423.329956,1426.810059,1409.170044,1409.170044,1085800000
1999-12-08,1409.170044,1415.660034,1403.880005,1403.880005,957000000
1999-12-09,1403.880005,1418.430054,1391.469971,1408.109985,1122100000
1999-12-10,1408.109985,1421.579956,1405.650024,1417.040039,987200000
1999-12-13,1417.040039,1421.579956,1410.099976,1415.219971,977600000
1999-12-14,1415.219971,1418.300049,1401.589966,1403.170044,1027800000
1999-12-15,1403.170044,1417.400024,1396.199951,1413.329956,1033900000
1999-12-16,1413.319946,1423.109985,1408.349976,1418.780029,1070300000
1999-12-17,1418.780029,1431.77002,1418.780029,1421.030029,1349800000
1999-12-20,1421.030029,1429.160034,1411.099976,1418.089966,904600000
1999-12-21,1418.089966,1436.469971,1414.800049,1433.430054,963500000
1999-12-22,1433.430054,1440.02002,1429.130005,1436.130005,850000000
1999-12-23,1436.130005,1461.439941,1436.130005,1458.339966,728600000
1999-12-27,1458.339966,1463.189941,1450.829956,1457.099976,722600000
1999-12-28,1457.089966,1462.680054,1452.780029,1457.660034,655400000
1999-12-29,1457.660034,1467.469971,1457.660034,1463.459961,567860000
1999-12-30,1463.459961,1473.099976,1462.599976,1464.469971,554680000
1999-12-31,1464.469971,1472.420044,1458.189941,1469.25,374050000
2000-01-03,1469.25,1478.0,1438.359985,1455.219971,931800000
2000-01-04,1455.219971,1455.219971,1397.430054,1399.420044,1009000000
2000-01-05,1399.420044,1413.27002,1377.680054,1402.109985,1085500000
2000-01-06,1402.109985,1411.900024,1392.099976,1403.449951,1092300000
2000-01-07,1403.449951,1441.469971,1400.72998,1441.469971,1225200000
2000-01-10,1441.469971,1464.359985,1441.469971,1457.599976,1064800000
2000-01-11,1457.599976,1458.660034,1434.420044,1438.560059,1014000000
2000-01-12,1438.560059,1442.599976,1427.079956,1432.25,974600000
2000-01-13,1432.25,1454.199951,1432.25,1449.680054,1030400000
2000-01-14,1449.680054,1473.0,1449.680054,1465.150024,1085900000
2000-01-18,1465.150024,1465.150024,1451.300049,1455.140015,1056700000
2000-01-19,1455.140015,1461.390015,1448.680054,1455.900024,1087800000
2000-01-20,1455.900024,1465.709961,1438.540039,1445.569946,1100700000
2000-01-21,1445.569946,1453.180054,1439.599976,1441.359985,1209800000
2000-01-24,1441.359985,1454.089966,1395.420044,1401.530029,1115800000
2000-01-25,1401.530029,1414.26001,1388.48999,1410.030029,1073700000
2000-01-26,1410.030029,1412.72998,1400.160034,1404.089966,1117300000
2000-01-27,1404.089966,1418.859985,1370.98999,1398.560059,1129500000
2000-01-28,1398.560059,1398.560059,1356.199951,1360.160034,1095800000
2000-01-31,1360.160034,1394.47998,1350.140015,1394.459961,993800000
2000-02-01,1394.459961,1412.48999,1384.790039,1409.280029,981000000
2000-02-02,1409.280029,1420.609985,1403.48999,1409.119995,1038600000
2000-02-03,1409.119995,1425.780029,1398.52002,1424.969971,1146500000
2000-02-04,1424.969971,1435.910034,1420.630005,1424.369995,1045100000
2000-02-07,1424.369995,1427.150024,1413.329956,1424.23999,918100000
2000-02-08,1424.23999,1441.829956,1424.23999,1441.719971,1047700000
2000-02-09,1441.719971,1444.550049,1411.650024,1411.709961,1050500000
2000-02-10,1411.699951,1422.099976,1406.430054,1416.829956,1058800000
2000-02-11,1416.829956,1416.829956,1378.890015,1387.119995,1025700000
2000-02-14,1387.119995,1394.930054,1380.530029,1389.939941,927300000
2000-02-15,1389.939941,1407.719971,1376.25,1402.050049,1092100000
2000-02-16,1402.050049,1404.550049,1385.579956,1387.670044,1018800000
2000-02-17,1387.670044,1399.880005,1380.069946,1388.26001,1034800000
2000-02-18,1388.26001,1388.589966,1345.319946,1346.089966,1042300000
2000-02-22,1346.089966,1358.109985,1331.880005,1352.170044,980000000
2000-02-23,1352.170044,1370.109985,1342.439941,1360.689941,993700000
2000-02-24,1360.689941,1364.800049,1329.880005,1353.430054,1215000000
2000-02-25,1353.430054,1362.140015,1329.150024,1333.359985,1065200000
2000-02-28,1333.359985,1360.819946,1325.069946,1348.050049,1026500000
2000-02-29,1348.050049,1369.630005,1348.050049,1366.420044,1204300000
2000-03-01,1366.420044,1383.459961,1366.420044,1379.189941,1274100000
2000-03-02,1379.189941,1386.560059,1370.349976,1381.76001,1198600000
2000-03-03,1381.76001,1410.880005,1381.76001,1409.170044,1150300000
2000-03-06,1409.170044,1409.73999,1384.75,1391.280029,1029000000
2000-03-07,1391.280029,1399.209961,1349.98999,1355.619995,1314100000
2000-03-08,1355.619995,1373.790039,1346.619995,1366.699951,1203000000
2000-03-09,1366.699951,1401.819946,1357.880005,1401.689941,1123000000
2000-03-10,1401.689941,1413.459961,1392.069946,1395.069946,1138800000
2000-03-13,1395.069946,1398.390015,1364.839966,1383.619995,1016100000
2000-03-14,1383.619995,1395.150024,1359.150024,1359.150024,1094000000
2000-03-15,1359.150024,1397.98999,1356.98999,1392.140015,1302800000
2000-03-16,1392.150024,1458.469971,1392.150024,1458.469971,1482300000
2000-03-17,1458.469971,1477.329956,1453.319946,1464.469971,1295100000
2000-03-20,1464.469971,1470.300049,1448.48999,1456.630005,920800000
2000-03-21,1456.630005,1493.920044,1446.060059,1493.869995,1065900000
2000-03-22,1493.869995,1505.079956,1487.329956,1500.640015,1075000000
2000-03-23,1500.640015,1532.5,1492.390015,1527.349976,1078300000
2000-03-24,1527.349976,1552.869995,1516.829956,1527.459961,1052200000
2000-03-27,1527.459961,1534.630005,1518.459961,1523.859985,901000000
2000-03-28,1523.859985,1527.359985,1507.089966,1507.72998,959100000
2000-03-29,1507.72998,1521.449951,1497.449951,1508.52002,1061900000
2000-03-30,1508.52002,1517.380005,1474.630005,1487.920044,1193400000
2000-03-31,1487.920044,1519.810059,1484.380005,1498.579956,1227400000
2000-04-03,1498.579956,1507.189941,1486.959961,1505.969971,1021700000
2000-04-04,1505.97998,1526.449951,1416.410034,1494.72998,1515460000
2000-04-05,1494.72998,1506.550049,1478.050049,1487.369995,1110300000
2000-04-06,1487.369995,1511.76001,1487.369995,1501.339966,1008000000
2000-04-07,1501.339966,1518.680054,1501.339966,1516.349976,891600000
2000-04-10,1516.349976,1527.189941,1503.349976,1504.459961,853700000
2000-04-11,1504.459961,1512.800049,1486.780029,1500.589966,971400000
2000-04-12,1500.589966,1509.079956,1466.150024,1467.170044,1175900000
2000-04-13,1467.170044,1477.52002,1439.339966,1440.51001,1032000000
2000-04-14,1440.51001,1440.51001,1339.400024,1356.560059,1279700000
2000-04-17,1356.560059,1401.530029,1346.5,1401.439941,1204700000
2000-04-18,1401.439941,1441.609985,1397.810059,1441.609985,1109400000
2000-04-19,1441.609985,1447.689941,1424.26001,1427.469971,1001400000
2000-04-20,1427.469971,1435.48999,1422.079956,1434.540039,896200000
2000-04-24,1434.540039,1434.540039,1407.130005,1429.859985,868700000
2000-04-25,1429.859985,1477.670044,1429.859985,1477.439941,1071100000
2000-04-26,1477.439941,1482.939941,1456.97998,1460.98999,999600000
2000-04-27,1460.98999,1469.209961,1434.810059,1464.920044,1111000000
2000-04-28,1464.920044,1473.619995,1448.150024,1452.430054,984600000
2000-05-01,1452.430054,1481.51001,1452.430054,1468.25,966300000
2000-05-02,1468.25,1468.25,1445.219971,1446.290039,1011500000
2000-05-03,1446.290039,1446.290039,1398.359985,1415.099976,991600000
2000-05-04,1415.099976,1420.98999,1404.939941,1409.569946,925800000
2000-05-05,1409.569946,1436.030029,1405.079956,1432.630005,805500000
2000-05-08,1432.630005,1432.630005,1417.050049,1424.170044,787600000
2000-05-09,1424.170044,1430.280029,1401.849976,1412.140015,896600000
2000-05-10,1412.140015,1412.140015,1375.140015,1383.050049,1006400000
2000-05-11,1383.050049,1410.26001,1383.050049,1407.810059,953600000
2000-05-12,1407.810059,1430.130005,1407.810059,1420.959961,858200000
2000-05-15,1420.959961,1452.390015,1416.540039,1452.359985,854600000
2000-05-16,1452.359985,1470.400024,1450.76001,1466.040039,955500000
2000-05-17,1466.040039,1466.040039,1441.670044,1447.800049,820500000
2000-05-18,1447.800049,1458.040039,1436.589966,1437.209961,807900000
2000-05-19,1437.209961,1437.209961,1401.73999,1406.949951,853700000
2000-05-22,1406.949951,1410.550049,1368.72998,1400.719971,869000000
2000-05-23,1400.719971,1403.77002,1373.430054,1373.859985,869900000
2000-05-24,1373.859985,1401.75,1361.089966,1399.050049,1152300000
2000-05-25,1399.050049,1411.650024,1373.930054,1381.52002,984500000
2000-05-26,1381.52002,1391.420044,1369.75,1378.02002,722600000
2000-05-30,1378.02002,1422.449951,1378.02002,1422.449951,844200000
2000-05-31,1422.439941,1434.48999,1415.5,1420.599976,960500000
2000-06-01,1420.599976,1448.810059,1420.599976,1448.810059,960100000
2000-06-02,1448.810059,1483.22998,1448.810059,1477.26001,1162400000
2000-06-05,1477.26001,1477.280029,1464.680054,1467.630005,838600000
2000-06-06,1467.630005,1471.359985,1454.73999,1457.839966,950100000
2000-06-07,1457.839966,1474.640015,1455.060059,1471.359985,854600000
2000-06-08,1471.359985,1475.650024,1456.48999,1461.670044,854300000
2000-06-09,1461.670044,1472.670044,1454.959961,1456.949951,786000000
2000-06-12,1456.949951,1462.930054,1445.98999,1446.0,774100000
2000-06-13,1446.0,1470.420044,1442.380005,1469.439941,935900000
2000-06-14,1469.439941,1483.619995,1467.709961,1470.540039,929700000
2000-06-15,1470.540039,1482.040039,1464.619995,1478.72998,1011400000
2000-06-16,1478.72998,1480.77002,1460.420044,1464.459961,1250800000
2000-06-19,1464.459961,1488.930054,1459.050049,1486.0,921700000
2000-06-20,1486.0,1487.319946,1470.180054,1475.949951,1031500000
2000-06-21,1475.949951,1482.189941,1468.0,1479.130005,1009600000
2000-06-22,1479.130005,1479.130005,1448.030029,1452.180054,1022700000
2000-06-23,1452.180054,1459.939941,1438.310059,1441.47998,847600000
2000-06-26,1441.47998,1459.660034,1441.47998,1455.310059,889000000
2000-06-27,1455.310059,1463.349976,1450.550049,1450.550049,1042500000
2000-06-28,1450.550049,1467.630005,1450.550049,1454.819946,1095100000
2000-06-29,1454.819946,1455.140015,1434.630005,1442.390015,1110900000
2000-06-30,1442.390015,1454.680054,1438.709961,1454.599976,1459700000
2000-07-03,1454.599976,1469.579956,1450.849976,1469.540039,451900000
2000-07-05,1469.540039,1469.540039,1442.449951,1446.22998,1019300000
2000-07-06,1446.22998,1461.650024,1439.560059,1456.670044,947300000
2000-07-07,1456.670044,1484.119995,1456.670044,1478.900024,931700000
2000-07-10,1478.900024,1486.560059,1474.76001,1475.619995,838700000
2000-07-11,1475.619995,1488.77002,1470.47998,1480.880005,980500000
2000-07-12,1480.880005,1497.689941,1480.880005,1492.920044,1001200000
2000-07-13,1492.920044,1501.390015,1489.650024,1495.839966,1026800000
2000-07-14,1495.839966,1509.98999,1494.560059,1509.97998,960600000
2000-07-17,1509.97998,1517.319946,1505.26001,1510.48999,906000000
2000-07-18,1510.48999,1510.48999,1491.349976,1493.73999,908300000
2000-07-19,1493.73999,1495.630005,1479.920044,1481.959961,909400000
2000-07-20,1481.959961,1501.920044,1481.959961,1495.569946,1064600000
2000-07-21,1495.569946,1495.569946,1477.910034,1480.189941,968300000
2000-07-24,1480.189941,1485.880005,1463.800049,1464.290039,880300000
2000-07-25,1464.290039,1476.22998,1464.290039,1474.469971,969400000
2000-07-26,1474.469971,1474.469971,1452.420044,1452.420044,1235800000
2000-07-27,1452.420044,1464.910034,1445.329956,1449.619995,1156400000
2000-07-28,1449.619995,1456.680054,1413.890015,1419.890015,980000000
2000-07-31,1419.890015,1437.650024,1418.709961,1430.829956,952600000
2000-08-01,1430.829956,1443.540039,1428.959961,1438.099976,938700000
2000-08-02,1438.099976,1451.589966,1433.48999,1438.699951,994500000
2000-08-03,1438.699951,1454.189941,1425.430054,1452.560059,1095600000
2000-08-04,1452.560059,1462.930054,1451.310059,1462.930054,956000000
2000-08-07,1462.930054,1480.800049,1460.719971,1479.319946,854800000
2000-08-08,1479.319946,1484.52002,1472.609985,1482.800049,992200000
2000-08-09,1482.800049,1490.329956,1471.160034,1472.869995,1054000000
2000-08-10,1472.869995,1475.150024,1459.890015,1460.25,940800000
2000-08-11,1460.25,1475.719971,1453.060059,1471.839966,835500000
2000-08-14,1471.839966,1491.640015,1468.560059,1491.560059,783800000
2000-08-15,1491.560059,1493.119995,1482.73999,1484.430054,895900000
2000-08-16,1484.430054,1496.089966,1475.73999,1479.849976,929800000
2000-08-17,1479.849976,1499.319946,1479.849976,1496.069946,922400000
2000-08-18,1496.069946,1499.469971,1488.98999,1491.719971,821400000
2000-08-21,1491.719971,1502.839966,1491.130005,1499.47998,731600000
2000-08-22,1499.47998,1508.449951,1497.420044,1498.130005,818800000
2000-08-23,1498.130005,1507.199951,1489.52002,1505.969971,871000000
2000-08-24,1505.969971,1511.160034,1501.25,1508.310059,837100000
2000-08-25,1508.310059,1513.469971,1505.089966,1506.449951,685600000
2000-08-28,1506.449951,1523.949951,1506.449951,1514.089966,733600000
2000-08-29,1514.089966,1514.810059,1505.459961,1509.839966,795600000
2000-08-30,1509.839966,1510.48999,1500.089966,1502.589966,818400000
2000-08-31,1502.589966,1525.209961,1502.589966,1517.680054,1056600000
2000-09-01,1517.680054,1530.089966,1515.530029,1520.77002,767700000
2000-09-05,1520.77002,1520.77002,1504.209961,1507.079956,838500000
2000-09-06,1507.079956,1512.609985,1492.119995,1492.25,995100000
2000-09-07,1492.25,1505.339966,1492.25,1502.51001,985500000
2000-09-08,1502.51001,1502.51001,1489.880005,1494.5,961000000
2000-09-11,1494.5,1506.76001,1483.01001,1489.26001,899300000
2000-09-12,1489.26001,1496.930054,1479.670044,1481.98999,991200000
2000-09-13,1481.98999,1487.449951,1473.609985,1484.910034,1068300000
2000-09-14,1484.910034,1494.160034,1476.72998,1480.869995,1014000000
2000-09-15,1480.869995,1480.959961,1460.219971,1465.810059,1268400000
2000-09-18,1465.810059,1467.77002,1441.920044,1444.51001,962500000
2000-09-19,1444.51001,1461.160034,1444.51001,1459.900024,1024900000
2000-09-20,1459.900024,1460.48999,1430.949951,1451.339966,1104000000
2000-09-21,1451.339966,1452.77002,1436.300049,1449.050049,1105400000
2000-09-22,1449.050049,1449.050049,1421.880005,1448.719971,1185500000
2000-09-25,1448.719971,1457.420044,1435.930054,1439.030029,982400000
2000-09-26,1439.030029,1448.040039,1425.25,1427.209961,1106600000
2000-09-27,1427.209961,1437.219971,1419.439941,1426.569946,1174700000
2000-09-28,1426.569946,1461.689941,1425.780029,1458.290039,1206200000
2000-09-29,1458.290039,1458.290039,1436.290039,1436.51001,1197100000
2000-10-02,1436.52002,1445.599976,1429.829956,1436.22998,1051200000
2000-10-03,1436.22998,1454.819946,1425.280029,1426.459961,1098100000
2000-10-04,1426.459961,1439.98999,1416.310059,1434.319946,1167400000
2000-10-05,1434.319946,1444.170044,1431.800049,1436.280029,1176100000
2000-10-06,1436.280029,1443.300049,1397.060059,1408.98999,1150100000
2000-10-09,1408.98999,1409.689941,1392.47998,1402.030029,716600000
2000-10-10,1402.030029,1408.829956,1383.849976,1387.02002,1044000000
2000-10-11,1387.02002,1387.02002,1349.670044,1364.589966,1387500000
2000-10-12,1364.589966,1374.930054,1328.060059,1329.780029,1388600000
2000-10-13,1329.780029,1374.170044,1327.079956,1374.170044,1223900000
2000-10-16,1374.170044,1379.47998,1365.060059,1374.619995,1005400000
2000-10-17,1374.619995,1380.98999,1342.339966,1349.969971,1161500000
2000-10-18,1349.969971,1356.650024,1305.790039,1342.130005,1441700000
2000-10-19,1342.130005,1389.930054,1342.130005,1388.76001,1297900000
2000-10-20,1388.76001,1408.469971,1382.189941,1396.930054,1177400000
2000-10-23,1396.930054,1406.959961,1387.75,1395.780029,1046800000
2000-10-24,1395.780029,1415.640015,1388.130005,1398.130005,1158600000
2000-10-25,1398.130005,1398.130005,1362.209961,1364.900024,1315600000
2000-10-26,1364.900024,1372.719971,1337.810059,1364.439941,1303800000
2000-10-27,1364.439941,1384.569946,1364.130005,1379.579956,1086300000
2000-10-30,1379.579956,1406.359985,1376.859985,1398.660034,1186500000
2000-10-31,1398.660034,1432.219971,1398.660034,1429.400024,1366400000
2000-11-01,1429.400024,1429.599976,1410.449951,1421.219971,1206800000
2000-11-02,1421.219971,1433.400024,1421.219971,1428.319946,1167700000
2000-11-03,1428.319946,1433.209961,1420.920044,1426.689941,997700000
2000-11-06,1428.76001,1438.459961,1427.719971,1432.189941,930900000
2000-11-07,1432.189941,1436.219971,1423.26001,1431.869995,880900000
2000-11-08,1431.869995,1437.280029,1408.780029,1409.280029,909300000
2000-11-09,1409.280029,1409.280029,1369.680054,1400.140015,1111000000
2000-11-10,1400.140015,1400.140015,1365.969971,1365.97998,962500000
2000-11-13,1365.97998,1365.97998,1328.619995,1351.26001,1129300000
2000-11-14,1351.26001,1390.060059,1351.26001,1382.949951,1118800000
2000-11-15,1382.949951,1395.959961,1374.75,1389.810059,1066800000
2000-11-16,1389.810059,1394.76001,1370.390015,1372.319946,956300000
2000-11-17,1372.319946,1384.849976,1355.550049,1367.719971,1070400000
2000-11-20,1367.719971,1367.719971,1341.670044,1342.619995,955800000
2000-11-21,1342.619995,1355.869995,1333.619995,1347.349976,1137100000
2000-11-22,1347.349976,1347.349976,1321.890015,1322.359985,963200000
2000-11-24,1322.359985,1343.829956,1322.359985,1341.77002,404870000
2000-11-27,1341.77002,1362.5,1341.77002,1348.969971,946100000
2000-11-28,1348.969971,1358.810059,1334.969971,1336.089966,1028200000
2000-11-29,1336.089966,1352.380005,1329.280029,1341.930054,402100000
2000-11-30,1341.910034,1341.910034,1294.900024,1314.949951,1186530000
2000-12-01,1314.949951,1334.670044,1307.02002,1315.22998,1195200000
2000-12-04,1315.180054,1332.060059,1310.22998,1324.969971,1103000000
2000-12-05,1324.969971,1376.560059,1324.969971,1376.540039,900300000
2000-12-06,1376.540039,1376.540039,1346.150024,1351.459961,1399300000
2000-12-07,1351.459961,1353.5,1339.26001,1343.550049,1128000000
2000-12-08,1343.550049,1380.329956,1343.550049,1369.890015,1358300000
2000-12-11,1369.890015,1389.050049,1364.140015,1380.199951,1202400000
2000-12-12,1380.199951,1380.27002,1370.27002,1371.180054,1083400000
2000-12-13,1371.180054,1385.819946,1358.47998,1359.98999,1195100000
2000-12-14,1359.98999,1359.98999,1340.47998,1340.930054,1061300000
2000-12-15,1340.930054,1340.930054,1305.380005,1312.150024,1561100000
2000-12-18,1312.150024,1332.319946,1312.150024,1322.73999,1189900000
2000-12-19,1322.959961,1346.439941,1305.199951,1305.599976,1324900000
2000-12-20,1305.599976,1305.599976,1261.160034,1264.73999,1421600000
2000-12-21,1264.73999,1285.310059,1254.069946,1274.859985,1449900000
2000-12-22,1274.859985,1305.969971,1274.859985,1305.949951,1087100000
2000-12-26,1305.969971,1315.939941,1301.640015,1315.189941,806500000
2000-12-27,1315.189941,1332.030029,1310.959961,1328.920044,1092700000
2000-12-28,1328.920044,1335.930054,1325.780029,1334.219971,1015300000
2000-12-29,1334.219971,1340.099976,1317.51001,1320.280029,1035500000
2001-01-02,1320.280029,1320.280029,1276.050049,1283.27002,1129400000
2001-01-03,1283.27002,1347.76001,1274.619995,1347.560059,1880700000
2001-01-04,1347.560059,1350.23999,1329.140015,1333.339966,2131000000
2001-01-05,1333.339966,1334.77002,1294.949951,1298.349976,1430800000
2001-01-08,1298.349976,1298.349976,1276.290039,1295.859985,1115500000
2001-01-09,1295.859985,1311.719971,1295.140015,1300.800049,1191300000
2001-01-10,1300.800049,1313.76001,1287.280029,1313.27002,1296500000
2001-01-11,1313.27002,1332.189941,1309.719971,1326.819946,1411200000
2001-01-12,1326.819946,1333.209961,1311.589966,1318.550049,1276000000
2001-01-16,1318.319946,1327.810059,1313.329956,1326.650024,1205700000
2001-01-17,1326.650024,1346.920044,1325.410034,1329.469971,1349100000
2001-01-18,1329.890015,1352.709961,1327.410034,1347.969971,1445000000
2001-01-19,1347.969971,1354.550049,1336.73999,1342.540039,1407800000
2001-01-22,1342.540039,1353.619995,1333.839966,1342.900024,1164000000
2001-01-23,1342.900024,1362.900024,1339.630005,1360.400024,1232600000
2001-01-24,1360.400024,1369.75,1357.280029,1364.300049,1309000000
2001-01-25,1364.300049,1367.349976,1354.630005,1357.51001,1258000000
2001-01-26,1357.51001,1357.51001,1342.75,1354.949951,1098000000
2001-01-29,1354.920044,1365.540039,1350.359985,1364.170044,1053100000
2001-01-30,1364.170044,1375.680054,1356.199951,1373.72998,1149800000
2001-01-31,1373.72998,1383.369995,1364.660034,1366.01001,1295300000
2001-02-01,1366.01001,1373.5,1359.339966,1373.469971,1118800000
2001-02-02,1373.469971,1376.380005,1348.719971,1349.469971,1048400000
2001-02-05,1349.469971,1354.560059,1344.47998,1354.310059,1013000000
2001-02-06,1354.310059,1363.550049,1350.040039,1352.26001,1059600000
2001-02-07,1352.26001,1352.26001,1334.26001,1340.890015,1158300000
2001-02-08,1341.099976,1350.319946,1332.420044,1332.530029,1107200000
2001-02-09,1332.530029,1332.530029,1309.97998,1314.76001,1075500000
2001-02-12,1314.76001,1330.959961,1313.640015,1330.310059,1039100000
2001-02-13,1330.310059,1336.619995,1317.51001,1318.800049,1075200000
2001-02-14,1318.800049,1320.72998,1304.719971,1315.920044,1150300000
2001-02-15,1315.920044,1331.290039,1315.920044,1326.609985,1153700000
2001-02-16,1326.609985,1326.609985,1293.180054,1301.530029,1257200000
2001-02-20,1301.530029,1307.160034,1278.439941,1278.939941,1112200000
2001-02-21,1278.939941,1282.969971,1253.160034,1255.27002,1208500000
2001-02-22,1255.27002,1259.939941,1228.329956,1252.819946,1365900000
2001-02-23,1252.819946,1252.819946,1215.439941,1245.859985,1231300000
2001-02-26,1245.859985,1267.689941,1241.709961,1267.650024,1130800000
2001-02-27,1267.650024,1272.76001,1252.26001,1257.939941,1114100000
2001-02-28,1257.939941,1263.469971,1229.650024,1239.939941,1225300000
2001-03-01,1239.939941,1241.359985,1214.5,1241.22998,1294900000
2001-03-02,1241.22998,1251.01001,1219.73999,1234.180054,1294000000
2001-03-05,1234.180054,1242.550049,1234.040039,1241.410034,929200000
2001-03-06,1241.410034,1267.420044,1241.410034,1253.800049,1091800000
2001-03-07,1253.800049,1263.859985,1253.800049,1261.890015,1132200000
2001-03-08,1261.890015,1266.5,1257.599976,1264.73999,1114100000
2001-03-09,1264.73999,1264.73999,1228.420044,1233.420044,1085900000
2001-03-12,1233.420044,1233.420044,1176.780029,1180.160034,1229000000
2001-03-13,1180.160034,1197.829956,1171.5,1197.660034,1360900000
2001-03-14,1197.660034,1197.660034,1155.349976,1166.709961,1397400000
2001-03-15,1166.709961,1182.040039,1166.709961,1173.560059,1259500000
2001-03-16,1173.560059,1173.560059,1148.640015,1150.530029,1543560000
2001-03-19,1150.530029,1173.5,1147.180054,1170.810059,1126200000
2001-03-20,1170.810059,1180.560059,1142.189941,1142.619995,1235900000
2001-03-21,1142.619995,1149.390015,1118.73999,1122.140015,1346300000
2001-03-22,1122.140015,1124.27002,1081.189941,1117.579956,1723950000
2001-03-23,1117.579956,1141.829956,1117.579956,1139.829956,1364900000
2001-03-26,1139.829956,1160.02002,1139.829956,1152.689941,1114000000
2001-03-27,1152.689941,1183.349976,1150.959961,1182.170044,1314200000
2001-03-28,1182.170044,1182.170044,1147.829956,1153.290039,1333400000
2001-03-29,1153.290039,1161.689941,1136.26001,1147.949951,1234500000
2001-03-30,1147.949951,1162.800049,1143.829956,1160.329956,1280800000
2001-04-02,1160.329956,1169.51001,1137.51001,1145.869995,1254900000
2001-04-03,1145.869995,1145.869995,1100.189941,1106.459961,1386100000
2001-04-04,1106.459961,1117.5,1091.98999,1103.25,1425590000
2001-04-05,1103.25,1151.469971,1103.25,1151.439941,1368000000
2001-04-06,1151.439941,1151.439941,1119.290039,1128.430054,1266800000
2001-04-09,1128.430054,1146.130005,1126.380005,1137.589966,1062800000
2001-04-10,1137.589966,1173.920044,1137.589966,1168.380005,1349600000
2001-04-11,1168.380005,1182.23999,1160.26001,1165.890015,1290300000
2001-04-12,1165.890015,1183.51001,1157.72998,1183.5,1102000000
2001-04-16,1183.5,1184.640015,1167.380005,1179.680054,913900000
2001-04-17,1179.680054,1192.25,1168.900024,1191.810059,1109600000
2001-04-18,1191.810059,1248.420044,1191.810059,1238.160034,1918900000
2001-04-19,1238.160034,1253.709961,1233.390015,1253.689941,1486800000
2001-04-20,1253.699951,1253.699951,1234.410034,1242.97998,1338700000
2001-04-23,1242.97998,1242.97998,1217.469971,1224.359985,1012600000
2001-04-24,1224.359985,1233.540039,1208.890015,1209.469971,1216500000
2001-04-25,1209.469971,1232.359985,1207.380005,1228.75,1203600000
2001-04-26,1228.75,1248.300049,1228.75,1234.52002,1345200000
2001-04-27,1234.52002,1253.069946,1234.52002,1253.050049,1091300000
2001-04-30,1253.050049,1269.300049,1243.98999,1249.459961,1266800000
2001-05-01,1249.459961,1266.469971,1243.550049,1266.439941,1181300000
2001-05-02,1266.439941,1272.930054,1257.699951,1267.430054,1342200000
2001-05-03,1267.430054,1267.430054,1239.880005,1248.579956,1137900000
2001-05-04,1248.579956,1267.51001,1232.0,1266.609985,1082100000
2001-05-07,1266.609985,1270.0,1259.189941,1263.51001,949000000
2001-05-08,1266.709961,1267.01001,1253.0,1261.199951,1006300000
2001-05-09,1261.199951,1261.650024,1247.829956,1255.540039,1132400000
2001-05-10,1255.540039,1268.140015,1254.560059,1255.180054,1056700000
2001-05-11,1255.180054,1259.839966,1240.790039,1245.670044,906200000
2001-05-14,1245.670044,1249.680054,1241.02002,1248.920044,858200000
2001-05-15,1248.920044,1257.449951,1245.359985,1249.439941,1071800000
2001-05-16,1249.439941,1286.390015,1243.02002,1284.98999,1405300000
2001-05-17,1284.98999,1296.47998,1282.650024,1288.48999,1355600000
2001-05-18,1288.48999,1292.060059,1281.150024,1291.959961,1130800000
2001-05-21,1291.959961,1312.949951,1287.869995,1312.829956,1174900000
2001-05-22,1312.829956,1315.930054,1306.890015,1309.380005,1260400000
2001-05-23,1309.380005,1309.380005,1288.699951,1289.050049,1134800000
2001-05-24,1289.050049,1295.040039,1281.219971,1293.170044,1100700000
2001-05-25,1293.170044,1293.170044,1276.420044,1277.890015,828100000
2001-05-29,1277.890015,1278.420044,1265.410034,1267.930054,1026000000
2001-05-30,1267.930054,1267.930054,1245.959961,1248.079956,1158600000
2001-05-31,1248.079956,1261.910034,1248.069946,1255.819946,1226600000
2001-06-01,1255.819946,1265.339966,1246.880005,1260.670044,1015000000
2001-06-04,1260.670044,1267.170044,1256.359985,1267.109985,836500000
2001-06-05,1267.109985,1286.619995,1267.109985,1283.569946,1116800000
2001-06-06,1283.569946,1283.849976,1269.01001,1270.030029,1061900000
2001-06-07,1270.030029,1277.079956,1265.079956,1276.959961,1089600000
2001-06-08,1276.959961,1277.109985,1259.98999,1264.959961,726200000
2001-06-11,1264.959961,1264.959961,1249.22998,1254.390015,870100000
2001-06-12,1254.390015,1261.0,1235.75,1255.849976,1136500000
2001-06-13,1255.849976,1259.75,1241.589966,1241.599976,1063600000
2001-06-14,1241.599976,1241.599976,1218.900024,1219.869995,1242900000
2001-06-15,1219.869995,1221.5,1203.030029,1214.359985,1635550000
2001-06-18,1214.359985,1221.22998,1208.329956,1208.430054,1111600000
2001-06-19,1208.430054,1226.109985,1207.709961,1212.579956,1184900000
2001-06-20,1212.579956,1225.609985,1210.069946,1223.140015,1350100000
2001-06-21,1223.140015,1240.23999,1220.25,1237.040039,1546820000
2001-06-22,1237.040039,1237.72998,1221.410034,1225.349976,1189200000
2001-06-25,1225.349976,1231.5,1213.599976,1218.599976,1050100000
2001-06-26,1218.599976,1220.699951,1204.640015,1216.76001,1198900000
2001-06-27,1216.76001,1219.920044,1207.290039,1211.069946,1162100000
2001-06-28,1211.069946,1234.439941,1211.069946,1226.199951,1327300000
2001-06-29,1226.199951,1237.290039,1221.140015,1224.380005,1832360000
2001-07-02,1224.420044,1239.780029,1224.030029,1236.719971,1128300000
2001-07-03,1236.709961,1236.709961,1229.430054,1234.449951,622110000
2001-07-05,1234.449951,1234.449951,1219.150024,1219.23999,934900000
2001-07-06,1219.23999,1219.23999,1188.73999,1190.589966,1056700000
2001-07-09,1190.589966,1201.76001,1189.75,1198.780029,1045700000
2001-07-10,1198.780029,1203.430054,1179.930054,1181.52002,1263800000
2001-07-11,1181.52002,1184.930054,1168.459961,1180.180054,1384100000
2001-07-12,1180.180054,1210.25,1180.180054,1208.140015,1394000000
2001-07-13,1208.140015,1218.540039,1203.609985,1215.680054,1121700000
2001-07-16,1215.680054,1219.630005,1200.050049,1202.449951,1039800000
2001-07-17,1202.449951,1215.359985,1196.140015,1214.439941,1238100000
2001-07-18,1214.439941,1214.439941,1198.329956,1207.709961,1316300000
2001-07-19,1207.709961,1225.040039,1205.800049,1215.02002,1343500000
2001-07-20,1215.02002,1215.689941,1207.040039,1210.849976,1170900000
2001-07-23,1210.849976,1215.219971,1190.5,1191.030029,986900000
2001-07-24,1191.030029,1191.030029,1165.540039,1171.650024,1198700000
2001-07-25,1171.650024,1190.52002,1171.280029,1190.48999,1280700000
2001-07-26,1190.48999,1204.180054,1182.650024,1202.930054,1213900000
2001-07-27,1202.930054,1209.26001,1195.98999,1205.819946,1015300000
2001-07-30,1205.819946,1209.050049,1200.410034,1204.52002,909100000
2001-07-31,1204.52002,1222.73999,1204.52002,1211.22998,1129200000
2001-08-01,1211.22998,1223.040039,1211.22998,1215.930054,1340300000
2001-08-02,1215.930054,1226.27002,1215.310059,1220.75,1218300000
2001-08-03,1220.75,1220.75,1205.310059,1214.349976,939900000
2001-08-06,1214.349976,1214.349976,1197.349976,1200.47998,811700000
2001-08-07,1200.469971,1207.560059,1195.640015,1204.400024,1012000000
2001-08-08,1204.400024,1206.790039,1181.27002,1183.530029,1124600000
2001-08-09,1183.530029,1184.709961,1174.680054,1183.430054,1104200000
2001-08-10,1183.430054,1193.329956,1169.550049,1190.160034,960900000
2001-08-13,1190.160034,1193.819946,1185.119995,1191.290039,837600000
2001-08-14,1191.290039,1198.790039,1184.26001,1186.72998,964600000
2001-08-15,1186.72998,1191.209961,1177.609985,1178.02002,1065600000
2001-08-16,1178.02002,1181.800049,1166.079956,1181.660034,1055400000
2001-08-17,1181.660034,1181.660034,1156.069946,1161.969971,974300000
2001-08-20,1161.969971,1171.410034,1160.939941,1171.410034,897100000
2001-08-21,1171.410034,1179.849976,1156.560059,1157.26001,1041600000
2001-08-22,1157.26001,1168.560059,1153.339966,1165.310059,1110800000
2001-08-23,1165.310059,1169.859985,1160.959961,1162.089966,986200000
2001-08-24,1162.089966,1185.150024,1162.089966,1184.930054,1043600000
2001-08-27,1184.930054,1186.849976,1178.069946,1179.209961,842600000
2001-08-28,1179.209961,1179.660034,1161.170044,1161.51001,987100000
2001-08-29,1161.51001,1166.969971,1147.380005,1148.560059,963700000
2001-08-30,1148.599976,1151.75,1124.869995,1129.030029,1157000000
2001-08-31,1129.030029,1141.829956,1126.380005,1133.579956,920100000
2001-09-04,1133.579956,1155.400024,1129.060059,1132.939941,1178300000
2001-09-05,1132.939941,1135.52002,1114.859985,1131.73999,1384500000
2001-09-06,1131.73999,1131.73999,1105.829956,1106.400024,1359700000
2001-09-07,1106.400024,1106.400024,1082.119995,1085.780029,1424300000
2001-09-10,1085.780029,1096.939941,1073.150024,1092.540039,1276600000
2001-09-17,1092.540039,1092.540039,1037.459961,1038.77002,2330830000
2001-09-18,1038.77002,1046.420044,1029.25,1032.73999,1650410000
2001-09-19,1032.73999,1038.910034,984.6199951,1016.099976,2120550000
2001-09-20,1016.099976,1016.099976,984.4899902,984.539978,2004800000
2001-09-21,984.539978,984.539978,944.75,965.7999878,2317300000
2001-09-24,965.7999878,1008.440002,965.7999878,1003.450012,1746600000
2001-09-25,1003.450012,1017.140015,998.3300171,1012.27002,1613800000
2001-09-26,1012.27002,1020.289978,1002.619995,1007.039978,1519100000
2001-09-27,1007.039978,1018.919983,998.2399902,1018.609985,1467000000
2001-09-28,1018.609985,1040.939941,1018.609985,1040.939941,1631500000
2001-10-01,1040.939941,1040.939941,1026.76001,1038.550049,1175600000
2001-10-02,1038.550049,1051.329956,1034.469971,1051.329956,1289800000
2001-10-03,1051.329956,1075.380005,1041.47998,1072.280029,1650600000
2001-10-04,1072.280029,1084.119995,1067.819946,1069.630005,1609100000
2001-10-05,1069.619995,1072.349976,1053.5,1071.380005,1301700000
2001-10-08,1071.369995,1071.369995,1056.880005,1062.439941,979000000
2001-10-09,1062.439941,1063.369995,1053.829956,1056.75,1227800000
2001-10-10,1056.75,1081.619995,1052.76001,1080.98999,1312400000
2001-10-11,1080.98999,1099.160034,1080.98999,1097.430054,1704580000
2001-10-12,1097.430054,1097.430054,1072.150024,1091.650024,1331400000
2001-10-15,1091.650024,1091.650024,1078.189941,1089.97998,1024700000
2001-10-16,1089.97998,1101.660034,1087.130005,1097.540039,1210500000
2001-10-17,1097.540039,1107.119995,1076.569946,1077.089966,1452200000
2001-10-18,1077.089966,1077.939941,1064.540039,1068.609985,1262900000
2001-10-19,1068.609985,1075.52002,1057.23999,1073.47998,1294900000
2001-10-22,1073.47998,1090.569946,1070.790039,1089.900024,1105700000
2001-10-23,1089.900024,1098.98999,1081.530029,1084.780029,1317300000
2001-10-24,1084.780029,1090.26001,1079.97998,1085.199951,1336200000
2001-10-25,1085.199951,1100.089966,1065.640015,1100.089966,1364400000
2001-10-26,1100.089966,1110.609985,1094.23999,1104.609985,1244500000
2001-10-29,1104.609985,1104.609985,1078.300049,1078.300049,1106100000
2001-10-30,1078.300049,1078.300049,1053.609985,1059.790039,1297400000
2001-10-31,1059.790039,1074.790039,1057.550049,1059.780029,1352500000
2001-11-01,1059.780029,1085.609985,1054.310059,1084.099976,1317400000
2001-11-02,1084.099976,1089.630005,1075.579956,1087.199951,1121900000
2001-11-05,1087.199951,1106.719971,1087.199951,1102.839966,1267700000
2001-11-06,1102.839966,1119.72998,1095.359985,1118.859985,1356000000
2001-11-07,1118.859985,1126.619995,1112.97998,1115.800049,1411300000
2001-11-08,1115.800049,1135.75,1115.420044,1118.540039,1517500000
2001-11-09,1118.540039,1123.02002,1111.130005,1120.310059,1093800000
2001-11-12,1120.310059,1121.709961,1098.319946,1118.329956,991600000
2001-11-13,1118.329956,1139.140015,1118.329956,1139.089966,1370100000
2001-11-14,1139.089966,1148.280029,1132.869995,1141.209961,1443400000
2001-11-15,1141.209961,1146.459961,1135.060059,1142.23999,1454500000
2001-11-16,1142.23999,1143.52002,1129.920044,1138.650024,1337400000
2001-11-19,1138.650024,1151.060059,1138.650024,1151.060059,1316800000
2001-11-20,1151.060059,1152.449951,1142.170044,1142.660034,1330200000
2001-11-21,1142.660034,1142.660034,1129.780029,1137.030029,1029300000
2001-11-23,1137.030029,1151.050049,1135.900024,1150.339966,410300000
2001-11-26,1150.339966,1157.880005,1146.170044,1157.420044,1129800000
2001-11-27,1157.420044,1163.380005,1140.810059,1149.5,1288000000
2001-11-28,1149.5,1149.5,1128.290039,1128.52002,1423700000
2001-11-29,1128.52002,1140.400024,1125.51001,1140.199951,1375700000
2001-11-30,1140.199951,1143.569946,1135.890015,1139.449951,1343600000
2001-12-03,1139.449951,1139.449951,1125.780029,1129.900024,1202900000
2001-12-04,1129.900024,1144.800049,1128.859985,1144.800049,1318500000
2001-12-05,1143.77002,1173.619995,1143.77002,1170.349976,1765300000
2001-12-06,1170.349976,1173.349976,1164.430054,1167.099976,1487900000
2001-12-07,1167.099976,1167.099976,1152.660034,1158.310059,1248200000
2001-12-10,1158.310059,1158.310059,1139.660034,1139.930054,1218700000
2001-12-11,1139.930054,1150.890015,1134.319946,1136.76001,1367200000
2001-12-12,1136.76001,1141.579956,1126.01001,1137.069946,1449700000
2001-12-13,1137.069946,1137.069946,1117.849976,1119.380005,1511500000
2001-12-14,1119.380005,1128.280029,1114.530029,1123.089966,1306800000
2001-12-17,1123.089966,1137.300049,1122.660034,1134.359985,1260400000
2001-12-18,1134.359985,1145.099976,1134.359985,1142.920044,1354000000
2001-12-19,1142.920044,1152.439941,1134.75,1149.560059,1484900000
2001-12-20,1149.560059,1151.420044,1139.930054,1139.930054,1490500000
2001-12-21,1139.930054,1147.459961,1139.930054,1144.890015,1694000000
2001-12-24,1144.890015,1147.829956,1144.619995,1144.650024,439670000
2001-12-26,1144.650024,1159.180054,1144.650024,1149.369995,791100000
2001-12-27,1149.369995,1157.130005,1149.369995,1157.130005,876300000
2001-12-28,1157.130005,1164.640015,1157.130005,1161.02002,917400000
2001-12-31,1161.02002,1161.160034,1148.040039,1148.079956,943600000
2002-01-02,1148.079956,1154.670044,1136.22998,1154.670044,1171000000
2002-01-03,1154.670044,1165.27002,1154.01001,1165.27002,1398900000
2002-01-04,1165.27002,1176.550049,1163.420044,1172.51001,1513000000
2002-01-07,1172.51001,1176.969971,1163.550049,1164.890015,1308300000
2002-01-08,1164.890015,1167.599976,1157.459961,1160.709961,1258800000
2002-01-09,1160.709961,1174.26001,1151.890015,1155.140015,1452000000
2002-01-10,1155.140015,1159.930054,1150.849976,1156.550049,1299000000
2002-01-11,1156.550049,1159.410034,1145.449951,1145.599976,1211900000
2002-01-14,1145.599976,1145.599976,1138.150024,1138.410034,1286400000
2002-01-15,1138.410034,1148.810059,1136.880005,1146.189941,1386900000
2002-01-16,1146.189941,1146.189941,1127.48999,1127.569946,1482500000
2002-01-17,1127.569946,1139.27002,1127.569946,1138.880005,1380100000
2002-01-18,1138.880005,1138.880005,1124.449951,1127.579956,1333300000
2002-01-22,1127.579956,1135.26001,1117.910034,1119.310059,1311600000
2002-01-23,1119.310059,1131.939941,1117.430054,1128.180054,1479200000
2002-01-24,1128.180054,1139.5,1128.180054,1132.150024,1552800000
2002-01-25,1132.150024,1138.310059,1127.819946,1133.280029,1345100000
2002-01-28,1133.280029,1138.630005,1126.660034,1133.060059,1186800000
2002-01-29,1133.060059,1137.469971,1098.73999,1100.640015,1812000000
2002-01-30,1100.640015,1113.790039,1081.660034,1113.569946,2019600000
2002-01-31,1113.569946,1130.209961,1113.300049,1130.199951,1557000000
2002-02-01,1130.199951,1130.199951,1118.51001,1122.199951,1367200000
2002-02-04,1122.199951,1122.199951,1092.25,1094.439941,1437600000
2002-02-05,1094.439941,1100.959961,1082.579956,1090.02002,1778300000
2002-02-06,1090.02002,1093.579956,1077.780029,1083.51001,1665800000
2002-02-07,1083.51001,1094.030029,1078.439941,1080.170044,1441600000
2002-02-08,1080.170044,1096.300049,1079.910034,1096.219971,1371900000
2002-02-11,1096.219971,1112.01001,1094.680054,1111.939941,1159400000
2002-02-12,1111.939941,1112.680054,1102.97998,1107.5,1094200000
2002-02-13,1107.5,1120.560059,1107.5,1118.51001,1215900000
2002-02-14,1118.51001,1124.719971,1112.300049,1116.47998,1272500000
2002-02-15,1116.47998,1117.089966,1103.22998,1104.180054,1359200000
2002-02-19,1104.180054,1104.180054,1082.23999,1083.339966,1189900000
2002-02-20,1083.339966,1098.319946,1074.359985,1097.97998,1438900000
2002-02-21,1097.97998,1101.5,1080.23999,1080.949951,1381600000
2002-02-22,1080.949951,1093.930054,1074.390015,1089.839966,1411000000
2002-02-25,1089.839966,1112.709961,1089.839966,1109.430054,1367400000
2002-02-26,1109.430054,1115.050049,1101.719971,1109.380005,1309200000
2002-02-27,1109.380005,1123.060059,1102.26001,1109.890015,1393800000
2002-02-28,1109.890015,1121.569946,1106.72998,1106.72998,1392200000
2002-03-01,1106.72998,1131.790039,1106.72998,1131.780029,1456500000
2002-03-04,1131.780029,1153.839966,1130.930054,1153.839966,1594300000
2002-03-05,1153.839966,1157.73999,1144.780029,1146.140015,1549300000
2002-03-06,1146.140015,1165.290039,1145.109985,1162.77002,1541300000
2002-03-07,1162.77002,1167.939941,1150.689941,1157.540039,1517400000
2002-03-08,1157.540039,1172.76001,1157.540039,1164.310059,1412000000
2002-03-11,1164.310059,1173.030029,1159.579956,1168.26001,1210200000
2002-03-12,1168.26001,1168.26001,1154.339966,1165.579956,1304400000
2002-03-13,1165.579956,1165.579956,1151.01001,1154.089966,1354000000
2002-03-14,1154.089966,1157.829956,1151.079956,1153.040039,1208800000
2002-03-15,1153.040039,1166.47998,1153.040039,1166.160034,1493900000
2002-03-18,1166.160034,1172.72998,1159.140015,1165.550049,1169500000
2002-03-19,1165.550049,1173.939941,1165.550049,1170.290039,1255000000
2002-03-20,1170.290039,1170.290039,1151.609985,1151.849976,1304900000
2002-03-21,1151.849976,1155.099976,1139.47998,1153.589966,1339200000
2002-03-22,1153.589966,1156.48999,1144.599976,1148.699951,1243300000
2002-03-25,1148.699951,1151.040039,1131.869995,1131.869995,1057900000
2002-03-26,1131.869995,1147.0,1131.609985,1138.48999,1223600000
2002-03-27,1138.48999,1146.949951,1135.329956,1144.579956,1180100000
2002-03-28,1144.579956,1154.449951,1144.579956,1147.390015,1147600000
2002-04-01,1147.390015,1147.839966,1132.869995,1146.540039,1050900000
2002-04-02,1146.540039,1146.540039,1135.709961,1136.76001,1176700000
2002-04-03,1136.76001,1138.849976,1119.680054,1125.400024,1219700000
2002-04-04,1125.400024,1130.449951,1120.060059,1126.339966,1283800000
2002-04-05,1126.339966,1133.310059,1119.48999,1122.72998,1110200000
2002-04-08,1122.72998,1125.410034,1111.790039,1125.290039,1095300000
2002-04-09,1125.290039,1128.290039,1116.72998,1117.800049,1235400000
2002-04-10,1117.800049,1131.76001,1117.800049,1130.469971,1447900000
2002-04-11,1130.469971,1130.469971,1102.420044,1103.689941,1505600000
2002-04-12,1103.689941,1112.77002,1102.73999,1111.01001,1282100000
2002-04-15,1111.01001,1114.859985,1099.410034,1102.550049,1120400000
2002-04-16,1102.550049,1129.400024,1102.550049,1128.369995,1341300000
2002-04-17,1128.369995,1133.0,1123.369995,1126.069946,1376900000
2002-04-18,1126.069946,1130.48999,1109.290039,1124.469971,1359300000
2002-04-19,1124.469971,1128.819946,1122.589966,1125.170044,1185000000
2002-04-22,1125.170044,1125.170044,1105.619995,1107.829956,1181800000
2002-04-23,1107.829956,1111.170044,1098.939941,1100.959961,1388500000
2002-04-24,1100.959961,1108.459961,1092.51001,1093.140015,1373200000
2002-04-25,1093.140015,1094.359985,1084.810059,1091.47998,1517400000
2002-04-26,1091.47998,1096.77002,1076.310059,1076.319946,1374200000
2002-04-29,1076.319946,1078.949951,1063.619995,1065.449951,1314700000
2002-04-30,1065.449951,1082.619995,1063.459961,1076.920044,1628600000
2002-05-01,1076.920044,1088.319946,1065.290039,1086.459961,1451400000
2002-05-02,1086.459961,1091.420044,1079.459961,1084.560059,1364000000
2002-05-03,1084.560059,1084.560059,1068.890015,1073.430054,1284500000
2002-05-06,1073.430054,1075.959961,1052.650024,1052.670044,1122600000
2002-05-07,1052.670044,1058.670044,1048.959961,1049.48999,1354700000
2002-05-08,1049.48999,1088.920044,1049.48999,1088.849976,1502000000
2002-05-09,1088.849976,1088.849976,1072.22998,1073.01001,1153000000
2002-05-10,1073.01001,1075.430054,1053.930054,1054.98999,1171900000
2002-05-13,1054.98999,1074.839966,1053.900024,1074.560059,1088600000
2002-05-14,1074.560059,1097.709961,1074.560059,1097.280029,1414500000
2002-05-15,1097.280029,1104.22998,1088.939941,1091.069946,1420200000
2002-05-16,1091.069946,1099.290039,1089.170044,1098.22998,1256600000
2002-05-17,1098.22998,1106.589966,1096.77002,1106.589966,1274400000
2002-05-20,1106.589966,1106.589966,1090.609985,1091.880005,989800000
2002-05-21,1091.880005,1099.550049,1079.079956,1079.880005,1200500000
2002-05-22,1079.880005,1086.02002,1075.640015,1086.02002,1136300000
2002-05-23,1086.02002,1097.099976,1080.550049,1097.079956,1192900000
2002-05-24,1097.079956,1097.079956,1082.189941,1083.819946,885400000
2002-05-28,1083.819946,1085.97998,1070.310059,1074.550049,996500000
2002-05-29,1074.550049,1074.829956,1067.660034,1067.660034,1081800000
2002-05-30,1067.660034,1069.5,1054.26001,1064.660034,1286600000
2002-05-31,1064.660034,1079.930054,1064.660034,1067.140015,1277300000
2002-06-03,1067.140015,1070.73999,1039.900024,1040.680054,1324300000
2002-06-04,1040.680054,1046.060059,1030.52002,1040.689941,1466600000
2002-06-05,1040.689941,1050.109985,1038.839966,1049.900024,1300100000
2002-06-06,1049.900024,1049.900024,1026.910034,1029.150024,1601500000
2002-06-07,1029.150024,1033.02002,1012.48999,1027.530029,1341300000
2002-06-10,1027.530029,1038.180054,1025.449951,1030.73999,1226200000
2002-06-11,1030.73999,1039.040039,1012.940002,1013.599976,1212400000
2002-06-12,1013.26001,1021.849976,1002.580017,1020.26001,1795720000
2002-06-13,1020.26001,1023.469971,1008.119995,1009.559998,1405500000
2002-06-14,1009.559998,1009.559998,981.6300049,1007.27002,1549000000
2002-06-17,1007.27002,1036.170044,1007.27002,1036.170044,1236600000
2002-06-18,1036.170044,1040.829956,1030.920044,1037.140015,1193100000
2002-06-19,1037.140015,1037.609985,1017.880005,1019.98999,1336100000
2002-06-20,1019.98999,1023.330017,1004.590027,1006.289978,1389700000
2002-06-21,1006.289978,1006.289978,985.6500244,989.1400146,1497200000
2002-06-24,989.1400146,1002.109985,970.8499756,992.7199707,1552600000
2002-06-25,992.7199707,1005.880005,974.210022,976.1400146,1513700000
2002-06-26,976.1400146,977.4299927,952.9199829,973.5300293,2014290000
2002-06-27,973.5300293,990.6699829,963.7399902,990.6400146,1908600000
2002-06-28,990.6400146,1001.789978,988.3099976,989.8200073,2117000000
2002-07-01,989.8200073,994.460022,967.4299927,968.6500244,1425500000
2002-07-02,968.6500244,968.6500244,945.539978,948.0900269,1823000000
2002-07-03,948.0900269,954.2999878,934.8699951,953.9899902,1527800000
2002-07-05,953.9899902,989.0700073,953.9899902,989.0300293,699400000
2002-07-08,989.0300293,993.5599976,972.9099731,976.9799805,1184400000
2002-07-09,976.9799805,979.6300049,951.710022,952.8300171,1348900000
2002-07-10,952.8300171,956.3400269,920.289978,920.4699707,1816900000
2002-07-11,920.4699707,929.1599731,900.9400024,927.3699951,2080480000
2002-07-12,927.3699951,934.3099976,913.710022,921.3900146,1607400000
2002-07-15,921.3900146,921.3900146,876.460022,917.9299927,2574800000
2002-07-16,917.9299927,918.6500244,897.1300049,900.9400024,1843700000
2002-07-17,901.0499878,926.5200195,895.0300293,906.039978,2566500000
2002-07-18,905.4500122,907.7999878,880.5999756,881.5599976,1736300000
2002-07-19,881.5599976,881.5599976,842.0700073,847.75,2654100000
2002-07-22,847.7600098,854.1300049,813.2600098,819.8499756,2248060000
2002-07-23,819.8499756,827.6900024,796.1300049,797.7000122,2441020000
2002-07-24,797.710022,844.3200073,775.6799927,843.4299927,2775560000
2002-07-25,843.4199829,853.8300171,816.1099854,838.6799927,2424700000
2002-07-26,838.6799927,852.8499756,835.9199829,852.8400269,1796100000
2002-07-29,852.8400269,898.960022,852.8400269,898.960022,1778650000
2002-07-30,898.960022,909.8099976,884.7000122,902.7800293,1826090000
2002-07-31,902.7800293,911.6400146,889.8800049,911.6199951,2049360000
2002-08-01,911.6199951,911.6199951,882.4799805,884.6599731,1672200000
2002-08-02,884.4000244,884.7199707,853.9500122,864.2399902,1538100000
2002-08-05,864.2399902,864.2399902,833.4400024,834.5999756,1425500000
2002-08-06,834.5999756,874.4400024,834.5999756,859.5700073,1514100000
2002-08-07,859.5700073,878.7399902,854.1500244,876.7700195,1490400000
2002-08-08,876.7700195,905.8400269,875.1699829,905.460022,1646700000
2002-08-09,898.7299805,913.9500122,890.7700195,908.6400146,1294900000
2002-08-12,908.6400146,908.6400146,892.3800049,903.7999878,1036500000
2002-08-13,903.7999878,911.710022,883.6199951,884.210022,1297700000
2002-08-14,884.210022,920.210022,876.2000122,919.6199951,1533800000
2002-08-15,919.6199951,933.289978,918.1699829,930.25,1505100000
2002-08-16,930.25,935.3800049,916.210022,928.7700195,1265300000
2002-08-19,928.7700195,951.1699829,927.210022,950.7000122,1299800000
2002-08-20,950.7000122,950.7000122,931.8599854,937.4299927,1308500000
2002-08-21,937.4299927,951.5900269,931.3200073,949.3599854,1353100000
2002-08-22,949.3599854,965.0,946.4299927,962.7000122,1373000000
2002-08-23,962.7000122,962.7000122,937.1699829,940.8599854,1071500000
2002-08-26,940.8599854,950.7999878,930.4199829,947.9500122,1016900000
2002-08-27,947.9500122,955.8200073,930.3599854,934.8200073,1307700000
2002-08-28,934.8200073,934.8200073,913.210022,917.8699951,1146600000
2002-08-29,917.8699951,924.5900269,903.3300171,917.7999878,1271100000
2002-08-30,917.7999878,928.1500244,910.1699829,916.0700073,929900000
2002-09-03,916.0700073,916.0700073,877.5100098,878.0200195,1289800000
2002-09-04,878.0200195,896.0999756,875.7299805,893.4000244,1372100000
2002-09-05,893.4000244,893.4000244,870.5,879.1500244,1401300000
2002-09-06,879.1500244,899.0700073,879.1500244,893.9199829,1184500000
2002-09-09,893.9199829,907.3400269,882.9199829,902.960022,1130600000
2002-09-10,902.960022,909.8900146,900.5,909.5800171,1186400000
2002-09-11,910.6300049,924.0200195,908.4699707,909.4500122,846600000
2002-09-12,909.4500122,909.4500122,884.8400269,886.9099731,1191600000
2002-09-13,886.9099731,892.75,877.0499878,889.8099976,1271000000
2002-09-16,889.8099976,891.8400269,878.9099731,891.0999756,1001400000
2002-09-17,891.0999756,902.6799927,872.3800049,873.5200195,1448600000
2002-09-18,873.5200195,878.4500122,857.3900146,869.460022,1501000000
2002-09-19,869.460022,869.460022,843.0900269,843.3200073,1524000000
2002-09-20,843.3200073,849.3200073,839.0900269,845.3900146,1792800000
2002-09-23,845.3900146,845.3900146,825.7600098,833.7000122,1381100000
2002-09-24,833.7000122,833.7000122,817.3800049,819.289978,1670240000
2002-09-25,819.2700195,844.2199707,818.460022,839.6599731,1651500000
2002-09-26,839.6599731,856.5999756,839.6599731,854.9500122,1650000000
2002-09-27,854.9500122,854.9500122,826.8400269,827.3699951,1507300000
2002-09-30,827.3699951,827.3699951,800.2000122,815.2800293,1721870000
2002-10-01,815.2800293,847.9299927,812.8200073,847.9099731,1780900000
2002-10-02,843.7700195,851.9299927,826.5,827.9099731,1668900000
2002-10-03,827.9099731,840.0200195,817.25,818.9500122,1674500000
2002-10-04,818.9500122,825.9000244,794.0999756,800.5800171,1835930000
2002-10-07,800.5800171,808.210022,782.960022,785.2800293,1576500000
2002-10-08,785.2800293,808.8599854,779.5,798.5499878,1938430000
2002-10-09,798.5499878,798.5499878,775.7999878,776.7600098,1885030000
2002-10-10,776.7600098,806.5100098,768.6300049,803.9199829,2090230000
2002-10-11,803.9199829,843.2700195,803.9199829,835.3200073,1854130000
2002-10-14,835.3200073,844.3900146,828.3699951,841.4400024,1200300000
2002-10-15,841.4400024,881.2700195,841.4400024,881.2700195,1956000000
2002-10-16,881.2700195,881.2700195,856.2800293,860.0200195,1585000000
2002-10-17,860.0200195,885.3499756,860.0200195,879.2000122,1780390000
2002-10-18,879.2000122,886.6799927,866.5800171,884.3900146,1423100000
2002-10-21,884.3900146,900.6900024,873.0599976,899.7199707,1447000000
2002-10-22,899.7199707,899.7199707,882.4000244,890.1599731,1549200000
2002-10-23,890.1599731,896.1400146,873.8200073,896.1400146,1593900000
2002-10-24,896.1400146,902.9400024,879.0,882.5,1700570000
2002-10-25,882.5,897.710022,877.0300293,897.6500244,1340400000
2002-10-28,897.6500244,907.4400024,886.1500244,890.2299805,1382600000
2002-10-29,890.2299805,890.6400146,867.9099731,882.1500244,1529700000
2002-10-30,882.1500244,895.2800293,879.1900024,890.710022,1422300000
2002-10-31,890.710022,898.8300171,879.75,885.7600098,1641300000
2002-11-01,885.7600098,903.4199829,877.710022,900.960022,1450400000
2002-11-04,900.960022,924.5800171,900.960022,908.3499756,1645900000
2002-11-05,908.3499756,915.8300171,904.9099731,915.3900146,1354100000
2002-11-06,915.3900146,925.6599731,905.0,923.7600098,1674000000
2002-11-07,923.7600098,923.7600098,898.6799927,902.6500244,1466900000
2002-11-08,902.6500244,910.1099854,891.6199951,894.7399902,1446500000
2002-11-11,894.7399902,894.7399902,874.6300049,876.1900024,1113000000
2002-11-12,876.1900024,894.2999878,876.1900024,882.9500122,1377100000
2002-11-13,882.9500122,892.5100098,872.0499878,882.5300293,1463400000
2002-11-14,882.5300293,904.2700195,882.5300293,904.2700195,1519000000
2002-11-15,904.2700195,910.210022,895.3499756,909.8300171,1400100000
2002-11-18,909.8300171,915.9099731,899.4799805,900.3599854,1282600000
2002-11-19,900.3599854,905.4500122,893.0900269,896.7399902,1337400000
2002-11-20,896.7399902,915.0100098,894.9299927,914.1500244,1517300000
2002-11-21,914.1500244,935.1300049,914.1500244,933.7600098,2415100000
2002-11-22,933.7600098,937.2800293,928.4099731,930.5499878,1626800000
2002-11-25,930.5499878,937.1500244,923.3099976,932.8699951,1574000000
2002-11-26,932.8699951,932.8699951,912.0999756,913.3099976,1543600000
2002-11-27,913.3099976,940.4099731,913.3099976,938.8699951,1350300000
2002-11-29,938.8699951,941.8200073,935.5800171,936.3099976,643460000
2002-12-02,936.3099976,954.2800293,927.7199707,934.5300293,1612000000
2002-12-03,934.5300293,934.5300293,918.7299805,920.75,1488400000
2002-12-04,920.75,925.25,909.5100098,917.5800171,1588900000
2002-12-05,917.5800171,921.4899902,905.9000244,906.5499878,1250200000
2002-12-06,906.5499878,915.4799805,895.960022,912.2299805,1241100000
2002-12-09,912.2299805,912.2299805,891.9699707,892.0,1320800000
2002-12-10,892.0,904.9500122,892.0,904.4500122,1286600000
2002-12-11,904.4500122,909.9400024,896.4799805,904.960022,1285100000
2002-12-12,904.960022,908.3699951,897.0,901.5800171,1255300000
2002-12-13,901.5800171,901.5800171,888.4799805,889.4799805,1330800000
2002-12-16,889.4799805,910.4199829,889.4799805,910.4000244,1271600000
2002-12-17,910.4000244,911.2199707,901.7399902,902.9899902,1251800000
2002-12-18,902.9899902,902.9899902,887.8200073,891.1199951,1446200000
2002-12-19,890.0200195,899.1900024,880.3200073,884.25,1385900000
2002-12-20,884.25,897.789978,884.25,895.7600098,1782730000
2002-12-23,895.7399902,902.4299927,892.2600098,897.3800049,1112100000
2002-12-24,897.3800049,897.3800049,892.289978,892.4699707,458310000
2002-12-26,892.4699707,903.8900146,887.4799805,889.6599731,721100000
2002-12-27,889.6599731,890.460022,873.6199951,875.4000244,758400000
2002-12-30,875.4000244,882.0999756,870.2299805,879.3900146,1057800000
2002-12-31,879.3900146,881.9299927,869.4500122,879.8200073,1088500000
2003-01-02,879.8200073,909.0300293,879.8200073,909.0300293,1229200000
2003-01-03,909.0300293,911.25,903.0700073,908.5900269,1130800000
2003-01-06,908.5900269,931.7700195,908.5900269,929.0100098,1435900000
2003-01-07,929.0100098,930.8099976,919.9299927,922.9299927,1545200000
2003-01-08,922.9299927,922.9299927,908.3200073,909.9299927,1467600000
2003-01-09,909.9299927,928.3099976,909.9299927,927.5700073,1560300000
2003-01-10,927.5800171,932.8900146,917.6599731,927.5700073,1485400000
2003-01-13,927.5700073,935.0499878,922.0499878,926.2600098,1396300000
2003-01-14,926.2600098,931.6599731,921.7199707,931.6599731,1379400000
2003-01-15,931.6599731,932.5900269,916.7000122,918.2199707,1432100000
2003-01-16,918.2199707,926.0300293,911.9799805,914.5999756,1534600000
2003-01-17,914.5999756,914.5999756,899.0200195,901.7800293,1358200000
2003-01-21,901.7800293,906.0,887.6199951,887.6199951,1335200000
2003-01-22,887.6199951,889.7399902,877.6400146,878.3599854,1560800000
2003-01-23,878.3599854,890.25,876.8900146,887.3400269,1744550000
2003-01-24,887.3400269,887.3400269,859.710022,861.4000244,1574800000
2003-01-27,861.4000244,863.9500122,844.25,847.4799805,1435900000
2003-01-28,847.4799805,860.7600098,847.4799805,858.539978,1459100000
2003-01-29,858.539978,868.7199707,845.8599854,864.3599854,1595400000
2003-01-30,864.3599854,865.4799805,843.7399902,844.6099854,1510300000
2003-01-31,844.6099854,858.3300171,840.3400269,855.7000122,1578530000
2003-02-03,855.7000122,864.6400146,855.7000122,860.3200073,1258500000
2003-02-04,860.3200073,860.3200073,840.1900024,848.2000122,1451600000
2003-02-05,848.2000122,861.6300049,842.1099854,843.5900269,1450800000
2003-02-06,843.5900269,844.2299805,833.25,838.1500244,1430900000
2003-02-07,838.1500244,845.7299805,826.7000122,829.6900024,1276800000
2003-02-10,829.6900024,837.1599731,823.5300293,835.9699707,1238200000
2003-02-11,835.9699707,843.0200195,825.0900269,829.2000122,1307000000
2003-02-12,829.2000122,832.1199951,818.4899902,818.6799927,1260500000
2003-02-13,818.6799927,821.25,806.289978,817.3699951,1489300000
2003-02-14,817.3699951,834.8900146,815.0300293,834.8900146,1404600000
2003-02-18,834.8900146,852.8699951,834.8900146,851.1699829,1250800000
2003-02-19,851.1699829,851.1699829,838.789978,845.1300049,1075600000
2003-02-20,845.1300049,849.3699951,836.5599976,837.0999756,1194100000
2003-02-21,837.0999756,852.2800293,831.4799805,848.1699829,1398200000
2003-02-24,848.1699829,848.1699829,832.1599731,832.5800171,1229200000
2003-02-25,832.5800171,839.5499878,818.539978,838.5700073,1483700000
2003-02-26,838.5700073,840.0999756,826.6799927,827.5499878,1374400000
2003-02-27,827.5499878,842.1900024,827.5499878,837.2800293,1287800000
2003-02-28,837.2800293,847.0,837.2800293,841.1500244,1373300000
2003-03-03,841.1500244,852.3400269,832.7399902,834.8099976,1208900000
2003-03-04,834.8099976,835.4299927,821.960022,821.9899902,1256600000
2003-03-05,821.9899902,829.8699951,819.0,829.8499756,1332700000
2003-03-06,829.8499756,829.8499756,819.8499756,822.0999756,1299200000
2003-03-07,822.0999756,829.5499878,811.2299805,828.8900146,1368500000
2003-03-10,828.8900146,828.8900146,806.5700073,807.4799805,1255000000
2003-03-11,807.4799805,814.25,800.2999878,800.7299805,1427700000
2003-03-12,800.7299805,804.1900024,788.9000244,804.1900024,1620000000
2003-03-13,804.1900024,832.0200195,804.1900024,831.9000244,1816300000
2003-03-14,831.8900146,841.3900146,828.2600098,833.2700195,1541900000
2003-03-17,833.2700195,862.789978,827.1699829,862.789978,1700420000
2003-03-18,862.789978,866.9400024,857.3599854,866.4500122,1555100000
2003-03-19,866.4500122,874.9899902,861.210022,874.0200195,1473400000
2003-03-20,874.0200195,879.5999756,859.0100098,875.6699829,1439100000
2003-03-21,875.8400269,895.9000244,875.8400269,895.789978,1883710000
2003-03-24,895.789978,895.789978,862.0200195,864.2299805,1293000000
2003-03-25,864.2299805,879.8699951,862.5900269,874.7399902,1333400000
2003-03-26,874.7399902,875.7999878,866.4699707,869.9500122,1319700000
2003-03-27,869.9500122,874.1500244,858.0900269,868.5200195,1232900000
2003-03-28,868.5200195,869.8800049,860.8300171,863.5,1227000000
2003-03-31,863.5,863.5,843.6799927,848.1799927,1495500000
2003-04-01,848.1799927,861.2800293,847.8499756,858.4799805,1461600000
2003-04-02,858.4799805,884.5700073,858.4799805,880.9000244,1589800000
2003-04-03,880.9000244,885.8900146,876.1199951,876.4500122,1339500000
2003-04-04,876.4500122,882.7299805,874.2299805,878.8499756,1241200000
2003-04-07,878.8499756,904.8900146,878.8499756,879.9299927,1494000000
2003-04-08,879.9299927,883.1099854,874.6799927,878.289978,1235400000
2003-04-09,878.289978,887.3499756,865.7199707,865.9899902,1293700000
2003-04-10,865.9899902,871.7800293,862.7600098,871.5800171,1275300000
2003-04-11,871.5800171,883.3400269,865.9199829,868.2999878,1141600000
2003-04-14,868.2999878,885.2600098,868.2999878,885.2299805,1131000000
2003-04-15,885.2299805,891.2700195,881.8499756,890.8099976,1460200000
2003-04-16,890.8099976,896.7700195,877.9299927,879.9099731,1587600000
2003-04-17,879.9099731,893.8300171,879.2000122,893.5800171,1430600000
2003-04-21,893.5800171,898.0100098,888.1699829,892.0100098,1118700000
2003-04-22,892.0100098,911.7399902,886.7000122,911.3699951,1631200000
2003-04-23,911.3699951,919.7399902,909.8900146,919.0200195,1667200000
2003-04-24,919.0200195,919.0200195,906.6900024,911.4299927,1648100000
2003-04-25,911.4299927,911.4299927,897.5200195,898.8099976,1335800000
2003-04-28,898.8099976,918.1500244,898.8099976,914.8400269,1273000000
2003-04-29,914.8400269,924.2399902,911.0999756,917.8400269,1525600000
2003-04-30,917.8400269,922.0100098,911.7000122,916.9199829,1788510000
2003-05-01,916.9199829,919.6799927,902.8300171,916.2999878,1397500000
2003-05-02,916.2999878,930.5599976,912.3499756,930.0800171,1554300000
2003-05-05,930.0800171,933.8800049,924.5499878,926.5499878,1446300000
2003-05-06,926.5499878,939.6099854,926.3800049,934.3900146,1649600000
2003-05-07,934.3900146,937.2199707,926.4099731,929.6199951,1531900000
2003-05-08,929.6199951,929.6199951,919.7199707,920.2700195,1379600000
2003-05-09,920.2700195,933.7700195,920.2700195,933.4099731,1326100000
2003-05-12,933.4099731,946.8400269,929.2999878,945.1099854,1378800000
2003-05-13,945.1099854,947.5100098,938.9099731,942.2999878,1418100000
2003-05-14,942.2999878,947.289978,935.2399902,939.2800293,1401800000
2003-05-15,939.2800293,948.2299805,938.789978,946.6699829,1508700000
2003-05-16,946.6699829,948.6500244,938.5999756,944.2999878,1505500000
2003-05-19,944.2999878,944.2999878,920.2299805,920.7700195,1375700000
2003-05-20,920.7700195,925.3400269,912.0499878,919.7299805,1505300000
2003-05-21,919.7299805,923.8499756,914.9099731,923.4199829,1457800000
2003-05-22,923.4199829,935.2999878,922.539978,931.8699951,1448500000
2003-05-23,931.8699951,935.2000122,927.4199829,933.2199707,1201000000
2003-05-27,933.2199707,952.7600098,927.3300171,951.4799805,1532000000
2003-05-28,951.4799805,959.3900146,950.1199951,953.2199707,1559000000
2003-05-29,953.2199707,962.0800171,946.2299805,949.6400146,1685800000
2003-05-30,949.6400146,965.3800049,949.6400146,963.5900269,1688800000
2003-06-02,963.5900269,979.1099854,963.5900269,967.0,1662500000
2003-06-03,967.0,973.0200195,964.4699707,971.5599976,1450200000
2003-06-04,971.5599976,987.8499756,970.7199707,986.2399902,1618700000
2003-06-05,986.2399902,990.1400146,978.1300049,990.1400146,1693100000
2003-06-06,990.1400146,1007.690002,986.0100098,987.7600098,1837200000
2003-06-09,987.7600098,987.7600098,972.5900269,975.9299927,1307000000
2003-06-10,975.9299927,984.8400269,975.9299927,984.8400269,1275400000
2003-06-11,984.8400269,997.4799805,981.6099854,997.4799805,1520000000
2003-06-12,997.4799805,1002.73999,991.2700195,998.5100098,1553100000
2003-06-13,998.5100098,1000.919983,984.2700195,988.6099854,1271600000
2003-06-16,988.6099854,1010.859985,988.6099854,1010.73999,1345900000
2003-06-17,1010.73999,1015.330017,1007.039978,1011.659973,1479700000
2003-06-18,1011.659973,1015.119995,1004.609985,1010.090027,1488900000
2003-06-19,1010.090027,1011.219971,993.0800171,994.7000122,1530100000
2003-06-20,994.7000122,1002.090027,993.3599854,995.6900024,1698000000
2003-06-23,995.6900024,995.6900024,977.4000244,981.6400146,1398100000
2003-06-24,981.6400146,987.8400269,979.0800171,983.4500122,1388300000
2003-06-25,983.4500122,991.6400146,974.8599854,975.3200073,1459200000
2003-06-26,975.3200073,986.5300293,973.7999878,985.8200073,1387400000
2003-06-27,985.8200073,988.8800049,974.289978,976.2199707,1267800000
2003-06-30,976.2199707,983.6099854,973.5999756,974.5,1587200000
2003-07-01,974.5,983.2600098,962.0999756,982.3200073,1460200000
2003-07-02,982.3200073,993.7800293,982.3200073,993.75,1519300000
2003-07-03,993.75,995.0,983.3400269,985.7000122,775900000
2003-07-07,985.7000122,1005.559998,985.7000122,1004.419983,1429100000
2003-07-08,1004.419983,1008.919983,998.7299805,1007.840027,1565700000
2003-07-09,1007.840027,1010.429993,998.1699829,1002.210022,1618000000
2003-07-10,1002.210022,1002.210022,983.6300049,988.7000122,1465700000
2003-07-11,988.7000122,1000.859985,988.7000122,998.1400146,1212700000
2003-07-14,998.1400146,1015.409973,998.1400146,1003.859985,1448900000
2003-07-15,1003.859985,1009.609985,996.6699829,1000.419983,1518600000
2003-07-16,1000.419983,1003.469971,989.2999878,994.0900269,1662000000
2003-07-17,994.0,994.0,978.5999756,981.7299805,1661400000
2003-07-18,981.7299805,994.25,981.710022,993.3200073,1365200000
2003-07-21,993.3200073,993.3200073,975.6300049,978.7999878,1254200000
2003-07-22,978.7999878,990.289978,976.0800171,988.1099854,1439700000
2003-07-23,988.1099854,989.8599854,979.789978,988.6099854,1362700000
2003-07-24,988.6099854,998.8900146,981.0700073,981.5999756,1559000000
2003-07-25,981.5999756,998.710022,977.4899902,998.6799927,1397500000
2003-07-28,998.6799927,1000.679993,993.5900269,996.5200195,1328600000
2003-07-29,996.5200195,998.6400146,984.1500244,989.2800293,1508900000
2003-07-30,989.2800293,992.6199951,985.960022,987.4899902,1391900000
2003-07-31,987.4899902,1004.590027,987.4899902,990.3099976,1608000000
2003-08-01,990.3099976,990.3099976,978.8599854,980.1500244,1390600000
2003-08-04,980.1500244,985.75,966.789978,982.8200073,1318700000
2003-08-05,982.8200073,982.8200073,964.9699707,965.460022,1351700000
2003-08-06,965.460022,975.7399902,960.8400269,967.0800171,1491000000
2003-08-07,967.0800171,974.8900146,963.8200073,974.1199951,1389300000
2003-08-08,974.1199951,980.5700073,973.8300171,977.5900269,1086600000
2003-08-11,977.5900269,985.460022,974.210022,980.5900269,1022200000
2003-08-12,980.5900269,990.4099731,979.9000244,990.3499756,1132300000
2003-08-13,990.3499756,992.5,980.8499756,984.0300293,1208800000
2003-08-14,984.0300293,991.9099731,980.3599854,990.5100098,1186800000
2003-08-15,990.5100098,992.3900146,987.0999756,990.6699829,636370000
2003-08-18,990.6699829,1000.349976,990.6699829,999.7399902,1127600000
2003-08-19,999.7399902,1003.299988,995.2999878,1002.349976,1300600000
2003-08-20,1002.349976,1003.539978,996.6199951,1000.299988,1210800000
2003-08-21,1000.299988,1009.530029,999.3300171,1003.27002,1407100000
2003-08-22,1003.27002,1011.01001,992.6199951,993.0599976,1308900000
2003-08-25,993.0599976,993.710022,987.9099731,993.710022,971700000
2003-08-26,993.710022,997.9299927,983.5700073,996.7299805,1178700000
2003-08-27,996.7299805,998.0499878,993.3300171,996.789978,1051400000
2003-08-28,996.789978,1004.119995,991.4199829,1002.840027,1165200000
2003-08-29,1002.840027,1008.849976,999.5200195,1008.01001,945100000
2003-09-02,1008.01001,1022.590027,1005.72998,1021.98999,1470500000
2003-09-03,1021.98999,1029.339966,1021.98999,1026.27002,1675600000
2003-09-04,1026.27002,1029.170044,1022.190002,1027.969971,1453900000
2003-09-05,1027.969971,1029.209961,1018.190002,1021.390015,1465200000
2003-09-08,1021.390015,1032.410034,1021.390015,1031.640015,1299300000
2003-09-09,1031.640015,1031.640015,1021.140015,1023.169983,1414800000
2003-09-10,1023.169983,1023.169983,1009.73999,1010.919983,1582100000
2003-09-11,1010.919983,1020.880005,1010.919983,1016.419983,1335900000
2003-09-12,1016.419983,1019.650024,1007.710022,1018.630005,1236700000
2003-09-15,1018.630005,1019.789978,1013.590027,1014.809998,1151300000
2003-09-16,1014.809998,1029.660034,1014.809998,1029.319946,1403200000
2003-09-17,1029.319946,1031.339966,1024.530029,1025.969971,1338210000
2003-09-18,1025.969971,1040.160034,1025.75,1039.579956,1498800000
2003-09-19,1039.579956,1040.290039,1031.890015,1036.300049,1518600000
2003-09-22,1036.300049,1036.300049,1018.299988,1022.820007,1278800000
2003-09-23,1022.820007,1030.119995,1021.539978,1029.030029,1301700000
2003-09-24,1029.030029,1029.829956,1008.929993,1009.380005,1556000000
2003-09-25,1009.380005,1015.969971,1003.26001,1003.27002,1530000000
2003-09-26,1003.27002,1003.450012,996.0800171,996.8499756,1472500000
2003-09-29,996.8499756,1006.890015,995.3099976,1006.580017,1366500000
2003-09-30,1006.580017,1006.580017,990.3599854,995.9699707,1590500000
2003-10-01,995.9699707,1018.219971,995.9699707,1018.219971,1566300000
2003-10-02,1018.219971,1021.869995,1013.380005,1020.23999,1269300000
2003-10-03,1020.23999,1039.310059,1020.23999,1029.849976,1570500000
2003-10-06,1029.849976,1036.47998,1029.150024,1034.349976,1025800000
2003-10-07,1034.349976,1039.25,1026.27002,1039.25,1279500000
2003-10-08,1039.25,1040.060059,1030.959961,1033.780029,1262500000
2003-10-09,1033.780029,1048.280029,1033.780029,1038.72998,1578700000
2003-10-10,1038.72998,1040.839966,1035.73999,1038.060059,1108100000
2003-10-13,1038.060059,1048.900024,1038.060059,1045.349976,1040500000
2003-10-14,1045.349976,1049.48999,1040.839966,1049.47998,1271900000
2003-10-15,1049.47998,1053.790039,1043.150024,1046.76001,1521100000
2003-10-16,1046.76001,1052.939941,1044.040039,1050.069946,1417700000
2003-10-17,1050.069946,1051.890015,1036.569946,1039.319946,1352000000
2003-10-20,1039.319946,1044.689941,1036.130005,1044.680054,1172600000
2003-10-21,1044.680054,1048.569946,1042.589966,1046.030029,1498000000
2003-10-22,1046.030029,1046.030029,1028.390015,1030.359985,1647200000
2003-10-23,1030.359985,1035.439941,1025.890015,1033.77002,1604300000
2003-10-24,1033.77002,1033.77002,1018.320007,1028.910034,1420300000
2003-10-27,1028.910034,1037.75,1028.910034,1031.130005,1371800000
2003-10-28,1031.130005,1046.790039,1031.130005,1046.790039,1629200000
2003-10-29,1046.790039,1049.829956,1043.349976,1048.109985,1562600000
2003-10-30,1048.109985,1052.810059,1043.819946,1046.939941,1629700000
2003-10-31,1046.939941,1053.089966,1046.939941,1050.709961,1498900000
2003-11-03,1050.709961,1061.439941,1050.709961,1059.02002,1378200000
2003-11-04,1059.02002,1059.02002,1051.699951,1053.25,1417600000
2003-11-05,1053.25,1054.540039,1044.880005,1051.810059,1401800000
2003-11-06,1051.810059,1058.939941,1046.930054,1058.050049,1453900000
2003-11-07,1058.050049,1062.390015,1052.170044,1053.209961,1440500000
2003-11-10,1053.209961,1053.650024,1045.579956,1047.109985,1243600000
2003-11-11,1047.109985,1048.22998,1043.459961,1046.569946,1162500000
2003-11-12,1046.569946,1059.099976,1046.569946,1058.530029,1349300000
2003-11-13,1058.560059,1059.619995,1052.959961,1058.410034,1383000000
2003-11-14,1058.410034,1063.650024,1048.109985,1050.349976,1356100000
2003-11-17,1050.349976,1050.349976,1035.280029,1043.630005,1374300000
2003-11-18,1043.630005,1048.77002,1034.0,1034.150024,1354300000
2003-11-19,1034.150024,1043.949951,1034.150024,1042.439941,1326200000
2003-11-20,1042.439941,1046.47998,1033.420044,1033.650024,1326700000
2003-11-21,1033.650024,1037.569946,1031.199951,1035.280029,1273800000
2003-11-24,1035.280029,1052.079956,1035.280029,1052.079956,1302800000
2003-11-25,1052.079956,1058.050049,1049.310059,1053.890015,1333700000
2003-11-26,1053.890015,1058.449951,1048.280029,1058.449951,1097700000
2003-11-28,1058.449951,1060.630005,1056.77002,1058.199951,487220000
2003-12-01,1058.199951,1070.469971,1058.199951,1070.119995,1375000000
2003-12-02,1070.119995,1071.219971,1065.219971,1066.619995,1383200000
2003-12-03,1066.619995,1074.300049,1064.630005,1064.72998,1441700000
2003-12-04,1064.72998,1070.369995,1063.150024,1069.719971,1463100000
2003-12-05,1069.719971,1069.719971,1060.089966,1061.5,1265900000
2003-12-08,1061.5,1069.589966,1060.930054,1069.300049,1218900000
2003-12-09,1069.300049,1071.939941,1059.160034,1060.180054,1465500000
2003-12-10,1060.180054,1063.02002,1053.410034,1059.050049,1444000000
2003-12-11,1059.050049,1073.630005,1059.050049,1071.209961,1441100000
2003-12-12,1071.209961,1074.76001,1067.640015,1074.140015,1223100000
2003-12-15,1074.140015,1082.790039,1068.0,1068.040039,1520800000
2003-12-16,1068.040039,1075.939941,1068.040039,1075.130005,1547900000
2003-12-17,1075.130005,1076.540039,1071.140015,1076.47998,1441700000
2003-12-18,1076.47998,1089.5,1076.47998,1089.180054,1579900000
2003-12-19,1089.180054,1091.060059,1084.189941,1088.660034,1657300000
2003-12-22,1088.660034,1092.939941,1086.140015,1092.939941,1251700000
2003-12-23,1092.939941,1096.949951,1091.72998,1096.02002,1145300000
2003-12-24,1096.02002,1096.400024,1092.72998,1094.040039,518060000
2003-12-26,1094.040039,1098.469971,1094.040039,1095.890015,356070000
2003-12-29,1095.890015,1109.47998,1095.890015,1109.47998,1058800000
2003-12-30,1109.47998,1109.75,1106.410034,1109.640015,1012600000
2003-12-31,1109.640015,1112.560059,1106.209961,1111.920044,1027500000
2004-01-02,1111.920044,1118.849976,1105.079956,1108.47998,1153200000
2004-01-05,1108.47998,1122.219971,1108.47998,1122.219971,1578200000
2004-01-06,1122.219971,1124.459961,1118.439941,1123.670044,1494500000
2004-01-07,1123.670044,1126.329956,1116.449951,1126.329956,1704900000
2004-01-08,1126.329956,1131.920044,1124.910034,1131.920044,1868400000
2004-01-09,1131.920044,1131.920044,1120.900024,1121.859985,1720700000
2004-01-12,1121.859985,1127.849976,1120.900024,1127.22998,1510200000
2004-01-13,1127.22998,1129.069946,1115.189941,1121.219971,1595900000
2004-01-14,1121.219971,1130.75,1121.219971,1130.52002,1514600000
2004-01-15,1130.52002,1137.109985,1124.540039,1132.050049,1695000000
2004-01-16,1132.050049,1139.829956,1132.050049,1139.829956,1721100000
2004-01-20,1139.829956,1142.930054,1135.400024,1138.77002,1698200000
2004-01-21,1138.77002,1149.209961,1134.619995,1147.619995,1757600000
2004-01-22,1147.619995,1150.51001,1143.01001,1143.939941,1693700000
2004-01-23,1143.939941,1150.310059,1136.849976,1141.550049,1561200000
2004-01-26,1141.550049,1155.380005,1141.0,1155.369995,1480600000
2004-01-27,1155.369995,1155.369995,1144.050049,1144.050049,1673100000
2004-01-28,1144.050049,1149.140015,1126.5,1128.47998,1842000000
2004-01-29,1128.47998,1134.390015,1122.380005,1134.109985,1921900000
2004-01-30,1134.109985,1134.170044,1127.72998,1131.130005,1635000000
2004-02-02,1131.130005,1142.449951,1127.869995,1135.26001,1599200000
2004-02-03,1135.26001,1137.439941,1131.329956,1136.030029,1476900000
2004-02-04,1136.030029,1136.030029,1124.73999,1126.52002,1634800000
2004-02-05,1126.52002,1131.170044,1124.439941,1128.589966,1566600000
2004-02-06,1128.589966,1142.790039,1128.390015,1142.76001,1477600000
2004-02-09,1142.76001,1144.459961,1139.209961,1139.810059,1303500000
2004-02-10,1139.810059,1147.02002,1138.699951,1145.540039,1403900000
2004-02-11,1145.540039,1158.890015,1142.329956,1157.76001,1699300000
2004-02-12,1157.76001,1157.76001,1151.439941,1152.109985,1464300000
2004-02-13,1152.109985,1156.880005,1143.23999,1145.810059,1329200000
2004-02-17,1145.810059,1158.97998,1145.810059,1156.98999,1396500000
2004-02-18,1156.98999,1157.400024,1149.540039,1151.819946,1382400000
2004-02-19,1151.819946,1158.569946,1146.849976,1147.060059,1562800000
2004-02-20,1147.060059,1149.810059,1139.0,1144.109985,1479600000
2004-02-23,1144.109985,1146.689941,1136.97998,1140.98999,1380400000
2004-02-24,1140.98999,1144.540039,1134.430054,1139.089966,1543600000
2004-02-25,1139.089966,1145.23999,1138.959961,1143.670044,1360700000
2004-02-26,1143.670044,1147.22998,1138.619995,1144.910034,1383900000
2004-02-27,1145.800049,1151.680054,1141.800049,1144.939941,1540400000
2004-03-01,1144.939941,1157.449951,1144.939941,1155.969971,1497100000
2004-03-02,1155.969971,1156.540039,1147.310059,1149.099976,1476000000
2004-03-03,1149.099976,1152.439941,1143.780029,1151.030029,1334500000
2004-03-04,1151.030029,1154.969971,1149.810059,1154.869995,1265800000
2004-03-05,1154.869995,1163.22998,1148.77002,1156.859985,1398200000
2004-03-08,1156.859985,1159.939941,1146.969971,1147.199951,1254400000
2004-03-09,1147.199951,1147.319946,1136.839966,1140.579956,1499400000
2004-03-10,1140.579956,1141.449951,1122.530029,1123.890015,1648400000
2004-03-11,1123.890015,1125.959961,1105.869995,1106.780029,1889900000
2004-03-12,1106.780029,1120.630005,1106.780029,1120.569946,1388500000
2004-03-15,1120.569946,1120.569946,1103.359985,1104.48999,1600600000
2004-03-16,1104.48999,1113.76001,1102.609985,1110.699951,1500700000
2004-03-17,1110.699951,1125.76001,1110.699951,1123.75,1490100000
2004-03-18,1123.75,1125.5,1113.25,1122.319946,1369200000
2004-03-19,1122.319946,1122.719971,1109.689941,1109.780029,1457400000
2004-03-22,1109.780029,1109.780029,1089.540039,1095.400024,1452300000
2004-03-23,1095.400024,1101.52002,1091.569946,1093.949951,1458200000
2004-03-24,1093.949951,1098.319946,1087.160034,1091.329956,1527800000
2004-03-25,1091.329956,1110.380005,1091.329956,1109.189941,1471700000
2004-03-26,1109.189941,1115.27002,1106.130005,1108.060059,1319100000
2004-03-29,1108.060059,1124.369995,1108.060059,1122.469971,1405500000
2004-03-30,1122.469971,1127.599976,1119.660034,1127.0,1332400000
2004-03-31,1127.0,1130.829956,1121.459961,1126.209961,1560700000
2004-04-01,1126.209961,1135.670044,1126.199951,1132.170044,1560700000
2004-04-02,1132.170044,1144.810059,1132.170044,1141.810059,1629200000
2004-04-05,1141.810059,1150.569946,1141.640015,1150.569946,1413700000
2004-04-06,1150.569946,1150.569946,1143.300049,1148.160034,1397700000
2004-04-07,1148.160034,1148.160034,1138.410034,1140.530029,1458800000
2004-04-08,1140.530029,1148.969971,1134.52002,1139.319946,1199800000
2004-04-12,1139.319946,1147.290039,1139.319946,1145.199951,1102400000
2004-04-13,1145.199951,1147.780029,1127.699951,1129.439941,1423200000
2004-04-14,1129.439941,1132.52002,1122.150024,1128.170044,1547700000
2004-04-15,1128.170044,1134.079956,1120.75,1128.839966,1568700000
2004-04-16,1128.839966,1136.800049,1126.900024,1134.609985,1487800000
2004-04-19,1134.560059,1136.180054,1129.839966,1135.819946,1194900000
2004-04-20,1135.819946,1139.26001,1118.089966,1118.150024,1508500000
2004-04-21,1118.150024,1125.719971,1116.030029,1124.089966,1738100000
2004-04-22,1124.089966,1142.77002,1121.949951,1139.930054,1826700000
2004-04-23,1139.930054,1141.920044,1134.810059,1140.599976,1396100000
2004-04-26,1140.599976,1145.079956,1132.910034,1135.530029,1290600000
2004-04-27,1135.530029,1146.560059,1135.530029,1138.109985,1518000000
2004-04-28,1138.109985,1138.109985,1121.699951,1122.410034,1855600000
2004-04-29,1122.410034,1128.800049,1108.040039,1113.890015,1859000000
2004-04-30,1113.890015,1119.26001,1107.22998,1107.300049,1634700000
2004-05-03,1107.300049,1118.719971,1107.300049,1117.48999,1571600000
2004-05-04,1117.48999,1127.73999,1112.890015,1119.550049,1662100000
2004-05-05,1119.550049,1125.069946,1117.900024,1121.530029,1469000000
2004-05-06,1121.530029,1121.530029,1106.300049,1113.98999,1509300000
2004-05-07,1113.98999,1117.300049,1098.630005,1098.699951,1653600000
2004-05-10,1098.699951,1098.699951,1079.630005,1087.119995,1918400000
2004-05-11,1087.119995,1095.689941,1087.119995,1095.449951,1533800000
2004-05-12,1095.449951,1097.550049,1076.319946,1097.280029,1697600000
2004-05-13,1097.280029,1102.77002,1091.76001,1096.439941,1411100000
2004-05-14,1096.439941,1102.099976,1088.23999,1095.699951,1335900000
2004-05-17,1095.699951,1095.699951,1079.359985,1084.099976,1430100000
2004-05-18,1084.099976,1094.099976,1084.099976,1091.48999,1353000000
2004-05-19,1091.48999,1105.930054,1088.48999,1088.680054,1548600000
2004-05-20,1088.680054,1092.619995,1085.430054,1089.189941,1211000000
2004-05-21,1089.189941,1099.640015,1089.189941,1093.560059,1258600000
2004-05-24,1093.560059,1101.280029,1091.77002,1095.410034,1227500000
2004-05-25,1095.410034,1113.800049,1090.73999,1113.050049,1545700000
2004-05-26,1113.050049,1116.709961,1109.910034,1114.939941,1369400000
2004-05-27,1114.939941,1123.949951,1114.859985,1121.280029,1447500000
2004-05-28,1121.280029,1122.689941,1118.099976,1120.680054,1172600000
2004-06-01,1120.680054,1122.699951,1113.319946,1121.199951,1238000000
2004-06-02,1121.199951,1128.099976,1118.640015,1124.98999,1251700000
2004-06-03,1124.98999,1125.310059,1116.569946,1116.640015,1232400000
2004-06-04,1116.640015,1129.170044,1116.640015,1122.5,1115300000
2004-06-07,1122.5,1140.540039,1122.5,1140.420044,1211800000
2004-06-08,1140.420044,1142.180054,1135.449951,1142.180054,1190300000
2004-06-09,1142.180054,1142.180054,1131.170044,1131.329956,1276800000
2004-06-10,1131.329956,1136.469971,1131.329956,1136.469971,1160600000
2004-06-14,1136.469971,1136.469971,1122.160034,1125.290039,1179400000
2004-06-15,1125.290039,1137.359985,1125.290039,1132.01001,1345900000
2004-06-16,1132.01001,1135.280029,1130.550049,1133.560059,1168400000
2004-06-17,1133.560059,1133.560059,1126.890015,1132.050049,1296700000
2004-06-18,1132.050049,1138.959961,1129.829956,1135.02002,1500600000
2004-06-21,1135.02002,1138.050049,1129.640015,1130.300049,1123900000
2004-06-22,1130.300049,1135.050049,1124.369995,1134.410034,1382300000
2004-06-23,1134.410034,1145.150024,1131.72998,1144.060059,1444200000
2004-06-24,1144.060059,1146.339966,1139.939941,1140.650024,1394900000
2004-06-25,1140.650024,1145.969971,1134.23999,1134.430054,1812900000
2004-06-28,1134.430054,1142.599976,1131.719971,1133.349976,1354600000
2004-06-29,1133.349976,1138.26001,1131.810059,1136.199951,1375000000
2004-06-30,1136.199951,1144.199951,1133.619995,1140.839966,1473800000
2004-07-01,1140.839966,1140.839966,1123.060059,1128.939941,1495700000
2004-07-02,1128.939941,1129.150024,1123.26001,1125.380005,1085000000
2004-07-06,1125.380005,1125.380005,1113.209961,1116.209961,1283300000
2004-07-07,1116.209961,1122.369995,1114.920044,1118.329956,1328600000
2004-07-08,1118.329956,1119.119995,1108.719971,1109.109985,1401100000
2004-07-09,1109.109985,1115.569946,1109.109985,1112.810059,1186300000
2004-07-12,1112.810059,1116.109985,1106.709961,1114.349976,1114600000
2004-07-13,1114.349976,1116.300049,1112.98999,1115.140015,1199700000
2004-07-14,1115.140015,1119.599976,1107.829956,1111.469971,1462000000
2004-07-15,1111.469971,1114.630005,1106.670044,1106.689941,1408700000
2004-07-16,1106.689941,1112.170044,1101.069946,1101.390015,1450300000
2004-07-19,1101.390015,1105.52002,1096.550049,1100.900024,1319900000
2004-07-20,1100.900024,1108.880005,1099.099976,1108.670044,1445800000
2004-07-21,1108.670044,1116.27002,1093.880005,1093.880005,1679500000
2004-07-22,1093.880005,1099.660034,1084.160034,1096.839966,1680800000
2004-07-23,1096.839966,1096.839966,1083.560059,1086.199951,1337500000
2004-07-26,1086.199951,1089.819946,1078.780029,1084.069946,1413400000
2004-07-27,1084.069946,1096.650024,1084.069946,1094.829956,1610800000
2004-07-28,1094.829956,1098.839966,1082.170044,1095.420044,1554300000
2004-07-29,1095.420044,1103.51001,1095.420044,1100.430054,1530100000
2004-07-30,1100.430054,1103.72998,1096.959961,1101.719971,1298200000
2004-08-02,1101.719971,1108.599976,1097.339966,1106.619995,1276000000
2004-08-03,1106.619995,1106.619995,1099.26001,1099.689941,1338300000
2004-08-04,1099.689941,1102.449951,1092.400024,1098.630005,1369200000
2004-08-05,1098.630005,1098.790039,1079.97998,1080.699951,1397400000
2004-08-06,1080.699951,1080.699951,1062.22998,1063.969971,1521000000
2004-08-09,1063.969971,1069.459961,1063.969971,1065.219971,1086000000
2004-08-10,1065.219971,1079.040039,1065.219971,1079.040039,1245600000
2004-08-11,1079.040039,1079.040039,1065.920044,1075.790039,1410400000
2004-08-12,1075.790039,1075.790039,1062.819946,1063.22998,1405100000
2004-08-13,1063.22998,1067.579956,1060.719971,1064.800049,1175100000
2004-08-16,1064.800049,1080.660034,1064.800049,1079.339966,1206200000
2004-08-17,1079.339966,1086.780029,1079.339966,1081.709961,1267800000
2004-08-18,1081.709961,1095.170044,1078.930054,1095.170044,1282500000
2004-08-19,1095.170044,1095.170044,1086.280029,1091.22998,1249400000
2004-08-20,1091.22998,1100.26001,1089.569946,1098.349976,1199900000
2004-08-23,1098.349976,1101.400024,1094.72998,1095.680054,1021900000
2004-08-24,1095.680054,1100.939941,1092.819946,1096.189941,1092500000
2004-08-25,1096.189941,1106.290039,1093.23999,1104.959961,1192200000
2004-08-26,1104.959961,1106.780029,1102.459961,1105.089966,1023600000
2004-08-27,1105.089966,1109.680054,1104.619995,1107.77002,845400000
2004-08-30,1107.77002,1107.77002,1099.150024,1099.150024,843100000
2004-08-31,1099.150024,1104.23999,1094.719971,1104.23999,1138200000
2004-09-01,1104.23999,1109.23999,1099.180054,1105.910034,1142100000
2004-09-02,1105.910034,1119.109985,1105.599976,1118.310059,1118400000
2004-09-03,1118.310059,1120.800049,1113.569946,1113.630005,924170000
2004-09-07,1113.630005,1124.079956,1113.630005,1121.300049,1214400000
2004-09-08,1121.300049,1123.050049,1116.27002,1116.27002,1246300000
2004-09-09,1116.27002,1121.300049,1113.619995,1118.380005,1371300000
2004-09-10,1118.380005,1125.26001,1114.390015,1123.920044,1261200000
2004-09-13,1123.920044,1129.780029,1123.349976,1125.819946,1299800000
2004-09-14,1125.819946,1129.459961,1124.719971,1128.329956,1204500000
2004-09-15,1128.329956,1128.329956,1119.819946,1120.369995,1256000000
2004-09-16,1120.369995,1126.060059,1120.369995,1123.5,1113900000
2004-09-17,1123.5,1130.140015,1123.5,1128.550049,1422600000
2004-09-20,1128.550049,1128.550049,1120.339966,1122.199951,1197600000
2004-09-21,1122.199951,1131.540039,1122.199951,1129.300049,1325000000
2004-09-22,1129.300049,1129.300049,1112.670044,1113.560059,1379900000
2004-09-23,1113.560059,1113.609985,1108.050049,1108.359985,1286300000
2004-09-24,1108.359985,1113.810059,1108.359985,1110.109985,1255400000
2004-09-27,1110.109985,1110.109985,1103.23999,1103.52002,1263500000
2004-09-28,1103.52002,1111.77002,1101.290039,1110.060059,1396600000
2004-09-29,1110.060059,1114.800049,1107.420044,1114.800049,1402900000
2004-09-30,1114.800049,1116.310059,1109.680054,1114.579956,1748000000
2004-10-01,1114.579956,1131.640015,1114.579956,1131.5,1582200000
2004-10-04,1131.5,1140.130005,1131.5,1135.170044,1534000000
2004-10-05,1135.170044,1137.869995,1132.030029,1134.47998,1418400000
2004-10-06,1134.47998,1142.050049,1132.939941,1142.050049,1416700000
2004-10-07,1142.050049,1142.050049,1130.5,1130.650024,1447500000
2004-10-08,1130.650024,1132.920044,1120.189941,1122.140015,1291600000
2004-10-11,1122.140015,1126.199951,1122.140015,1124.390015,943800000
2004-10-12,1124.390015,1124.390015,1115.77002,1121.839966,1320100000
2004-10-13,1121.839966,1127.01001,1109.630005,1113.650024,1546200000
2004-10-14,1113.650024,1114.959961,1102.060059,1103.290039,1489500000
2004-10-15,1103.290039,1113.170044,1102.140015,1108.199951,1645100000
2004-10-18,1108.199951,1114.459961,1103.329956,1114.02002,1373300000
2004-10-19,1114.02002,1117.959961,1103.150024,1103.22998,1737500000
2004-10-20,1103.22998,1104.089966,1094.25,1103.660034,1685700000
2004-10-21,1103.660034,1108.869995,1098.469971,1106.48999,1673000000
2004-10-22,1106.48999,1108.140015,1095.469971,1095.73999,1469600000
2004-10-25,1095.73999,1096.810059,1090.290039,1094.800049,1380500000
2004-10-26,1094.810059,1111.099976,1094.810059,1111.089966,1685400000
2004-10-27,1111.089966,1126.290039,1107.430054,1125.400024,1741900000
2004-10-28,1125.339966,1130.670044,1120.599976,1127.439941,1628200000
2004-10-29,1127.439941,1131.400024,1124.619995,1130.199951,1500800000
2004-11-01,1130.199951,1133.410034,1127.599976,1130.51001,1395900000
2004-11-02,1130.51001,1140.47998,1128.119995,1130.560059,1659000000
2004-11-03,1130.540039,1147.569946,1130.540039,1143.199951,1767500000
2004-11-04,1143.199951,1161.670044,1142.339966,1161.670044,1782700000
2004-11-05,1161.670044,1170.869995,1160.660034,1166.170044,1724400000
2004-11-08,1166.170044,1166.77002,1162.319946,1164.890015,1358700000
2004-11-09,1164.890015,1168.959961,1162.47998,1164.079956,1450800000
2004-11-10,1164.079956,1169.25,1162.51001,1162.910034,1504300000
2004-11-11,1162.910034,1174.800049,1162.910034,1173.47998,1393000000
2004-11-12,1173.47998,1184.170044,1171.430054,1184.170044,1531600000
2004-11-15,1184.170044,1184.47998,1179.849976,1183.810059,1453300000
2004-11-16,1183.810059,1183.810059,1175.319946,1175.430054,1364400000
2004-11-17,1175.430054,1188.459961,1175.430054,1181.939941,1684200000
2004-11-18,1181.939941,1184.900024,1180.150024,1183.550049,1456700000
2004-11-19,1183.550049,1184.0,1169.189941,1170.339966,1526600000
2004-11-22,1170.339966,1178.180054,1167.890015,1177.23999,1392700000
2004-11-23,1177.23999,1179.52002,1171.410034,1176.939941,1428300000
2004-11-24,1176.939941,1182.459961,1176.939941,1181.76001,1149600000
2004-11-26,1181.76001,1186.619995,1181.079956,1182.650024,504580000
2004-11-29,1182.650024,1186.939941,1172.369995,1178.569946,1378500000
2004-11-30,1178.569946,1178.660034,1173.810059,1173.819946,1553500000
2004-12-01,1173.780029,1191.369995,1173.780029,1191.369995,1772800000
2004-12-02,1191.369995,1194.800049,1186.719971,1190.329956,1774900000
2004-12-03,1190.329956,1197.459961,1187.709961,1191.170044,1566700000
2004-12-06,1191.170044,1192.410034,1185.180054,1190.25,1354400000
2004-12-07,1190.25,1192.170044,1177.069946,1177.069946,1533900000
2004-12-08,1177.069946,1184.050049,1177.069946,1182.810059,1525200000
2004-12-09,1182.810059,1190.51001,1173.790039,1189.23999,1624700000
2004-12-10,1189.23999,1191.449951,1185.23999,1188.0,1443700000
2004-12-13,1188.0,1198.73999,1188.0,1198.680054,1436100000
2004-12-14,1198.680054,1205.290039,1197.839966,1203.380005,1544400000
2004-12-15,1203.380005,1206.609985,1199.439941,1205.719971,1695800000
2004-12-16,1205.719971,1207.969971,1198.410034,1203.209961,1793900000
2004-12-17,1203.209961,1203.209961,1193.48999,1194.199951,2335000000
2004-12-20,1194.199951,1203.430054,1193.359985,1194.650024,1422800000
2004-12-21,1194.650024,1205.930054,1194.650024,1205.449951,1483700000
2004-12-22,1205.449951,1211.420044,1203.849976,1209.569946,1390800000
2004-12-23,1209.569946,1213.660034,1208.709961,1210.130005,956100000
2004-12-27,1210.130005,1214.130005,1204.920044,1204.920044,922000000
2004-12-28,1204.920044,1213.540039,1204.920044,1213.540039,983000000
2004-12-29,1213.540039,1213.849976,1210.949951,1213.449951,925900000
2004-12-30,1213.449951,1216.469971,1213.410034,1213.550049,829800000
2004-12-31,1213.550049,1217.329956,1211.650024,1211.920044,786900000
2005-01-03,1211.920044,1217.800049,1200.319946,1202.079956,1510800000
2005-01-04,1202.079956,1205.839966,1185.390015,1188.050049,1721000000
2005-01-05,1188.050049,1192.72998,1183.719971,1183.73999,1738900000
2005-01-06,1183.73999,1191.630005,1183.27002,1187.890015,1569100000
2005-01-07,1187.890015,1192.199951,1182.160034,1186.189941,1477900000
2005-01-10,1186.189941,1194.780029,1184.800049,1190.25,1490400000
2005-01-11,1190.25,1190.25,1180.430054,1182.98999,1488800000
2005-01-12,1182.98999,1187.920044,1175.640015,1187.699951,1562100000
2005-01-13,1187.699951,1187.699951,1175.810059,1177.449951,1510300000
2005-01-14,1177.449951,1185.209961,1177.449951,1184.52002,1335400000
2005-01-18,1184.52002,1195.97998,1180.099976,1195.97998,1596800000
2005-01-19,1195.97998,1195.97998,1184.410034,1184.630005,1498700000
2005-01-20,1184.630005,1184.630005,1173.420044,1175.410034,1692000000
2005-01-21,1175.410034,1179.449951,1167.819946,1167.869995,1643500000
2005-01-24,1167.869995,1173.030029,1163.75,1163.75,1494600000
2005-01-25,1163.75,1174.300049,1163.75,1168.410034,1610400000
2005-01-26,1168.410034,1175.959961,1168.410034,1174.069946,1635900000
2005-01-27,1174.069946,1177.5,1170.150024,1174.550049,1600600000
2005-01-28,1174.550049,1175.609985,1166.25,1171.359985,1641800000
2005-01-31,1171.359985,1182.069946,1171.359985,1181.27002,1679800000
2005-02-01,1181.27002,1190.390015,1180.949951,1189.410034,1681980000
2005-02-02,1189.410034,1195.25,1188.920044,1193.189941,1561740000
2005-02-03,1193.189941,1193.189941,1185.640015,1189.890015,1554460000
2005-02-04,1189.890015,1203.469971,1189.670044,1203.030029,1648160000
2005-02-07,1203.030029,1204.150024,1199.27002,1201.719971,1347270000
2005-02-08,1201.719971,1205.109985,1200.160034,1202.300049,1416170000
2005-02-09,1202.300049,1203.829956,1191.540039,1191.98999,1511040000
2005-02-10,1191.98999,1198.75,1191.540039,1197.01001,1491670000
2005-02-11,1197.01001,1208.380005,1193.280029,1205.300049,1562300000
2005-02-14,1205.300049,1206.930054,1203.589966,1206.140015,1290180000
2005-02-15,1206.140015,1212.439941,1205.52002,1210.119995,1527080000
2005-02-16,1210.119995,1212.439941,1205.060059,1210.339966,1490100000
2005-02-17,1210.339966,1211.329956,1200.73999,1200.75,1580120000
2005-02-18,1200.75,1202.920044,1197.349976,1201.589966,1551200000
2005-02-22,1201.589966,1202.47998,1184.160034,1184.160034,1744940000
2005-02-23,1184.160034,1193.52002,1184.160034,1190.800049,1501090000
2005-02-24,1190.800049,1200.420044,1187.800049,1200.199951,1518750000
2005-02-25,1200.199951,1212.150024,1199.609985,1211.369995,1523680000
2005-02-28,1211.369995,1211.369995,1198.130005,1203.599976,1795480000
2005-03-01,1203.599976,1212.25,1203.599976,1210.410034,1708060000
2005-03-02,1210.410034,1215.790039,1204.219971,1210.079956,1568540000
2005-03-03,1210.079956,1215.719971,1204.449951,1210.469971,1616240000
2005-03-04,1210.469971,1224.76001,1210.469971,1222.119995,1636820000
2005-03-07,1222.119995,1229.109985,1222.119995,1225.310059,1488830000
2005-03-08,1225.310059,1225.689941,1218.569946,1219.430054,1523090000
2005-03-09,1219.430054,1219.430054,1206.660034,1207.01001,1704970000
2005-03-10,1207.01001,1211.22998,1201.410034,1209.25,1604020000
2005-03-11,1209.25,1213.040039,1198.150024,1200.079956,1449820000
2005-03-14,1200.079956,1206.829956,1199.51001,1206.829956,1437430000
2005-03-15,1206.829956,1210.540039,1197.75,1197.75,1513530000
2005-03-16,1197.75,1197.75,1185.609985,1188.069946,1653190000
2005-03-17,1188.069946,1193.280029,1186.339966,1190.209961,1581930000
2005-03-18,1190.209961,1191.97998,1182.780029,1189.650024,2344370000
2005-03-21,1189.650024,1189.650024,1178.819946,1183.780029,1819440000
2005-03-22,1183.780029,1189.589966,1171.630005,1171.709961,2114470000
2005-03-23,1171.709961,1176.26001,1168.699951,1172.530029,2246870000
2005-03-24,1172.530029,1180.109985,1171.420044,1171.420044,1721720000
2005-03-28,1171.420044,1179.910034,1171.420044,1174.280029,1746220000
2005-03-29,1174.280029,1179.390015,1163.689941,1165.359985,2223250000
2005-03-30,1165.359985,1181.540039,1165.359985,1181.410034,2097110000
2005-03-31,1181.410034,1184.530029,1179.48999,1180.589966,2214230000
2005-04-01,1180.589966,1189.800049,1169.910034,1172.920044,2168690000
2005-04-04,1172.790039,1178.609985,1167.719971,1176.119995,2079770000
2005-04-05,1176.119995,1183.560059,1176.119995,1181.390015,1870800000
2005-04-06,1181.390015,1189.339966,1181.390015,1184.069946,1797400000
2005-04-07,1184.069946,1191.880005,1183.810059,1191.140015,1900620000
2005-04-08,1191.140015,1191.75,1181.130005,1181.199951,1661330000
2005-04-11,1181.199951,1184.069946,1178.689941,1181.209961,1525310000
2005-04-12,1181.209961,1190.170044,1170.849976,1187.76001,1979830000
2005-04-13,1187.76001,1187.76001,1171.400024,1173.790039,2049740000
2005-04-14,1173.790039,1174.670044,1161.699951,1162.050049,2355040000
2005-04-15,1162.050049,1162.050049,1141.920044,1142.619995,2689960000
2005-04-18,1142.619995,1148.920044,1139.800049,1145.97998,2180670000
2005-04-19,1145.97998,1154.670044,1145.97998,1152.780029,2142700000
2005-04-20,1152.780029,1155.5,1136.150024,1137.5,2217050000
2005-04-21,1137.5,1159.949951,1137.5,1159.949951,2308560000
2005-04-22,1159.949951,1159.949951,1142.949951,1152.119995,2045880000
2005-04-25,1152.119995,1164.050049,1152.119995,1162.099976,1795030000
2005-04-26,1162.099976,1164.800049,1151.829956,1151.829956,1959740000
2005-04-27,1151.73999,1159.869995,1144.420044,1156.380005,2151520000
2005-04-28,1156.380005,1156.380005,1143.219971,1143.219971,2182270000
2005-04-29,1143.219971,1156.969971,1139.189941,1156.849976,2362360000
2005-05-02,1156.849976,1162.869995,1154.709961,1162.160034,1980040000
2005-05-03,1162.160034,1166.890015,1156.709961,1161.170044,2167020000
2005-05-04,1161.170044,1176.01001,1161.170044,1175.650024,2306480000
2005-05-05,1175.650024,1178.619995,1166.77002,1172.630005,1997100000
2005-05-06,1172.630005,1177.75,1170.5,1171.349976,1707200000
2005-05-09,1171.349976,1178.869995,1169.380005,1178.839966,1857020000
2005-05-10,1178.839966,1178.839966,1162.97998,1166.219971,1889660000
2005-05-11,1166.219971,1171.77002,1157.709961,1171.109985,1834970000
2005-05-12,1171.109985,1173.369995,1157.76001,1159.359985,1995290000
2005-05-13,1159.359985,1163.75,1146.180054,1154.050049,2188590000
2005-05-16,1154.050049,1165.75,1153.640015,1165.689941,1856860000
2005-05-17,1165.689941,1174.349976,1159.859985,1173.800049,1887260000
2005-05-18,1173.800049,1187.900024,1173.800049,1185.560059,2266320000
2005-05-19,1185.560059,1191.089966,1184.48999,1191.079956,1775860000
2005-05-20,1191.079956,1191.219971,1185.189941,1189.280029,1631750000
2005-05-23,1189.280029,1197.439941,1188.76001,1193.859985,1681170000
2005-05-24,1193.859985,1195.290039,1189.869995,1194.069946,1681000000
2005-05-25,1194.069946,1194.069946,1185.959961,1190.01001,1742180000
2005-05-26,1190.01001,1198.949951,1190.01001,1197.619995,1654110000
2005-05-27,1197.619995,1199.560059,1195.280029,1198.780029,1381430000
2005-05-31,1198.780029,1198.780029,1191.5,1191.5,1840680000
2005-06-01,1191.5,1205.640015,1191.030029,1202.219971,1810100000
2005-06-02,1202.27002,1204.670044,1198.420044,1204.290039,1813790000
2005-06-03,1204.290039,1205.089966,1194.550049,1196.02002,1627520000
2005-06-06,1196.02002,1198.780029,1192.75,1197.51001,1547120000
2005-06-07,1197.51001,1208.849976,1197.26001,1197.26001,1851370000
2005-06-08,1197.26001,1201.969971,1193.329956,1194.670044,1715490000
2005-06-09,1194.670044,1201.859985,1191.089966,1200.930054,1824120000
2005-06-10,1200.930054,1202.790039,1192.640015,1198.109985,1664180000
2005-06-13,1198.109985,1206.030029,1194.51001,1200.819946,1661350000
2005-06-14,1200.819946,1207.530029,1200.180054,1203.910034,1698150000
2005-06-15,1203.910034,1208.079956,1198.660034,1206.579956,1840440000
2005-06-16,1206.550049,1212.099976,1205.469971,1210.959961,1776040000
2005-06-17,1210.930054,1219.550049,1210.930054,1216.959961,2407370000
2005-06-20,1216.959961,1219.099976,1210.650024,1216.099976,1714530000
2005-06-21,1216.099976,1217.130005,1211.859985,1213.609985,1720700000
2005-06-22,1213.609985,1219.589966,1211.689941,1213.880005,1823250000
2005-06-23,1213.880005,1216.449951,1200.719971,1200.72998,2029920000
2005-06-24,1200.72998,1200.900024,1191.449951,1191.569946,2418800000
2005-06-27,1191.569946,1194.329956,1188.300049,1190.689941,1738620000
2005-06-28,1190.689941,1202.540039,1190.689941,1201.569946,1772410000
2005-06-29,1201.569946,1204.069946,1198.699951,1199.849976,1769280000
2005-06-30,1199.849976,1203.27002,1190.51001,1191.329956,2109490000
2005-07-01,1191.329956,1197.890015,1191.329956,1194.439941,1593820000
2005-07-05,1194.439941,1206.339966,1192.48999,1204.98999,1805820000
2005-07-06,1204.98999,1206.109985,1194.780029,1194.939941,1883470000
2005-07-07,1194.939941,1198.459961,1183.550049,1197.869995,1952440000
2005-07-08,1197.869995,1212.72998,1197.199951,1211.859985,1900810000
2005-07-11,1211.859985,1220.030029,1211.859985,1219.439941,1846300000
2005-07-12,1219.439941,1225.540039,1216.599976,1222.209961,1932010000
2005-07-13,1222.209961,1224.459961,1219.640015,1223.290039,1812500000
2005-07-14,1223.290039,1233.160034,1223.290039,1226.5,2048710000
2005-07-15,1226.5,1229.530029,1223.5,1227.920044,1716400000
2005-07-18,1227.920044,1227.920044,1221.130005,1221.130005,1582100000
2005-07-19,1221.130005,1230.339966,1221.130005,1229.349976,2041280000
2005-07-20,1229.349976,1236.560059,1222.910034,1235.199951,2063340000
2005-07-21,1235.199951,1235.829956,1224.699951,1227.040039,2129840000
2005-07-22,1227.040039,1234.189941,1226.150024,1233.680054,1766990000
2005-07-25,1233.680054,1238.359985,1228.150024,1229.030029,1717580000
2005-07-26,1229.030029,1234.420044,1229.030029,1231.160034,1934180000
2005-07-27,1231.160034,1237.640015,1230.150024,1236.790039,1945800000
2005-07-28,1236.790039,1245.150024,1235.810059,1243.719971,2001680000
2005-07-29,1243.719971,1245.040039,1234.180054,1234.180054,1789600000
2005-08-01,1234.180054,1239.099976,1233.800049,1235.349976,1716870000
2005-08-02,1235.349976,1244.689941,1235.349976,1244.119995,2043120000
2005-08-03,1244.119995,1245.859985,1240.569946,1245.040039,1999980000
2005-08-04,1245.040039,1245.040039,1235.150024,1235.859985,1981220000
2005-08-05,1235.859985,1235.859985,1225.619995,1226.420044,1930280000
2005-08-08,1226.420044,1232.280029,1222.670044,1223.130005,1804140000
2005-08-09,1223.130005,1234.109985,1223.130005,1231.380005,1897520000
2005-08-10,1231.380005,1242.689941,1226.579956,1229.130005,2172320000
2005-08-11,1229.130005,1237.810059,1228.329956,1237.810059,1941560000
2005-08-12,1237.810059,1237.810059,1225.869995,1230.390015,1709300000
2005-08-15,1230.400024,1236.23999,1226.199951,1233.869995,1562880000
2005-08-16,1233.869995,1233.869995,1219.050049,1219.339966,1820410000
2005-08-17,1219.339966,1225.630005,1218.069946,1220.23999,1859150000
2005-08-18,1220.23999,1222.640015,1215.930054,1219.02002,1808170000
2005-08-19,1219.02002,1225.079956,1219.02002,1219.709961,1558790000
2005-08-22,1219.709961,1228.959961,1216.469971,1221.72998,1621330000
2005-08-23,1221.72998,1223.040039,1214.439941,1217.589966,1678620000
2005-08-24,1217.569946,1224.150024,1209.369995,1209.589966,1930800000
2005-08-25,1209.589966,1213.72998,1209.569946,1212.369995,1571110000
2005-08-26,1212.400024,1212.400024,1204.22998,1205.099976,1541090000
2005-08-29,1205.099976,1214.280029,1201.530029,1212.280029,1599450000
2005-08-30,1212.280029,1212.280029,1201.069946,1208.410034,1916470000
2005-08-31,1208.410034,1220.359985,1204.400024,1220.329956,2365510000
2005-09-01,1220.329956,1227.290039,1216.180054,1221.589966,2229860000
2005-09-02,1221.589966,1224.449951,1217.75,1218.02002,1640160000
2005-09-06,1218.02002,1233.609985,1218.02002,1233.390015,1932090000
2005-09-07,1233.390015,1237.060059,1230.930054,1236.359985,2067700000
2005-09-08,1236.359985,1236.359985,1229.51001,1231.670044,1955380000
2005-09-09,1231.670044,1243.130005,1231.670044,1241.47998,1992560000
2005-09-12,1241.47998,1242.599976,1239.150024,1240.560059,1938050000
2005-09-13,1240.569946,1240.569946,1231.199951,1231.199951,2082360000
2005-09-14,1231.199951,1234.73999,1226.160034,1227.160034,1986750000
2005-09-15,1227.160034,1231.880005,1224.849976,1227.72998,2079340000
2005-09-16,1228.420044,1237.949951,1228.420044,1237.910034,3152470000
2005-09-19,1237.910034,1237.910034,1227.650024,1231.02002,2076540000
2005-09-20,1231.02002,1236.48999,1220.069946,1221.339966,2319250000
2005-09-21,1221.339966,1221.52002,1209.890015,1210.199951,2548150000
2005-09-22,1210.199951,1216.640015,1205.349976,1214.619995,2424720000
2005-09-23,1214.619995,1218.829956,1209.800049,1215.290039,1973020000
2005-09-26,1215.290039,1222.560059,1211.839966,1215.630005,2022220000
2005-09-27,1215.630005,1220.170044,1211.109985,1215.660034,1976270000
2005-09-28,1215.660034,1220.97998,1212.719971,1216.890015,2106980000
2005-09-29,1216.890015,1228.699951,1211.540039,1227.680054,2176120000
2005-09-30,1227.680054,1229.569946,1225.219971,1228.810059,2097520000
2005-10-03,1228.810059,1233.339966,1225.150024,1226.699951,2097490000
2005-10-04,1226.699951,1229.880005,1214.02002,1214.469971,2341420000
2005-10-05,1214.469971,1214.469971,1196.25,1196.390015,2546780000
2005-10-06,1196.390015,1202.140015,1181.920044,1191.48999,2792030000
2005-10-07,1191.48999,1199.709961,1191.459961,1195.900024,2126080000
2005-10-10,1195.900024,1196.52002,1186.119995,1187.329956,2195990000
2005-10-11,1187.329956,1193.099976,1183.160034,1184.869995,2299040000
2005-10-12,1184.869995,1190.02002,1173.650024,1177.680054,2491280000
2005-10-13,1177.680054,1179.560059,1168.199951,1176.839966,2351150000
2005-10-14,1176.839966,1187.130005,1175.439941,1186.569946,2188940000
2005-10-17,1186.569946,1191.209961,1184.47998,1190.099976,2054570000
2005-10-18,1190.099976,1190.099976,1178.130005,1178.140015,2197010000
2005-10-19,1178.140015,1195.76001,1170.550049,1195.76001,2703590000
2005-10-20,1195.76001,1197.300049,1173.300049,1177.800049,2617250000
2005-10-21,1177.800049,1186.459961,1174.920044,1179.589966,2470920000
2005-10-24,1179.589966,1199.390015,1179.589966,1199.380005,2197790000
2005-10-25,1199.380005,1201.300049,1189.290039,1196.540039,2312470000
2005-10-26,1196.540039,1204.01001,1191.380005,1191.380005,2467750000
2005-10-27,1191.380005,1192.650024,1178.890015,1178.900024,2395370000
2005-10-28,1178.900024,1198.410034,1178.900024,1198.410034,2379400000
2005-10-31,1198.410034,1211.430054,1198.410034,1207.01001,2567470000
2005-11-01,1207.01001,1207.339966,1201.660034,1202.76001,2457850000
2005-11-02,1202.76001,1215.170044,1201.069946,1214.76001,2648090000
2005-11-03,1214.76001,1224.699951,1214.76001,1219.939941,2716630000
2005-11-04,1219.939941,1222.52002,1214.449951,1220.140015,2050510000
2005-11-07,1220.140015,1224.180054,1217.290039,1222.810059,1987580000
2005-11-08,1222.810059,1222.810059,1216.079956,1218.589966,1965050000
2005-11-09,1218.589966,1226.589966,1216.530029,1220.650024,2214460000
2005-11-10,1220.650024,1232.410034,1215.050049,1230.959961,2378460000
2005-11-11,1230.959961,1235.699951,1230.719971,1234.719971,1773140000
2005-11-14,1234.719971,1237.199951,1231.780029,1233.76001,1899780000
2005-11-15,1233.76001,1237.939941,1226.410034,1229.01001,2359370000
2005-11-16,1229.01001,1232.23999,1227.180054,1231.209961,2121580000
2005-11-17,1231.209961,1242.959961,1231.209961,1242.800049,2298040000
2005-11-18,1242.800049,1249.579956,1240.709961,1248.27002,2453290000
2005-11-21,1248.27002,1255.890015,1246.900024,1254.849976,2117350000
2005-11-22,1254.849976,1261.900024,1251.400024,1261.22998,2291420000
2005-11-23,1261.22998,1270.640015,1259.51001,1265.609985,1985400000
2005-11-25,1265.609985,1268.780029,1265.540039,1268.25,724940000
2005-11-28,1268.25,1268.439941,1257.170044,1257.459961,2016900000
2005-11-29,1257.459961,1266.180054,1257.459961,1257.47998,2268340000
2005-11-30,1257.47998,1260.930054,1249.390015,1249.47998,2374690000
2005-12-01,1249.47998,1266.170044,1249.47998,1264.670044,2614830000
2005-12-02,1264.670044,1266.849976,1261.420044,1265.079956,2125580000
2005-12-05,1265.079956,1265.079956,1258.119995,1262.089966,2325840000
2005-12-06,1262.089966,1272.890015,1262.089966,1263.699951,2110740000
2005-12-07,1263.699951,1264.849976,1253.02002,1257.369995,2093830000
2005-12-08,1257.369995,1263.359985,1250.910034,1255.839966,2178300000
2005-12-09,1255.839966,1263.079956,1254.23999,1259.369995,1896290000
2005-12-12,1259.369995,1263.859985,1255.52002,1260.430054,1876550000
2005-12-13,1260.430054,1272.109985,1258.560059,1267.430054,2390020000
2005-12-14,1267.430054,1275.800049,1267.069946,1272.73999,2145520000
2005-12-15,1272.73999,1275.170044,1267.73999,1270.939941,2180590000
2005-12-16,1270.939941,1275.23999,1267.319946,1267.319946,2584190000
2005-12-19,1267.319946,1270.51001,1259.280029,1259.920044,2208810000
2005-12-20,1259.920044,1263.859985,1257.209961,1259.619995,1996690000
2005-12-21,1259.619995,1269.369995,1259.619995,1262.790039,2065170000
2005-12-22,1262.790039,1268.189941,1262.5,1268.119995,1888500000
2005-12-23,1268.119995,1269.76001,1265.920044,1268.660034,1285810000
2005-12-27,1268.660034,1271.829956,1256.540039,1256.540039,1540470000
2005-12-28,1256.540039,1261.099976,1256.540039,1258.170044,1422360000
2005-12-29,1258.170044,1260.609985,1254.180054,1254.420044,1382540000
2005-12-30,1254.420044,1254.420044,1246.589966,1248.290039,1443500000
2006-01-03,1248.290039,1270.219971,1245.73999,1268.800049,2554570000
2006-01-04,1268.800049,1275.369995,1267.73999,1273.459961,2515330000
2006-01-05,1273.459961,1276.910034,1270.300049,1273.47998,2433340000
2006-01-06,1273.47998,1286.089966,1273.47998,1285.449951,2446560000
2006-01-09,1285.449951,1290.780029,1284.819946,1290.150024,2301490000
2006-01-10,1290.150024,1290.150024,1283.76001,1289.689941,2373080000
2006-01-11,1289.719971,1294.900024,1288.119995,1294.180054,2406130000
2006-01-12,1294.180054,1294.180054,1285.040039,1286.060059,2318350000
2006-01-13,1286.060059,1288.959961,1282.780029,1287.609985,2206510000
2006-01-17,1287.609985,1287.609985,1278.609985,1282.930054,2179970000
2006-01-18,1282.930054,1282.930054,1272.079956,1277.930054,2233200000
2006-01-19,1277.930054,1287.790039,1277.930054,1285.040039,2444020000
2006-01-20,1285.040039,1285.040039,1260.920044,1261.48999,2845810000
2006-01-23,1261.48999,1268.189941,1261.48999,1263.819946,2256070000
2006-01-24,1263.819946,1271.469971,1263.819946,1266.859985,2608720000
2006-01-25,1266.859985,1271.869995,1259.420044,1264.680054,2617060000
2006-01-26,1264.680054,1276.439941,1264.680054,1273.829956,2856780000
2006-01-27,1273.829956,1286.380005,1273.829956,1283.719971,2623620000
2006-01-30,1283.719971,1287.939941,1283.51001,1285.189941,2282730000
2006-01-31,1285.199951,1285.199951,1276.849976,1280.079956,2708310000
2006-02-01,1280.079956,1283.329956,1277.569946,1282.459961,2589410000
2006-02-02,1282.459961,1282.459961,1267.719971,1270.839966,2565300000
2006-02-03,1270.839966,1270.869995,1261.02002,1264.030029,2282210000
2006-02-06,1264.030029,1267.040039,1261.619995,1265.02002,2132360000
2006-02-07,1265.02002,1265.780029,1253.609985,1254.780029,2366370000
2006-02-08,1254.780029,1266.469971,1254.780029,1265.650024,2456860000
2006-02-09,1265.650024,1274.560059,1262.800049,1263.780029,2441920000
2006-02-10,1263.819946,1269.890015,1254.97998,1266.98999,2290050000
2006-02-13,1266.98999,1266.98999,1258.339966,1262.859985,1850080000
2006-02-14,1262.859985,1278.209961,1260.800049,1275.530029,2437940000
2006-02-15,1275.530029,1281.0,1271.060059,1280.0,2317590000
2006-02-16,1280.0,1289.390015,1280.0,1289.380005,2251490000
2006-02-17,1289.380005,1289.469971,1284.069946,1287.23999,2128260000
2006-02-21,1287.23999,1291.920044,1281.329956,1283.030029,2104320000
2006-02-22,1283.030029,1294.170044,1283.030029,1292.670044,2222380000
2006-02-23,1292.670044,1293.839966,1285.140015,1287.790039,2144210000
2006-02-24,1287.790039,1292.109985,1285.619995,1289.430054,1933010000
2006-02-27,1289.430054,1297.569946,1289.430054,1294.119995,1975320000
2006-02-28,1294.119995,1294.119995,1278.660034,1280.660034,2370860000
2006-03-01,1280.660034,1291.800049,1280.660034,1291.23999,2308320000
2006-03-02,1291.23999,1291.23999,1283.209961,1289.140015,2494590000
2006-03-03,1289.140015,1297.329956,1284.199951,1287.22998,2152950000
2006-03-06,1287.22998,1288.22998,1275.670044,1278.26001,2280190000
2006-03-07,1278.26001,1278.26001,1271.109985,1275.880005,2268050000
2006-03-08,1275.880005,1280.329956,1268.420044,1278.469971,2442870000
2006-03-09,1278.469971,1282.73999,1272.22998,1272.22998,2140110000
2006-03-10,1272.22998,1284.369995,1271.109985,1281.420044,2123450000
2006-03-13,1281.579956,1287.369995,1281.579956,1284.130005,2070330000
2006-03-14,1284.130005,1298.140015,1282.670044,1297.47998,2165270000
2006-03-15,1297.47998,1304.400024,1294.969971,1303.02002,2293000000
2006-03-16,1303.02002,1310.449951,1303.02002,1305.329956,2292180000
2006-03-17,1305.329956,1309.790039,1305.319946,1307.25,2549620000
2006-03-20,1307.25,1310.0,1303.589966,1305.079956,1976830000
2006-03-21,1305.079956,1310.880005,1295.819946,1297.22998,2147370000
2006-03-22,1297.22998,1305.969971,1295.810059,1305.040039,2039810000
2006-03-23,1305.040039,1305.040039,1298.109985,1301.670044,1980940000
2006-03-24,1301.670044,1306.530029,1298.890015,1302.949951,2326070000
2006-03-27,1302.949951,1303.73999,1299.089966,1301.609985,2029700000
2006-03-28,1301.609985,1306.23999,1291.839966,1293.22998,2148580000
2006-03-29,1293.22998,1305.599976,1293.22998,1302.890015,2143540000
2006-03-30,1302.890015,1310.150024,1296.719971,1300.25,2294560000
2006-03-31,1300.25,1303.0,1294.869995,1294.869995,2236710000
2006-04-03,1302.880005,1309.189941,1296.650024,1297.810059,2494080000
2006-04-04,1297.810059,1307.550049,1294.709961,1305.930054,2147660000
2006-04-05,1305.930054,1312.810059,1304.819946,1311.560059,2420020000
2006-04-06,1311.560059,1311.98999,1302.439941,1309.040039,2281680000
2006-04-07,1309.040039,1314.069946,1294.180054,1295.5,2082470000
2006-04-10,1295.51001,1300.73999,1293.170044,1296.619995,1898320000
2006-04-11,1296.599976,1300.709961,1282.959961,1286.569946,2232880000
2006-04-12,1286.569946,1290.930054,1286.449951,1288.119995,1938100000
2006-04-13,1288.119995,1292.089966,1283.369995,1289.119995,1891940000
2006-04-17,1289.119995,1292.449951,1280.73999,1285.329956,1794650000
2006-04-18,1285.329956,1309.02002,1285.329956,1307.280029,2595440000
2006-04-19,1307.650024,1310.390015,1302.790039,1309.930054,2447310000
2006-04-20,1309.930054,1318.160034,1306.380005,1311.459961,2512920000
2006-04-21,1311.459961,1317.670044,1306.589966,1311.280029,2392630000
2006-04-24,1311.280029,1311.280029,1303.790039,1308.109985,2117330000
2006-04-25,1308.109985,1310.790039,1299.170044,1301.73999,2366380000
2006-04-26,1301.73999,1310.969971,1301.73999,1305.410034,2502690000
2006-04-27,1305.410034,1315.0,1295.569946,1309.719971,2772010000
2006-04-28,1309.719971,1316.040039,1306.160034,1310.609985,2419920000
2006-05-01,1310.609985,1317.209961,1303.459961,1305.189941,2437040000
2006-05-02,1305.189941,1313.660034,1305.189941,1313.209961,2403470000
2006-05-03,1313.209961,1313.469971,1303.920044,1308.119995,2395230000
2006-05-04,1307.849976,1315.140015,1307.849976,1312.25,2431450000
2006-05-05,1312.25,1326.530029,1312.25,1325.76001,2294760000
2006-05-08,1325.76001,1326.699951,1322.869995,1324.660034,2151300000
2006-05-09,1324.660034,1326.599976,1322.47998,1325.140015,2157290000
2006-05-10,1324.569946,1325.51001,1317.439941,1322.849976,2268550000
2006-05-11,1322.630005,1322.630005,1303.449951,1305.920044,2531520000
2006-05-12,1305.880005,1305.880005,1290.380005,1291.23999,2567970000
2006-05-15,1291.189941,1294.810059,1284.51001,1294.5,2505660000
2006-05-16,1294.5,1297.880005,1288.51001,1292.079956,2386210000
2006-05-17,1291.72998,1291.72998,1267.310059,1270.319946,2830200000
2006-05-18,1270.25,1274.890015,1261.75,1261.810059,2537490000
2006-05-19,1261.810059,1272.150024,1256.280029,1267.030029,2982300000
2006-05-22,1267.030029,1268.77002,1252.97998,1262.069946,2773010000
2006-05-23,1262.060059,1273.670044,1256.150024,1256.579956,2605250000
2006-05-24,1256.560059,1264.530029,1245.339966,1258.569946,2999030000
2006-05-25,1258.410034,1273.26001,1258.410034,1272.880005,2372730000
2006-05-26,1272.709961,1280.540039,1272.5,1280.160034,1814020000
2006-05-30,1280.040039,1280.040039,1259.869995,1259.869995,2176190000
2006-05-31,1259.380005,1270.089966,1259.380005,1270.089966,2692160000
2006-06-01,1270.050049,1285.709961,1269.189941,1285.709961,2360160000
2006-06-02,1285.709961,1290.680054,1280.219971,1288.219971,2295540000
2006-06-05,1288.160034,1288.160034,1264.660034,1265.290039,2313470000
2006-06-06,1265.22998,1269.880005,1254.459961,1263.849976,2697650000
2006-06-07,1263.609985,1272.469971,1255.77002,1256.150024,2644170000
2006-06-08,1256.079956,1259.849976,1235.180054,1257.930054,3543790000
2006-06-09,1257.930054,1262.579956,1250.030029,1252.300049,2214000000
2006-06-12,1252.27002,1255.219971,1236.430054,1237.439941,2247010000
2006-06-13,1236.079956,1243.369995,1222.52002,1223.689941,3215770000
2006-06-14,1223.660034,1231.459961,1219.290039,1230.040039,2667990000
2006-06-15,1230.01001,1258.640015,1230.01001,1256.160034,2775480000
2006-06-16,1256.160034,1256.27002,1246.329956,1251.540039,2783390000
2006-06-19,1251.540039,1255.930054,1237.170044,1240.130005,2517200000
2006-06-20,1240.119995,1249.01001,1238.869995,1240.119995,2232950000
2006-06-21,1240.089966,1257.959961,1240.089966,1252.199951,2361230000
2006-06-22,1251.920044,1251.920044,1241.530029,1245.599976,2148180000
2006-06-23,1245.589966,1253.130005,1241.430054,1244.5,2017270000
2006-06-26,1244.5,1250.920044,1243.680054,1250.560059,1878580000
2006-06-27,1250.550049,1253.369995,1238.939941,1239.199951,2203130000
2006-06-28,1238.98999,1247.060059,1237.589966,1246.0,2085490000
2006-06-29,1245.939941,1272.880005,1245.939941,1272.869995,2621250000
2006-06-30,1272.859985,1276.300049,1270.199951,1270.199951,3049560000
2006-07-03,1270.060059,1280.380005,1270.060059,1280.189941,1114470000
2006-07-05,1280.050049,1280.050049,1265.910034,1270.910034,2165070000
2006-07-06,1270.579956,1278.319946,1270.579956,1274.079956,2009160000
2006-07-07,1274.079956,1275.380005,1263.130005,1265.47998,1988150000
2006-07-10,1265.459961,1274.060059,1264.459961,1267.339966,1854590000
2006-07-11,1267.26001,1273.640015,1259.650024,1272.430054,2310850000
2006-07-12,1272.390015,1273.310059,1257.290039,1258.599976,2250450000
2006-07-13,1258.579956,1258.579956,1241.430054,1242.280029,2545760000
2006-07-14,1242.290039,1242.699951,1228.449951,1236.199951,2467120000
2006-07-17,1236.199951,1240.069946,1231.48999,1234.48999,2146410000
2006-07-18,1234.47998,1239.859985,1224.540039,1236.859985,2481750000
2006-07-19,1236.73999,1261.810059,1236.73999,1259.810059,2701980000
2006-07-20,1259.810059,1262.560059,1249.130005,1249.130005,2345580000
2006-07-21,1249.119995,1250.959961,1238.719971,1240.290039,2704090000
2006-07-24,1240.25,1262.5,1240.25,1260.910034,2312720000
2006-07-25,1260.910034,1272.390015,1257.189941,1268.880005,2563930000
2006-07-26,1268.869995,1273.890015,1261.939941,1268.400024,2667710000
2006-07-27,1268.199951,1275.849976,1261.920044,1263.199951,2776710000
2006-07-28,1263.150024,1280.420044,1263.150024,1278.550049,2480420000
2006-07-31,1278.530029,1278.660034,1274.310059,1276.660034,2461300000
2006-08-01,1278.530029,1278.660034,1265.709961,1270.920044,2527690000
2006-08-02,1270.72998,1283.420044,1270.72998,1277.410034,2610750000
2006-08-03,1278.219971,1283.959961,1271.25,1280.27002,2728440000
2006-08-04,1280.26001,1292.920044,1273.819946,1279.359985,2530970000
2006-08-07,1279.310059,1279.310059,1273.0,1275.77002,2045660000
2006-08-08,1275.670044,1282.75,1268.369995,1271.47998,2457840000
2006-08-09,1271.130005,1283.73999,1264.72998,1265.949951,2555180000
2006-08-10,1265.719971,1272.550049,1261.300049,1271.810059,2402190000
2006-08-11,1271.640015,1271.640015,1262.079956,1266.73999,2004540000
2006-08-14,1266.670044,1278.900024,1266.670044,1268.209961,2118020000
2006-08-15,1268.189941,1286.22998,1268.189941,1285.579956,2334100000
2006-08-16,1285.27002,1296.209961,1285.27002,1295.430054,2554570000
2006-08-17,1295.369995,1300.780029,1292.709961,1297.47998,2458340000
2006-08-18,1297.47998,1302.300049,1293.569946,1302.300049,2033910000
2006-08-21,1302.300049,1302.300049,1295.51001,1297.52002,1759240000
2006-08-22,1297.52002,1302.48999,1294.439941,1298.819946,1908740000
2006-08-23,1298.72998,1301.5,1289.819946,1292.98999,1893670000
2006-08-24,1292.969971,1297.22998,1291.400024,1296.060059,1930320000
2006-08-25,1295.920044,1298.880005,1292.390015,1295.089966,1667580000
2006-08-28,1295.089966,1305.02002,1293.969971,1301.780029,1834920000
2006-08-29,1301.569946,1305.02002,1295.290039,1304.280029,2093720000
2006-08-30,1303.699951,1306.73999,1302.150024,1305.369995,2060690000
2006-08-31,1304.25,1306.109985,1302.449951,1303.819946,1974540000
2006-09-01,1303.800049,1312.030029,1303.800049,1311.01001,1800520000
2006-09-05,1310.939941,1314.670044,1308.819946,1313.25,2114480000
2006-09-06,1313.040039,1313.040039,1299.280029,1300.26001,2329870000
2006-09-07,1300.209961,1301.25,1292.130005,1294.02002,2325850000
2006-09-08,1294.02002,1300.140015,1294.02002,1298.920044,2132890000
2006-09-11,1298.859985,1302.359985,1290.930054,1299.540039,2506430000
2006-09-12,1299.530029,1314.280029,1299.530029,1313.0,2791580000
2006-09-13,1312.73999,1319.920044,1311.119995,1318.069946,2597220000
2006-09-14,1318.0,1318.0,1313.25,1316.280029,2351220000
2006-09-15,1316.280029,1324.650024,1316.280029,1319.660034,3198030000
2006-09-18,1319.849976,1324.869995,1318.160034,1321.180054,2325080000
2006-09-19,1321.170044,1322.040039,1312.170044,1317.640015,2390850000
2006-09-20,1318.280029,1328.530029,1318.280029,1325.180054,2543070000
2006-09-21,1324.890015,1328.189941,1315.449951,1318.030029,2627440000
2006-09-22,1318.030029,1318.030029,1310.939941,1314.780029,2162880000
2006-09-25,1314.780029,1329.349976,1311.579956,1326.369995,2710240000
2006-09-26,1326.349976,1336.599976,1325.300049,1336.349976,2673350000
2006-09-27,1336.119995,1340.079956,1333.540039,1336.589966,2749190000
2006-09-28,1336.560059,1340.280029,1333.75,1338.880005,2397820000
2006-09-29,1339.150024,1339.880005,1335.640015,1335.849976,2273430000
2006-10-02,1335.819946,1338.540039,1330.280029,1331.319946,2154480000
2006-10-03,1331.319946,1338.310059,1327.099976,1334.109985,2682690000
2006-10-04,1333.810059,1350.199951,1331.47998,1350.199951,3019880000
2006-10-05,1349.839966,1353.790039,1347.75,1353.219971,2817240000
2006-10-06,1353.219971,1353.219971,1344.209961,1349.589966,2523000000
2006-10-09,1349.579956,1352.689941,1346.550049,1350.660034,1935170000
2006-10-10,1350.619995,1354.22998,1348.599976,1353.420044,2376140000
2006-10-11,1353.280029,1353.969971,1343.569946,1349.949951,2521000000
2006-10-12,1349.939941,1363.76001,1349.939941,1362.829956,2514350000
2006-10-13,1362.819946,1366.630005,1360.5,1365.619995,2482920000
2006-10-16,1365.609985,1370.199951,1364.47998,1369.060059,2305920000
2006-10-17,1369.050049,1369.050049,1356.869995,1364.050049,2519620000
2006-10-18,1363.930054,1372.869995,1360.949951,1365.800049,2658840000
2006-10-19,1365.949951,1368.089966,1362.060059,1366.959961,2619830000
2006-10-20,1366.939941,1368.660034,1362.099976,1368.599976,2526410000
2006-10-23,1368.579956,1377.400024,1363.939941,1377.02002,2480430000
2006-10-24,1377.02002,1377.780029,1372.420044,1377.380005,2876890000
2006-10-25,1377.359985,1383.609985,1376.0,1382.219971,2953540000
2006-10-26,1382.209961,1389.449951,1379.469971,1389.079956,2793350000
2006-10-27,1388.890015,1388.890015,1375.849976,1377.339966,2458450000
2006-10-30,1377.300049,1381.219971,1373.459961,1377.930054,2770440000
2006-10-31,1377.930054,1381.209961,1372.189941,1377.939941,2803030000
2006-11-01,1377.76001,1381.949951,1366.26001,1367.810059,2821160000
2006-11-02,1367.439941,1368.390015,1362.209961,1367.339966,2646180000
2006-11-03,1367.310059,1371.680054,1360.97998,1364.300049,2419730000
2006-11-06,1364.27002,1381.400024,1364.27002,1379.780029,2533550000
2006-11-07,1379.75,1388.189941,1379.189941,1382.839966,2636390000
2006-11-08,1382.5,1388.609985,1379.329956,1385.719971,2814820000
2006-11-09,1385.430054,1388.920044,1377.310059,1378.329956,3012050000
2006-11-10,1378.329956,1381.040039,1375.599976,1380.900024,2290200000
2006-11-13,1380.579956,1387.609985,1378.800049,1384.420044,2386340000
2006-11-14,1384.359985,1394.48999,1379.069946,1393.219971,3027480000
2006-11-15,1392.910034,1401.349976,1392.130005,1396.569946,2831130000
2006-11-16,1396.530029,1403.76001,1396.530029,1399.76001,2835730000
2006-11-17,1399.76001,1401.209961,1394.550049,1401.199951,2726100000
2006-11-20,1401.170044,1404.369995,1397.849976,1400.5,2546710000
2006-11-21,1400.430054,1403.48999,1399.98999,1402.810059,2597940000
2006-11-22,1402.689941,1407.890015,1402.26001,1406.089966,2237710000
2006-11-24,1405.939941,1405.939941,1399.25,1400.949951,832550000
2006-11-27,1400.949951,1400.949951,1381.439941,1381.959961,2711210000
2006-11-28,1381.609985,1387.910034,1377.829956,1386.719971,2639750000
2006-11-29,1386.109985,1401.140015,1386.109985,1399.47998,2790970000
2006-11-30,1399.469971,1406.300049,1393.829956,1400.630005,4006230000
2006-12-01,1400.630005,1402.459961,1385.930054,1396.709961,2800980000
2006-12-04,1396.670044,1411.22998,1396.670044,1409.119995,2766320000
2006-12-05,1409.099976,1415.27002,1408.780029,1414.76001,2755700000
2006-12-06,1414.400024,1415.930054,1411.050049,1412.900024,2725280000
2006-12-07,1412.859985,1418.27002,1406.800049,1407.290039,2743150000
2006-12-08,1407.27002,1414.089966,1403.670044,1409.839966,2440460000
2006-12-11,1409.810059,1415.599976,1408.560059,1413.040039,2289900000
2006-12-12,1413.0,1413.780029,1404.75,1411.560059,2738170000
2006-12-13,1411.319946,1416.640015,1411.050049,1413.209961,2552260000
2006-12-14,1413.160034,1427.22998,1413.160034,1425.48999,2729700000
2006-12-15,1425.47998,1431.630005,1425.47998,1427.089966,3229580000
2006-12-18,1427.079956,1431.810059,1420.650024,1422.47998,2568140000
2006-12-19,1422.420044,1428.300049,1414.880005,1425.550049,2717060000
2006-12-20,1425.51001,1429.050049,1423.51001,1423.530029,2387630000
2006-12-21,1423.199951,1426.400024,1415.900024,1418.300049,2322410000
2006-12-22,1418.099976,1418.819946,1410.280029,1410.76001,1647590000
2006-12-26,1410.75,1417.910034,1410.449951,1416.900024,1310310000
2006-12-27,1416.630005,1427.719971,1416.630005,1426.839966,1667370000
2006-12-28,1426.77002,1427.26001,1422.050049,1424.72998,1508570000
2006-12-29,1424.709961,1427.0,1416.839966,1418.300049,1678200000
2007-01-03,1418.030029,1429.420044,1407.859985,1416.599976,3429160000
2007-01-04,1416.599976,1421.839966,1408.430054,1418.339966,3004460000
2007-01-05,1418.339966,1418.339966,1405.75,1409.709961,2919400000
2007-01-08,1409.26001,1414.97998,1403.969971,1412.839966,2763340000
2007-01-09,1412.839966,1415.609985,1405.420044,1412.109985,3038380000
2007-01-10,1408.699951,1415.98999,1405.319946,1414.849976,2764660000
2007-01-11,1414.839966,1427.119995,1414.839966,1423.819946,2857870000
2007-01-12,1423.819946,1431.22998,1422.579956,1430.72998,2686480000
2007-01-16,1430.72998,1433.930054,1428.619995,1431.900024,2599530000
2007-01-17,1431.77002,1435.27002,1428.569946,1430.619995,2690270000
2007-01-18,1430.589966,1432.959961,1424.209961,1426.369995,2822430000
2007-01-19,1426.349976,1431.569946,1425.189941,1430.5,2777480000
2007-01-22,1430.469971,1431.390015,1420.400024,1422.949951,2540120000
2007-01-23,1422.949951,1431.329956,1421.660034,1427.98999,2975070000
2007-01-24,1427.959961,1440.140015,1427.959961,1440.130005,2783180000
2007-01-25,1440.119995,1440.689941,1422.339966,1423.900024,2994330000
2007-01-26,1423.900024,1427.27002,1416.959961,1422.180054,2626620000
2007-01-29,1422.030029,1426.939941,1418.459961,1420.619995,2730480000
2007-01-30,1420.609985,1428.819946,1420.609985,1428.819946,2706250000
2007-01-31,1428.650024,1441.609985,1424.780029,1438.23999,2976690000
2007-02-01,1437.900024,1446.640015,1437.900024,1445.939941,2914890000
2007-02-02,1445.939941,1449.329956,1444.48999,1448.390015,2569450000
2007-02-05,1448.329956,1449.380005,1443.849976,1446.98999,2439430000
2007-02-06,1446.97998,1450.189941,1443.400024,1448.0,2608710000
2007-02-07,1447.410034,1452.98999,1446.439941,1450.02002,2618820000
2007-02-08,1449.98999,1450.449951,1442.810059,1448.310059,2816180000
2007-02-09,1448.25,1452.449951,1433.439941,1438.060059,2951810000
2007-02-12,1438.0,1439.109985,1431.439941,1433.369995,2395680000
2007-02-13,1433.219971,1444.410034,1433.219971,1444.26001,2652150000
2007-02-14,1443.910034,1457.650024,1443.910034,1455.300049,2699290000
2007-02-15,1455.150024,1457.969971,1453.189941,1456.810059,2490920000
2007-02-16,1456.77002,1456.77002,1451.569946,1455.540039,2399450000
2007-02-20,1455.530029,1460.530029,1449.199951,1459.680054,2337860000
2007-02-21,1459.599976,1459.599976,1452.02002,1457.630005,2606980000
2007-02-22,1457.290039,1461.569946,1450.51001,1456.380005,1950770000
2007-02-23,1456.219971,1456.219971,1448.359985,1451.189941,2579950000
2007-02-26,1451.040039,1456.949951,1445.47998,1449.369995,2822170000
2007-02-27,1449.25,1449.25,1389.420044,1399.040039,4065230000
2007-02-28,1398.640015,1415.890015,1396.650024,1406.819946,3925250000
2007-03-01,1406.800049,1409.459961,1380.869995,1403.170044,3874910000
2007-03-02,1403.160034,1403.400024,1386.869995,1387.170044,3312260000
2007-03-05,1387.109985,1391.859985,1373.969971,1374.119995,3480520000
2007-03-06,1374.060059,1397.900024,1374.060059,1395.410034,3358160000
2007-03-07,1395.02002,1401.160034,1390.640015,1391.969971,3141350000
2007-03-08,1391.880005,1407.930054,1391.880005,1401.890015,3014850000
2007-03-09,1401.890015,1410.150024,1397.300049,1402.839966,2623050000
2007-03-12,1402.800049,1409.339966,1398.400024,1406.599976,2664000000
2007-03-13,1406.22998,1406.22998,1377.709961,1377.949951,3485570000
2007-03-14,1377.859985,1388.089966,1363.97998,1387.170044,3758350000
2007-03-15,1387.109985,1395.72998,1385.160034,1392.280029,2821900000
2007-03-16,1392.280029,1397.51001,1383.630005,1386.949951,3393640000
2007-03-19,1386.949951,1403.199951,1386.949951,1402.060059,2777180000
2007-03-20,1402.040039,1411.530029,1400.699951,1410.939941,2795940000
2007-03-21,1410.920044,1437.77002,1409.75,1435.040039,3184770000
2007-03-22,1435.040039,1437.660034,1429.880005,1434.540039,3129970000
2007-03-23,1434.540039,1438.890015,1433.209961,1436.109985,2619020000
2007-03-26,1436.109985,1437.650024,1423.280029,1437.5,2754660000
2007-03-27,1437.48999,1437.48999,1425.540039,1428.609985,2673040000
2007-03-28,1428.349976,1428.349976,1414.069946,1417.22998,3000440000
2007-03-29,1417.170044,1426.23999,1413.27002,1422.530029,2854710000
2007-03-30,1422.52002,1429.219971,1408.900024,1420.859985,2903960000
2007-04-02,1420.829956,1425.48999,1416.369995,1424.550049,2875880000
2007-04-03,1424.27002,1440.569946,1424.27002,1437.77002,2921760000
2007-04-04,1437.75,1440.160034,1435.079956,1439.369995,2616320000
2007-04-05,1438.939941,1444.880005,1436.670044,1443.76001,2357230000
2007-04-09,1443.77002,1448.099976,1443.280029,1444.609985,2349410000
2007-04-10,1444.579956,1448.72998,1443.98999,1448.390015,2510110000
2007-04-11,1448.22998,1448.390015,1436.150024,1438.869995,2950190000
2007-04-12,1438.869995,1448.02002,1433.910034,1447.800049,2770570000
2007-04-13,1447.800049,1453.109985,1444.150024,1452.849976,2690020000
2007-04-16,1452.839966,1468.619995,1452.839966,1468.329956,2870140000
2007-04-17,1468.469971,1474.349976,1467.150024,1471.47998,2920570000
2007-04-18,1471.469971,1476.569946,1466.410034,1472.5,2971330000
2007-04-19,1472.47998,1474.22998,1464.469971,1470.72998,2913610000
2007-04-20,1470.689941,1484.73999,1470.689941,1484.349976,3329940000
2007-04-23,1484.329956,1487.319946,1480.189941,1480.930054,2575020000
2007-04-24,1480.930054,1483.819946,1473.73999,1480.410034,3119750000
2007-04-25,1480.280029,1496.589966,1480.280029,1495.420044,3252590000
2007-04-26,1495.27002,1498.02002,1491.170044,1494.25,3211800000
2007-04-27,1494.209961,1497.319946,1488.670044,1494.069946,2732810000
2007-04-30,1494.069946,1497.160034,1482.290039,1482.369995,3093420000
2007-05-01,1482.369995,1487.27002,1476.699951,1486.300049,3400350000
2007-05-02,1486.130005,1499.099976,1486.130005,1495.920044,3189800000
2007-05-03,1495.560059,1503.339966,1495.560059,1502.390015,3007970000
2007-05-04,1502.349976,1510.339966,1501.800049,1505.619995,2761930000
2007-05-07,1505.569946,1511.0,1505.540039,1509.47998,2545090000
2007-05-08,1509.359985,1509.359985,1500.660034,1507.719971,2795720000
2007-05-09,1507.319946,1513.800049,1503.77002,1512.579956,2935550000
2007-05-10,1512.329956,1512.329956,1491.420044,1491.469971,3031240000
2007-05-11,1491.469971,1506.23999,1491.469971,1505.849976,2720780000
2007-05-14,1505.76001,1510.900024,1498.339966,1503.150024,2776130000
2007-05-15,1503.109985,1514.829956,1500.430054,1501.189941,3071020000
2007-05-16,1500.75,1514.150024,1500.75,1514.140015,2915350000
2007-05-17,1514.01001,1517.140015,1509.290039,1512.75,2868640000
2007-05-18,1512.73999,1522.75,1512.73999,1522.75,2959050000
2007-05-21,1522.75,1529.869995,1522.709961,1525.099976,3465360000
2007-05-22,1525.099976,1529.23999,1522.050049,1524.119995,2860500000
2007-05-23,1524.089966,1532.430054,1521.900024,1522.280029,3084260000
2007-05-24,1522.099976,1529.310059,1505.180054,1507.51001,3365530000
2007-05-25,1507.5,1517.410034,1507.5,1515.72998,2316250000
2007-05-29,1515.550049,1521.800049,1512.02002,1518.109985,2571790000
2007-05-30,1517.599976,1530.22998,1510.060059,1530.22998,2980210000
2007-05-31,1530.189941,1535.560059,1528.26001,1530.619995,3335530000
2007-06-01,1530.619995,1540.560059,1530.619995,1536.339966,2927020000
2007-06-04,1536.280029,1540.530029,1532.310059,1539.180054,2738930000
2007-06-05,1539.119995,1539.119995,1525.619995,1530.949951,2939450000
2007-06-06,1530.569946,1530.569946,1514.130005,1517.380005,2964190000
2007-06-07,1517.359985,1517.359985,1490.369995,1490.719971,3538470000
2007-06-08,1490.709961,1507.76001,1487.410034,1507.670044,2993460000
2007-06-11,1507.640015,1515.530029,1503.349976,1509.119995,2525280000
2007-06-12,1509.119995,1511.329956,1492.969971,1493.0,3056200000
2007-06-13,1492.650024,1515.699951,1492.650024,1515.670044,3077930000
2007-06-14,1515.579956,1526.449951,1515.579956,1522.969971,2813630000
2007-06-15,1522.969971,1538.709961,1522.969971,1532.910034,3406030000
2007-06-18,1532.900024,1535.439941,1529.310059,1531.050049,2480240000
2007-06-19,1531.02002,1535.849976,1525.670044,1533.699951,2873590000
2007-06-20,1533.680054,1537.319946,1512.359985,1512.839966,3286900000
2007-06-21,1512.5,1522.900024,1504.75,1522.189941,3161110000
2007-06-22,1522.189941,1522.189941,1500.73999,1502.560059,4284320000
2007-06-25,1502.560059,1514.290039,1492.680054,1497.73999,3287250000
2007-06-26,1497.680054,1506.119995,1490.540039,1492.890015,3398530000
2007-06-27,1492.619995,1506.800049,1484.180054,1506.339966,3398150000
2007-06-28,1506.319946,1514.839966,1503.410034,1505.709961,3006710000
2007-06-29,1505.699951,1517.530029,1493.609985,1503.349976,3165410000
2007-07-02,1504.660034,1519.449951,1504.660034,1519.430054,2648990000
2007-07-03,1519.119995,1526.01001,1519.119995,1524.869995,1560790000
2007-07-05,1524.859985,1526.569946,1517.719971,1525.400024,2622950000
2007-07-06,1524.959961,1532.400024,1520.469971,1530.439941,2441520000
2007-07-09,1530.430054,1534.26001,1527.449951,1531.849976,2715330000
2007-07-10,1531.849976,1531.849976,1510.01001,1510.119995,3244280000
2007-07-11,1509.930054,1519.339966,1506.099976,1518.76001,3082920000
2007-07-12,1518.73999,1547.920044,1518.73999,1547.699951,3489600000
2007-07-13,1547.680054,1555.099976,1544.849976,1552.5,2801120000
2007-07-16,1552.5,1555.900024,1546.689941,1549.52002,2704110000
2007-07-17,1549.52002,1555.319946,1547.73999,1549.369995,3007140000
2007-07-18,1549.199951,1549.199951,1533.670044,1546.170044,3609220000
2007-07-19,1546.130005,1555.199951,1546.130005,1553.079956,3251450000
2007-07-20,1553.189941,1553.189941,1529.199951,1534.099976,3745780000
2007-07-23,1534.060059,1547.22998,1534.060059,1541.569946,3102700000
2007-07-24,1541.569946,1541.569946,1508.619995,1511.040039,4115830000
2007-07-25,1511.030029,1524.310059,1503.72998,1518.089966,4283200000
2007-07-26,1518.089966,1518.089966,1465.300049,1482.660034,4472550000
2007-07-27,1482.439941,1488.530029,1458.949951,1458.949951,4784650000
2007-07-30,1458.930054,1477.880005,1454.319946,1473.910034,4128780000
2007-07-31,1473.900024,1488.300049,1454.25,1455.27002,4524520000
2007-08-01,1455.180054,1468.380005,1439.589966,1465.810059,5256780000
2007-08-02,1465.459961,1476.430054,1460.579956,1472.199951,4368850000
2007-08-03,1472.180054,1473.22998,1432.800049,1433.060059,4272110000
2007-08-06,1433.040039,1467.670044,1427.390015,1467.670044,5067200000
2007-08-07,1467.619995,1488.300049,1455.800049,1476.709961,4909390000
2007-08-08,1476.219971,1503.890015,1476.219971,1497.48999,5499560000
2007-08-09,1497.209961,1497.209961,1453.089966,1453.089966,5889600000
2007-08-10,1453.089966,1462.02002,1429.73999,1453.640015,5345780000
2007-08-13,1453.420044,1466.290039,1451.540039,1452.920044,3696280000
2007-08-14,1452.869995,1456.73999,1426.199951,1426.540039,3814630000
2007-08-15,1426.150024,1440.780029,1404.359985,1406.699951,4290930000
2007-08-16,1406.640015,1415.969971,1370.599976,1411.27002,6509300000
2007-08-17,1411.26001,1450.329956,1411.26001,1445.939941,3570040000
2007-08-20,1445.939941,1451.75,1430.540039,1445.550049,3321340000
2007-08-21,1445.550049,1455.319946,1439.76001,1447.119995,3012150000
2007-08-22,1447.030029,1464.859985,1447.030029,1464.069946,3309120000
2007-08-23,1464.050049,1472.060059,1453.880005,1462.5,3084390000
2007-08-24,1462.339966,1479.400024,1460.540039,1479.369995,2541400000
2007-08-27,1479.359985,1479.359985,1465.97998,1466.790039,2406180000
2007-08-28,1466.719971,1466.719971,1432.01001,1432.359985,3078090000
2007-08-29,1432.01001,1463.76001,1432.01001,1463.76001,2824070000
2007-08-30,1463.670044,1468.430054,1451.25,1457.640015,2582960000
2007-08-31,1457.609985,1481.469971,1457.609985,1473.98999,2731610000
2007-09-04,1473.959961,1496.400024,1472.150024,1489.420044,2766600000
2007-09-05,1488.76001,1488.76001,1466.339966,1472.290039,2991600000
2007-09-06,1472.030029,1481.48999,1467.410034,1478.550049,2459590000
2007-09-07,1478.550049,1478.550049,1449.069946,1453.550049,3191080000
2007-09-10,1453.5,1462.25,1439.290039,1451.699951,2835720000
2007-09-11,1451.689941,1472.47998,1451.689941,1471.48999,3015330000
2007-09-12,1471.099976,1479.5,1465.75,1471.560059,2885720000
2007-09-13,1471.469971,1489.579956,1471.469971,1483.949951,2877080000
2007-09-14,1483.949951,1485.98999,1473.180054,1484.25,2641740000
2007-09-17,1484.23999,1484.23999,1471.819946,1476.650024,2598390000
2007-09-18,1476.630005,1519.890015,1476.630005,1519.780029,3708940000
2007-09-19,1519.75,1538.73999,1519.75,1529.030029,3846750000
2007-09-20,1528.689941,1529.140015,1516.420044,1518.75,2957700000
2007-09-21,1518.75,1530.890015,1518.75,1525.75,3679460000
2007-09-24,1525.75,1530.180054,1516.150024,1517.72998,3131310000
2007-09-25,1516.339966,1518.27002,1507.130005,1517.209961,3187770000
2007-09-26,1518.619995,1529.390015,1518.619995,1525.420044,3237390000
2007-09-27,1527.319946,1532.459961,1525.810059,1531.380005,2872180000
2007-09-28,1531.23999,1533.73999,1521.98999,1526.75,2925350000
2007-10-01,1527.290039,1549.02002,1527.25,1547.040039,3281990000
2007-10-02,1546.959961,1548.01001,1540.369995,1546.630005,3101910000
2007-10-03,1545.800049,1545.839966,1536.339966,1539.589966,3065320000
2007-10-04,1539.910034,1544.02002,1537.630005,1542.839966,2690430000
2007-10-05,1543.839966,1561.910034,1543.839966,1557.589966,2919030000
2007-10-08,1556.51001,1556.51001,1549.0,1552.579956,2040650000
2007-10-09,1553.180054,1565.26001,1551.819946,1565.150024,2932040000
2007-10-10,1564.97998,1565.420044,1555.459961,1562.469971,3044760000
2007-10-11,1564.719971,1576.089966,1546.719971,1554.410034,3911260000
2007-10-12,1555.410034,1563.030029,1554.089966,1561.800049,2788690000
2007-10-15,1562.25,1564.73999,1540.810059,1548.709961,3139290000
2007-10-16,1547.810059,1547.810059,1536.290039,1538.530029,3234560000
2007-10-17,1544.439941,1550.660034,1526.01001,1541.23999,3638070000
2007-10-18,1539.290039,1542.790039,1531.76001,1540.079956,3203210000
2007-10-19,1540.0,1540.0,1500.26001,1500.630005,4160970000
2007-10-22,1497.790039,1508.060059,1490.400024,1506.329956,3471830000
2007-10-23,1509.300049,1520.01001,1503.609985,1519.589966,3309120000
2007-10-24,1516.609985,1517.22998,1489.560059,1515.880005,4003300000
2007-10-25,1516.150024,1523.23999,1500.459961,1514.400024,4183960000
2007-10-26,1522.170044,1535.530029,1520.180054,1535.280029,3612120000
2007-10-29,1536.920044,1544.670044,1536.430054,1540.97998,3124480000
2007-10-30,1539.420044,1539.420044,1529.550049,1531.02002,3212520000
2007-10-31,1532.150024,1552.76001,1529.400024,1549.380005,3953070000
2007-11-01,1545.790039,1545.790039,1506.660034,1508.439941,4241470000
2007-11-02,1511.069946,1513.150024,1492.530029,1509.650024,4285990000
2007-11-05,1505.609985,1510.839966,1489.949951,1502.170044,3819330000
2007-11-06,1505.329956,1520.77002,1499.069946,1520.27002,3879160000
2007-11-07,1515.459961,1515.459961,1475.040039,1475.619995,4353160000
2007-11-08,1475.27002,1482.5,1450.310059,1474.77002,5439720000
2007-11-09,1467.589966,1474.089966,1448.51001,1453.699951,4587050000
2007-11-12,1453.660034,1464.939941,1438.530029,1439.180054,4192520000
2007-11-13,1441.349976,1481.369995,1441.349976,1481.050049,4141310000
2007-11-14,1483.400024,1492.140015,1466.469971,1470.579956,4031470000
2007-11-15,1468.040039,1472.670044,1443.48999,1451.150024,3941010000
2007-11-16,1453.089966,1462.180054,1443.98999,1458.73999,4168870000
2007-11-19,1456.699951,1456.699951,1430.420044,1433.27002,4119650000
2007-11-20,1434.51001,1452.640015,1419.280029,1439.699951,4875150000
2007-11-21,1434.709961,1436.400024,1415.640015,1416.77002,4076230000
2007-11-23,1417.619995,1440.859985,1417.619995,1440.699951,1612720000
2007-11-26,1440.73999,1446.089966,1406.099976,1407.219971,3706470000
2007-11-27,1409.589966,1429.48999,1407.430054,1428.22998,4320720000
2007-11-28,1432.949951,1471.619995,1432.949951,1469.02002,4508020000
2007-11-29,1467.410034,1473.810059,1458.359985,1469.719971,3524730000
2007-11-30,1471.829956,1488.939941,1470.890015,1481.140015,4422200000
2007-12-03,1479.630005,1481.160034,1470.079956,1472.420044,3323250000
2007-12-04,1471.339966,1471.339966,1460.660034,1462.790039,3343620000
2007-12-05,1465.219971,1486.089966,1465.219971,1485.01001,3663660000
2007-12-06,1484.589966,1508.02002,1482.189941,1507.339966,3568570000
2007-12-07,1508.599976,1510.630005,1502.660034,1504.660034,3177710000
2007-12-10,1505.109985,1518.27002,1504.959961,1515.959961,2911760000
2007-12-11,1516.680054,1523.569946,1475.98999,1477.650024,4080180000
2007-12-12,1487.579956,1511.959961,1468.22998,1486.589966,4482120000
2007-12-13,1483.27002,1489.400024,1469.209961,1488.410034,3635170000
2007-12-14,1486.189941,1486.670044,1467.780029,1467.949951,3401050000
2007-12-17,1465.050049,1465.050049,1445.430054,1445.900024,3569030000
2007-12-18,1445.920044,1460.160034,1435.650024,1454.97998,3723690000
2007-12-19,1454.699951,1464.420044,1445.310059,1453.0,3401300000
2007-12-20,1456.420044,1461.530029,1447.219971,1460.119995,3526890000
2007-12-21,1463.189941,1485.400024,1463.189941,1484.459961,4508590000
2007-12-24,1484.550049,1497.630005,1484.550049,1496.449951,1267420000
2007-12-26,1495.119995,1498.849976,1488.199951,1497.660034,2010500000
2007-12-27,1495.050049,1495.050049,1475.859985,1476.27002,2365770000
2007-12-28,1479.829956,1488.01001,1471.699951,1478.48999,2420510000
2007-12-31,1475.25,1475.829956,1465.130005,1468.359985,2440880000
2008-01-02,1467.969971,1471.77002,1442.069946,1447.160034,3452650000
2008-01-03,1447.550049,1456.800049,1443.72998,1447.160034,3429500000
2008-01-04,1444.01001,1444.01001,1411.189941,1411.630005,4166000000
2008-01-07,1414.069946,1423.869995,1403.449951,1416.180054,4221260000
2008-01-08,1415.709961,1430.280029,1388.300049,1390.189941,4705390000
2008-01-09,1390.25,1409.189941,1378.699951,1409.130005,5351030000
2008-01-10,1406.780029,1429.089966,1395.310059,1420.329956,5170490000
2008-01-11,1419.910034,1419.910034,1394.829956,1401.02002,4495840000
2008-01-14,1402.910034,1417.890015,1402.910034,1416.25,3682090000
2008-01-15,1411.880005,1411.880005,1380.599976,1380.949951,4601640000
2008-01-16,1377.410034,1391.98999,1364.27002,1373.199951,5440620000
2008-01-17,1374.790039,1377.719971,1330.670044,1333.25,5303130000
2008-01-18,1333.900024,1350.280029,1312.51001,1325.189941,6004840000
2008-01-22,1312.939941,1322.089966,1274.290039,1310.5,6544690000
2008-01-23,1310.410034,1339.089966,1270.050049,1338.599976,3241680000
2008-01-24,1340.130005,1355.150024,1334.310059,1352.069946,5735300000
2008-01-25,1357.319946,1368.560059,1327.5,1330.609985,4882250000
2008-01-28,1330.699951,1353.969971,1322.26001,1353.959961,4100930000
2008-01-29,1355.939941,1364.930054,1350.189941,1362.300049,4232960000
2008-01-30,1362.219971,1385.859985,1352.949951,1355.810059,4742760000
2008-01-31,1351.97998,1385.619995,1334.079956,1378.550049,4970290000
2008-02-01,1378.599976,1396.02002,1375.930054,1395.420044,4650770000
2008-02-04,1395.380005,1395.380005,1379.689941,1380.819946,3495780000
2008-02-05,1380.280029,1380.280029,1336.640015,1336.640015,4315740000
2008-02-06,1339.47998,1351.959961,1324.339966,1326.449951,4008120000
2008-02-07,1324.01001,1347.160034,1316.75,1336.910034,4589160000
2008-02-08,1336.880005,1341.219971,1321.060059,1331.290039,3768490000
2008-02-11,1331.920044,1341.400024,1320.319946,1339.130005,3593140000
2008-02-12,1340.550049,1362.099976,1339.359985,1348.859985,4044640000
2008-02-13,1353.119995,1369.22998,1350.780029,1367.209961,3856420000
2008-02-14,1367.329956,1368.160034,1347.310059,1348.859985,3644760000
2008-02-15,1347.52002,1350.0,1338.130005,1349.98999,3583300000
2008-02-19,1355.859985,1367.280029,1345.050049,1348.780029,3613550000
2008-02-20,1348.390015,1363.709961,1336.550049,1360.030029,3870520000
2008-02-21,1362.209961,1367.939941,1339.339966,1342.530029,3696660000
2008-02-22,1344.219971,1354.300049,1327.040039,1353.109985,3572660000
2008-02-25,1352.75,1374.359985,1346.030029,1371.800049,3866350000
2008-02-26,1371.76001,1387.339966,1363.290039,1381.290039,4096060000
2008-02-27,1378.949951,1388.339966,1372.0,1380.02002,3904700000
2008-02-28,1378.160034,1378.160034,1363.160034,1367.680054,3938580000
2008-02-29,1364.069946,1364.069946,1325.420044,1330.630005,4426730000
2008-03-03,1330.449951,1335.130005,1320.040039,1331.339966,4117570000
2008-03-04,1329.579956,1331.030029,1307.390015,1326.75,4757180000
2008-03-05,1327.689941,1344.189941,1320.219971,1333.699951,4277710000
2008-03-06,1332.199951,1332.199951,1303.420044,1304.339966,4323460000
2008-03-07,1301.530029,1313.23999,1282.430054,1293.369995,4565410000
2008-03-10,1293.160034,1295.01001,1272.660034,1273.369995,4261240000
2008-03-11,1274.400024,1320.650024,1274.400024,1320.650024,5109080000
2008-03-12,1321.130005,1333.26001,1307.859985,1308.77002,4414280000
2008-03-13,1305.26001,1321.680054,1282.109985,1315.47998,5073360000
2008-03-14,1316.050049,1321.469971,1274.859985,1288.140015,5153780000
2008-03-17,1283.209961,1287.5,1256.97998,1276.599976,5683010000
2008-03-18,1277.160034,1330.73999,1277.160034,1330.73999,5335630000
2008-03-19,1330.969971,1341.51001,1298.420044,1298.420044,5358550000
2008-03-20,1299.670044,1330.670044,1295.219971,1329.51001,6145220000
2008-03-24,1330.290039,1359.680054,1330.290039,1349.880005,4499000000
2008-03-25,1349.069946,1357.469971,1341.209961,1352.98999,4145120000
2008-03-26,1352.449951,1352.449951,1336.410034,1341.130005,4055670000
2008-03-27,1340.339966,1345.619995,1325.660034,1325.76001,4037930000
2008-03-28,1327.02002,1334.869995,1312.949951,1315.219971,3686980000
2008-03-31,1315.920044,1328.52002,1312.810059,1322.699951,4188990000
2008-04-01,1326.410034,1370.180054,1326.410034,1370.180054,4745120000
2008-04-02,1369.959961,1377.949951,1361.550049,1367.530029,4320440000
2008-04-03,1365.689941,1375.660034,1358.680054,1369.310059,3920100000
2008-04-04,1369.849976,1380.910034,1362.829956,1370.400024,3703100000
2008-04-07,1373.689941,1386.73999,1369.02002,1372.540039,3747780000
2008-04-08,1370.160034,1370.160034,1360.619995,1365.540039,3602500000
2008-04-09,1365.5,1368.390015,1349.969971,1354.48999,3556670000
2008-04-10,1355.369995,1367.23999,1350.109985,1360.550049,3686150000
2008-04-11,1357.97998,1357.97998,1331.209961,1332.829956,3723790000
2008-04-14,1332.199951,1335.640015,1326.160034,1328.319946,3565020000
2008-04-15,1331.719971,1337.719971,1324.349976,1334.430054,3581230000
2008-04-16,1337.02002,1365.48999,1337.02002,1364.709961,4260370000
2008-04-17,1363.369995,1368.599976,1357.25,1365.560059,3713880000
2008-04-18,1369.0,1395.900024,1369.0,1390.329956,4222380000
2008-04-21,1387.719971,1390.22998,1379.25,1388.170044,3420570000
2008-04-22,1386.430054,1386.430054,1369.839966,1375.939941,3821900000
2008-04-23,1378.400024,1387.869995,1372.23999,1379.930054,4103610000
2008-04-24,1380.52002,1397.719971,1371.089966,1388.819946,4461660000
2008-04-25,1387.880005,1399.109985,1379.97998,1397.839966,3891150000
2008-04-28,1397.959961,1402.900024,1394.400024,1396.369995,3607000000
2008-04-29,1395.609985,1397.0,1386.699951,1390.939941,3815320000
2008-04-30,1391.219971,1404.569946,1384.25,1385.589966,4508890000
2008-05-01,1385.969971,1410.069946,1383.069946,1409.339966,4448780000
2008-05-02,1409.160034,1422.719971,1406.25,1413.900024,3953030000
2008-05-05,1415.339966,1415.339966,1404.369995,1407.48999,3410090000
2008-05-06,1405.599976,1421.569946,1397.099976,1418.26001,3924100000
2008-05-07,1417.48999,1419.540039,1391.160034,1392.569946,4075860000
2008-05-08,1394.290039,1402.349976,1389.390015,1397.680054,3827550000
2008-05-09,1394.900024,1394.900024,1384.109985,1388.280029,3518620000
2008-05-12,1389.400024,1404.060059,1386.199951,1403.579956,3370630000
2008-05-13,1404.400024,1406.300049,1396.26001,1403.040039,4018590000
2008-05-14,1405.650024,1420.189941,1405.650024,1408.660034,3979370000
2008-05-15,1408.359985,1424.400024,1406.869995,1423.569946,3836480000
2008-05-16,1423.890015,1425.819946,1414.349976,1425.349976,3842590000
2008-05-19,1425.280029,1440.23999,1421.630005,1426.630005,3683970000
2008-05-20,1424.48999,1424.48999,1409.089966,1413.400024,3854320000
2008-05-21,1414.060059,1419.119995,1388.810059,1390.709961,4517990000
2008-05-22,1390.829956,1399.069946,1390.22998,1394.349976,3955960000
2008-05-23,1392.199951,1392.199951,1373.719971,1375.930054,3516380000
2008-05-27,1375.969971,1387.400024,1373.069946,1385.349976,3588860000
2008-05-28,1386.540039,1391.25,1378.160034,1390.839966,3927240000
2008-05-29,1390.5,1406.319946,1388.589966,1398.26001,3894440000
2008-05-30,1398.359985,1404.459961,1398.079956,1400.380005,3845630000
2008-06-02,1399.619995,1399.619995,1377.790039,1385.670044,3714320000
2008-06-03,1386.420044,1393.119995,1370.119995,1377.650024,4396380000
2008-06-04,1376.26001,1388.180054,1371.73999,1377.199951,4338640000
2008-06-05,1377.47998,1404.050049,1377.47998,1404.050049,4350790000
2008-06-06,1400.060059,1400.060059,1359.900024,1360.680054,4771660000
2008-06-09,1360.829956,1370.630005,1350.619995,1361.76001,4404570000
2008-06-10,1358.97998,1366.839966,1351.560059,1358.439941,4635070000
2008-06-11,1357.089966,1357.089966,1335.469971,1335.48999,4779980000
2008-06-12,1335.780029,1353.030029,1331.290039,1339.869995,4734240000
2008-06-13,1341.810059,1360.030029,1341.709961,1360.030029,4080420000
2008-06-16,1358.849976,1364.699951,1352.069946,1360.140015,3706940000
2008-06-17,1360.709961,1366.589966,1350.540039,1350.930054,3801960000
2008-06-18,1349.589966,1349.589966,1333.400024,1337.810059,4573570000
2008-06-19,1336.890015,1347.660034,1330.5,1342.829956,4811670000
2008-06-20,1341.02002,1341.02002,1314.459961,1317.930054,5324900000
2008-06-23,1319.77002,1323.780029,1315.310059,1318.0,4186370000
2008-06-24,1317.22998,1326.02002,1304.420044,1314.290039,4705050000
2008-06-25,1314.540039,1335.630005,1314.540039,1321.969971,4825640000
2008-06-26,1316.290039,1316.290039,1283.150024,1283.150024,5231280000
2008-06-27,1283.599976,1289.449951,1272.0,1278.380005,6208260000
2008-06-30,1278.060059,1290.310059,1274.859985,1280.0,5032330000
2008-07-01,1276.689941,1285.310059,1260.680054,1284.910034,5846290000
2008-07-02,1285.819946,1292.170044,1261.51001,1261.52002,5276090000
2008-07-03,1262.959961,1271.47998,1252.01001,1262.900024,3247590000
2008-07-07,1262.900024,1273.949951,1240.680054,1252.310059,5265420000
2008-07-08,1251.839966,1274.170044,1242.839966,1273.699951,6034110000
2008-07-09,1273.380005,1277.359985,1244.569946,1244.689941,5181000000
2008-07-10,1245.25,1257.650024,1236.76001,1253.390015,5840430000
2008-07-11,1248.660034,1257.27002,1225.349976,1239.48999,6742200000
2008-07-14,1241.609985,1253.5,1225.01001,1228.300049,5434860000
2008-07-15,1226.829956,1234.349976,1200.439941,1214.910034,7363640000
2008-07-16,1214.650024,1245.52002,1211.390015,1245.359985,6738630000
2008-07-17,1246.310059,1262.310059,1241.48999,1260.319946,7365210000
2008-07-18,1258.219971,1262.22998,1251.810059,1260.680054,5653280000
2008-07-21,1261.819946,1267.73999,1255.699951,1260.0,4630640000
2008-07-22,1257.079956,1277.420044,1248.829956,1277.0,6180230000
2008-07-23,1278.869995,1291.170044,1276.060059,1282.189941,6705830000
2008-07-24,1283.219971,1283.219971,1251.47998,1252.540039,6127980000
2008-07-25,1253.51001,1263.22998,1251.75,1257.76001,4672560000
2008-07-28,1257.76001,1260.089966,1234.369995,1234.369995,4282960000
2008-07-29,1236.380005,1263.199951,1236.380005,1263.199951,5414240000
2008-07-30,1264.52002,1284.329956,1264.52002,1284.26001,5631330000
2008-07-31,1281.369995,1284.930054,1265.969971,1267.380005,5346050000
2008-08-01,1269.420044,1270.52002,1254.540039,1260.310059,4684870000
2008-08-04,1253.27002,1260.48999,1247.449951,1249.01001,4562280000
2008-08-05,1254.869995,1284.880005,1254.670044,1284.880005,1219310000
2008-08-06,1283.98999,1291.670044,1276.0,1289.189941,4873420000
2008-08-07,1286.51001,1286.51001,1264.290039,1266.069946,5319380000
2008-08-08,1266.290039,1297.849976,1262.109985,1296.319946,4966810000
2008-08-11,1294.420044,1313.150024,1291.410034,1305.319946,5067310000
2008-08-12,1304.790039,1304.790039,1285.640015,1289.589966,4711290000
2008-08-13,1288.640015,1294.030029,1274.859985,1285.829956,4787600000
2008-08-14,1282.109985,1300.109985,1276.839966,1292.930054,4064000000
2008-08-15,1293.849976,1302.050049,1290.73999,1298.199951,4041820000
2008-08-18,1298.140015,1300.219971,1274.51001,1278.599976,3829290000
2008-08-19,1276.650024,1276.650024,1263.109985,1266.689941,4159760000
2008-08-20,1267.339966,1276.01001,1261.160034,1274.540039,4555030000
2008-08-21,1271.069946,1281.400024,1265.219971,1277.719971,4032590000
2008-08-22,1277.589966,1293.089966,1277.589966,1292.199951,3741070000
2008-08-25,1290.469971,1290.469971,1264.869995,1266.839966,3420600000
2008-08-26,1267.030029,1275.650024,1263.209961,1271.51001,3587570000
2008-08-27,1271.290039,1285.050049,1270.030029,1281.660034,3499610000
2008-08-28,1283.790039,1300.680054,1283.790039,1300.680054,3854280000
2008-08-29,1296.48999,1297.589966,1282.73999,1282.829956,3288120000
2008-09-02,1287.829956,1303.040039,1272.199951,1277.579956,4783560000
2008-09-03,1276.609985,1280.599976,1265.589966,1274.97998,5056980000
2008-09-04,1271.800049,1271.800049,1232.829956,1236.829956,5212500000
2008-09-05,1233.209961,1244.939941,1217.22998,1242.310059,5017080000
2008-09-08,1249.5,1274.420044,1247.119995,1267.790039,7351340000
2008-09-09,1267.97998,1268.660034,1224.51001,1224.51001,7380630000
2008-09-10,1227.5,1243.900024,1221.599976,1232.040039,6543440000
2008-09-11,1229.040039,1249.97998,1211.540039,1249.050049,6869250000
2008-09-12,1245.880005,1255.089966,1233.810059,1251.699951,6273260000
2008-09-15,1250.920044,1250.920044,1192.699951,1192.699951,8279510000
2008-09-16,1188.310059,1214.839966,1169.280029,1213.599976,9459830000
2008-09-17,1210.339966,1210.339966,1155.880005,1156.390015,9431870000
2008-09-18,1157.079956,1211.140015,1133.5,1206.51001,10082690000
2008-09-19,1213.109985,1265.119995,1213.109985,1255.079956,9387170000
2008-09-22,1255.369995,1255.369995,1205.609985,1207.089966,5368130000
2008-09-23,1207.609985,1221.150024,1187.060059,1188.219971,5185730000
2008-09-24,1188.790039,1197.410034,1179.790039,1185.869995,4820360000
2008-09-25,1187.869995,1220.030029,1187.869995,1209.180054,5877640000
2008-09-26,1204.469971,1215.77002,1187.540039,1213.27002,5383610000
2008-09-29,1209.069946,1209.069946,1106.420044,1106.420044,7305060000
2008-09-30,1113.780029,1168.030029,1113.780029,1166.359985,4937680000
2008-10-01,1164.170044,1167.030029,1140.77002,1161.060059,5782130000
2008-10-02,1160.640015,1160.640015,1111.430054,1114.280029,6285640000
2008-10-03,1115.160034,1153.819946,1098.140015,1099.22998,6716120000
2008-10-06,1097.560059,1097.560059,1007.969971,1056.890015,7956020000
2008-10-07,1057.599976,1072.910034,996.2299805,996.2299805,7069210000
2008-10-08,988.9099731,1021.059998,970.9699707,984.9400024,8716330000
2008-10-09,988.4199829,1005.25,909.1900024,909.9199829,6819000000
2008-10-10,902.3099976,936.3599854,839.7999878,899.2199707,11456230000
2008-10-13,912.75,1006.929993,912.75,1003.349976,7263370000
2008-10-14,1009.969971,1044.310059,972.0700073,998.0100098,8161990000
2008-10-15,994.5999756,994.5999756,903.9899902,907.8400269,6542330000
2008-10-16,909.5300293,947.710022,865.8300171,946.4299927,7984500000
2008-10-17,942.289978,984.6400146,918.7399902,940.5499878,6581780000
2008-10-20,943.5100098,985.4000244,943.5100098,985.4000244,5175640000
2008-10-21,980.4000244,985.4400024,952.4699707,955.0499878,5121830000
2008-10-22,951.6699829,951.6699829,875.8099976,896.7800293,6147980000
2008-10-23,899.0800171,922.8300171,858.4400024,908.1099854,7189900000
2008-10-24,895.2199707,896.2999878,852.8499756,876.7700195,6550050000
2008-10-27,874.2800293,893.7800293,846.75,848.9199829,5558050000
2008-10-28,848.9199829,940.5100098,845.2700195,940.5100098,7096950000
2008-10-29,939.5100098,969.9699707,922.2600098,930.0900269,7077800000
2008-10-30,939.3800049,963.2299805,928.5,954.0900269,6175830000
2008-10-31,953.1099854,984.3800049,944.5900269,968.75,6394350000
2008-11-03,968.6699829,975.5700073,958.8200073,966.2999878,4492280000
2008-11-04,971.3099976,1007.51001,971.3099976,1005.75,5531290000
2008-11-05,1001.840027,1001.840027,949.8599854,952.7700195,5426640000
2008-11-06,952.4000244,952.4000244,899.7299805,904.8800049,6102230000
2008-11-07,907.4400024,931.460022,906.9000244,930.9899902,4931640000
2008-11-10,936.75,951.9500122,907.4699707,919.210022,4572000000
2008-11-11,917.1500244,917.1500244,884.9000244,898.9500122,4998340000
2008-11-12,893.3900146,893.3900146,850.4799805,852.2999878,5764180000
2008-11-13,853.1300049,913.0100098,818.6900024,911.289978,7849120000
2008-11-14,904.3599854,916.8800049,869.8800049,873.289978,5881030000
2008-11-17,873.2299805,882.289978,848.9799805,850.75,4927490000
2008-11-18,852.3400269,865.9000244,826.8400269,859.1199951,6679470000
2008-11-19,859.0300293,864.5700073,806.1799927,806.5800171,6548600000
2008-11-20,805.8699951,820.5200195,747.7800293,752.4400024,9093740000
2008-11-21,755.8400269,801.2000122,741.0200195,800.0300293,9495900000
2008-11-24,801.2000122,865.5999756,801.2000122,851.8099976,7879440000
2008-11-25,853.4000244,868.9400024,834.9899902,857.3900146,6952700000
2008-11-26,852.9000244,887.6799927,841.3699951,887.6799927,5793260000
2008-11-28,886.8900146,896.25,881.210022,896.2399902,2740860000
2008-12-01,888.6099854,888.6099854,815.6900024,816.210022,6052010000
2008-12-02,817.9400024,850.539978,817.9400024,848.8099976,6170100000
2008-12-03,843.5999756,873.1199951,827.5999756,870.7399902,6221880000
2008-12-04,869.75,875.5999756,833.5999756,845.2199707,5860390000
2008-12-05,844.4299927,879.4199829,818.4099731,876.0700073,6165370000
2008-12-08,882.710022,918.5700073,882.710022,909.7000122,6553600000
2008-12-09,906.4799805,916.2600098,885.3800049,888.6699829,5693110000
2008-12-10,892.1699829,908.2700195,885.4500122,899.2399902,5942130000
2008-12-11,898.3499756,904.6300049,868.7299805,873.5900269,5513840000
2008-12-12,871.789978,883.2399902,851.3499756,879.7299805,5959590000
2008-12-15,881.0700073,884.6300049,857.7199707,868.5700073,4982390000
2008-12-16,871.5300293,914.6599731,871.5300293,913.1799927,6009780000
2008-12-17,908.1599731,918.8499756,895.9400024,904.4199829,5907380000
2008-12-18,905.9799805,911.0200195,877.4400024,885.2800293,5675000000
2008-12-19,886.960022,905.4699707,883.0200195,887.8800049,6705310000
2008-12-22,887.2000122,887.3699951,857.0900269,871.6300049,4869850000
2008-12-23,874.3099976,880.4400024,860.0999756,863.1599731,4051970000
2008-12-24,863.8699951,869.789978,861.4400024,868.1500244,1546550000
2008-12-26,869.5100098,873.7399902,866.5200195,872.7999878,1880050000
2008-12-29,872.3699951,873.7000122,857.0700073,869.4199829,3323430000
2008-12-30,870.5800171,891.1199951,870.5800171,890.6400146,3627800000
2008-12-31,890.5900269,910.3200073,889.6699829,903.25,4172940000
2009-01-02,902.9899902,934.7299805,899.3499756,931.7999878,4048270000
2009-01-05,929.1699829,936.6300049,919.5300293,927.4500122,5413910000
2009-01-06,931.1699829,943.8499756,927.2800293,934.7000122,5392620000
2009-01-07,927.4500122,927.4500122,902.3699951,906.6500244,4704940000
2009-01-08,905.7299805,910.0,896.8099976,909.7299805,4991550000
2009-01-09,909.9099731,911.9299927,888.3099976,890.3499756,4716500000
2009-01-12,890.4000244,890.4000244,864.3200073,870.2600098,4725050000
2009-01-13,869.789978,877.0200195,862.0200195,871.789978,5567460000
2009-01-14,867.2800293,867.2800293,836.9299927,842.6199951,5407880000
2009-01-15,841.9899902,851.5900269,817.039978,843.7399902,7807350000
2009-01-16,844.4500122,858.1300049,830.6599731,850.1199951,6786040000
2009-01-20,849.6400146,849.6400146,804.4699707,805.2199707,6375230000
2009-01-21,806.7700195,841.7199707,804.2999878,840.2399902,6467830000
2009-01-22,839.7399902,839.7399902,811.289978,827.5,5843830000
2009-01-23,822.1599731,838.6099854,806.0700073,831.9500122,5832160000
2009-01-26,832.5,852.5300293,827.6900024,836.5700073,6039940000
2009-01-27,837.2999878,850.4500122,835.4000244,845.710022,5353260000
2009-01-28,845.7299805,877.8599854,845.7299805,874.0900269,6199180000
2009-01-29,868.8900146,868.8900146,844.1500244,845.1400146,5067060000
2009-01-30,845.6900024,851.6599731,821.6699829,825.8800049,5350580000
2009-02-02,823.0900269,830.7800293,812.8699951,825.4400024,5673270000
2009-02-03,825.6900024,842.5999756,821.9799805,838.5100098,5886310000
2009-02-04,837.7700195,851.8499756,829.1799927,832.2299805,6420450000
2009-02-05,831.75,850.5499878,819.9099731,845.8499756,6624030000
2009-02-06,846.0900269,870.75,845.4199829,868.5999756,6484100000
2009-02-09,868.2399902,875.0100098,861.6500244,869.8900146,5574370000
2009-02-10,866.8699951,868.0499878,822.9899902,827.1599731,6770170000
2009-02-11,827.4099731,838.2199707,822.2999878,833.7399902,5926460000
2009-02-12,829.9099731,835.4799805,808.0599976,835.1900024,6476460000
2009-02-13,833.9500122,839.4299927,825.210022,826.8400269,5296650000
2009-02-17,818.6099854,818.6099854,789.1699829,789.1699829,5907820000
2009-02-18,791.0599976,796.1699829,780.4299927,788.4199829,5740710000
2009-02-19,787.9099731,797.5800171,777.0300293,778.9400024,5746940000
2009-02-20,775.8699951,778.6900024,754.25,770.0499878,8210590000
2009-02-23,773.25,777.8499756,742.3699951,743.3300171,6509300000
2009-02-24,744.6900024,775.4899902,744.6900024,773.1400146,7234490000
2009-02-25,770.6400146,780.1199951,752.8900146,764.9000244,7483640000
2009-02-26,765.7600098,779.4199829,751.75,752.8300171,7599970000
2009-02-27,749.9299927,751.2700195,734.5200195,735.0900269,8926480000
2009-03-02,729.5700073,729.5700073,699.7000122,700.8200073,7868290000
2009-03-03,704.4400024,711.6699829,692.2999878,696.3300171,7583230000
2009-03-04,698.5999756,724.1199951,698.5999756,712.8699951,7673620000
2009-03-05,708.2700195,708.2700195,677.9299927,682.5499878,7507250000
2009-03-06,684.039978,699.0900269,666.789978,683.3800049,7331830000
2009-03-09,680.7600098,695.2700195,672.8800049,676.5300293,7277320000
2009-03-10,679.2800293,719.5999756,679.2800293,719.5999756,8618330000
2009-03-11,719.5900269,731.9199829,713.8499756,721.3599854,7287810000
2009-03-12,720.8900146,752.6300049,714.7600098,750.7399902,7326630000
2009-03-13,751.9699707,758.289978,742.460022,756.5499878,6787090000
2009-03-16,758.8400269,774.5300293,753.3699951,753.8900146,7883540000
2009-03-17,753.8800049,778.1199951,749.9299927,778.1199951,6156800000
2009-03-18,776.0100098,803.039978,765.6400146,794.3499756,9098450000
2009-03-19,797.9199829,803.2399902,781.8200073,784.039978,9033870000
2009-03-20,784.5800171,788.9099731,766.2000122,768.539978,7643720000
2009-03-23,772.3099976,823.3699951,772.3099976,822.9199829,7715770000
2009-03-24,820.5999756,823.6500244,805.4799805,806.1199951,6767980000
2009-03-25,806.8099976,826.7800293,791.3699951,813.8800049,7687180000
2009-03-26,814.0599976,832.9799805,814.0599976,832.8599854,6992960000
2009-03-27,828.6799927,828.6799927,813.4299927,815.9400024,5600210000
2009-03-30,809.0700073,809.0700073,779.8099976,787.5300293,5912660000
2009-03-31,790.8800049,810.4799805,790.8800049,797.8699951,6089100000
2009-04-01,793.5900269,813.6199951,783.3200073,811.0800171,6034140000
2009-04-02,814.5300293,845.6099854,814.5300293,834.3800049,7542810000
2009-04-03,835.1300049,842.5,826.7000122,842.5,5855640000
2009-04-06,839.75,839.75,822.789978,835.4799805,6210000000
2009-04-07,834.1199951,834.1199951,814.5300293,815.5499878,5155580000
2009-04-08,816.7600098,828.4199829,814.8400269,825.1599731,5938460000
2009-04-09,829.289978,856.9099731,829.289978,856.5599976,7600710000
2009-04-13,855.3300171,864.3099976,845.3499756,858.7299805,6434890000
2009-04-14,856.8800049,856.8800049,840.25,841.5,7569840000
2009-04-15,839.4400024,852.9299927,835.5800171,852.0599976,6241100000
2009-04-16,854.539978,870.3499756,847.039978,865.2999878,6598670000
2009-04-17,865.1799927,875.6300049,860.8699951,869.5999756,7352010000
2009-04-20,868.2700195,868.2700195,832.3900146,832.3900146,6973960000
2009-04-21,831.25,850.0900269,826.8300171,850.0800171,7436490000
2009-04-22,847.2600098,861.7800293,840.5700073,843.5499878,7327860000
2009-04-23,844.6199951,852.8699951,835.4500122,851.9199829,6563100000
2009-04-24,853.9099731,871.7999878,853.9099731,866.2299805,7114440000
2009-04-27,862.8200073,868.8300171,854.6500244,857.5100098,5613460000
2009-04-28,854.4799805,864.4799805,847.1199951,855.1599731,6328000000
2009-04-29,856.8499756,882.0599976,856.8499756,873.6400146,6101620000
2009-04-30,876.5900269,888.7000122,868.5100098,872.8099976,6862540000
2009-05-01,872.7399902,880.4799805,866.0999756,877.5200195,5312170000
2009-05-04,879.210022,907.8499756,879.210022,907.2399902,7038840000
2009-05-05,906.0999756,907.7000122,897.3400269,903.7999878,6882860000
2009-05-06,903.9500122,920.2800293,903.9500122,919.5300293,8555040000
2009-05-07,919.5800171,929.5800171,901.3599854,907.3900146,9120100000
2009-05-08,909.0300293,930.1699829,909.0300293,929.2299805,8163280000
2009-05-11,922.9899902,922.9899902,908.6799927,909.2399902,6150600000
2009-05-12,910.5200195,915.5700073,896.460022,908.3499756,6871750000
2009-05-13,905.4000244,905.4000244,882.7999878,883.9199829,7091820000
2009-05-14,884.2399902,898.3599854,882.5200195,893.0700073,6134870000
2009-05-15,892.7600098,896.9699707,878.9400024,882.8800049,5439720000
2009-05-18,886.0700073,910.0,886.0700073,909.710022,5702150000
2009-05-19,909.6699829,916.3900146,905.2199707,908.1300049,6616270000
2009-05-20,908.6199951,924.5999756,901.3699951,903.4699707,8205060000
2009-05-21,900.4199829,900.4199829,879.6099854,888.3300171,6019840000
2009-05-22,888.6799927,896.6500244,883.75,887.0,5155320000
2009-05-26,887.0,911.7600098,881.460022,910.3300171,5667050000
2009-05-27,909.9500122,913.8400269,891.8699951,893.0599976,5698800000
2009-05-28,892.960022,909.4500122,887.5999756,906.8300171,5738980000
2009-05-29,907.0200195,920.0200195,903.5599976,919.1400146,6050420000
2009-06-01,923.2600098,947.7700195,923.2600098,942.8699951,6370440000
2009-06-02,942.8699951,949.3800049,938.460022,944.7399902,5987340000
2009-06-03,942.5100098,942.5100098,923.8499756,931.7600098,5323770000
2009-06-04,932.4899902,942.4699707,929.3200073,942.460022,5352890000
2009-06-05,945.6699829,951.6900024,934.1300049,940.0900269,5277910000
2009-06-08,938.1199951,946.3300171,926.4400024,939.1400146,4483430000
2009-06-09,940.3499756,946.9199829,936.1500244,942.4299927,4439950000
2009-06-10,942.7299805,949.7700195,927.9699707,939.1500244,5379420000
2009-06-11,939.039978,956.2299805,939.039978,944.8900146,5500840000
2009-06-12,943.4400024,946.2999878,935.6599731,946.210022,4528120000
2009-06-15,942.4500122,942.4500122,919.6500244,923.7199707,4697880000
2009-06-16,925.5999756,928.0,911.5999756,911.9699707,4951200000
2009-06-17,911.8900146,918.4400024,903.7800293,910.710022,5523650000
2009-06-18,910.8599854,921.9299927,907.9400024,918.3699951,4684010000
2009-06-19,919.960022,927.0900269,915.7999878,921.2299805,5713390000
2009-06-22,918.1300049,918.1300049,893.039978,893.039978,4903940000
2009-06-23,893.460022,898.6900024,888.8599854,895.0999756,5071020000
2009-06-24,896.3099976,910.8499756,896.3099976,900.9400024,4636720000
2009-06-25,899.4500122,921.4199829,896.2700195,920.2600098,4911240000
2009-06-26,918.8400269,922.0,913.0300293,918.9000244,6076660000
2009-06-29,919.8599854,927.9899902,916.1799927,927.2299805,4211760000
2009-06-30,927.1500244,930.0100098,912.8599854,919.3200073,4627570000
2009-07-01,920.8200073,931.9199829,920.8200073,923.3300171,3919400000
2009-07-02,921.2399902,921.2399902,896.4199829,896.4199829,3931000000
2009-07-06,894.2700195,898.7199707,886.3599854,898.7199707,4712580000
2009-07-07,898.5999756,898.5999756,879.9299927,881.0300293,4673300000
2009-07-08,881.9000244,886.7999878,869.3200073,879.5599976,5721780000
2009-07-09,881.2800293,887.8599854,878.4500122,882.6799927,4347170000
2009-07-10,880.0300293,883.5700073,872.8099976,879.1300049,3912080000
2009-07-13,879.5700073,901.0499878,875.3200073,901.0499878,4499440000
2009-07-14,900.7700195,905.8400269,896.5,905.8400269,4149030000
2009-07-15,910.1500244,933.9500122,910.1500244,932.6799927,5238830000
2009-07-16,930.1699829,943.960022,927.4500122,940.7399902,4898640000
2009-07-17,940.5599976,941.8900146,934.6500244,940.3800049,5141380000
2009-07-20,942.0700073,951.6199951,940.9899902,951.1300049,4853150000
2009-07-21,951.9699707,956.5300293,943.2199707,954.5800171,5309300000
2009-07-22,953.4000244,959.8300171,947.75,954.0700073,4634100000
2009-07-23,954.0700073,979.4199829,953.2700195,976.289978,5761650000
2009-07-24,972.1599731,979.789978,965.9500122,979.2600098,4458300000
2009-07-27,978.6300049,982.4899902,972.289978,982.1799927,4631290000
2009-07-28,981.4799805,982.3499756,969.3499756,979.6199951,5490350000
2009-07-29,977.6599731,977.7600098,968.6500244,975.1500244,5178770000
2009-07-30,976.0100098,996.6799927,976.0100098,986.75,6035180000
2009-07-31,986.7999878,993.1799927,982.8499756,987.4799805,5139070000
2009-08-03,990.2199707,1003.609985,990.2199707,1002.630005,5603440000
2009-08-04,1001.409973,1007.119995,996.6799927,1005.650024,5713700000
2009-08-05,1005.409973,1006.640015,994.3099976,1002.719971,7242120000
2009-08-06,1004.059998,1008.0,992.4899902,997.0800171,6753380000
2009-08-07,999.8300171,1018.0,999.8300171,1010.47998,6827090000
2009-08-10,1008.890015,1010.119995,1000.98999,1007.099976,5406080000
2009-08-11,1005.77002,1005.77002,992.4000244,994.3499756,5773160000
2009-08-12,994.0,1012.780029,993.3599854,1005.809998,5498170000
2009-08-13,1005.859985,1013.140015,1000.820007,1012.72998,5250660000
2009-08-14,1012.22998,1012.599976,994.5999756,1004.090027,4940750000
2009-08-17,998.1799927,998.1799927,978.5100098,979.7299805,4088570000
2009-08-18,980.6199951,991.2000122,980.6199951,989.6699829,4198970000
2009-08-19,986.8800049,999.6099854,980.6199951,996.460022,4257000000
2009-08-20,996.4099731,1008.919983,996.3900146,1007.369995,4893160000
2009-08-21,1009.059998,1027.589966,1009.059998,1026.130005,5885550000
2009-08-24,1026.589966,1035.819946,1022.47998,1025.569946,6302450000
2009-08-25,1026.630005,1037.75,1026.209961,1028.0,5768740000
2009-08-26,1027.349976,1032.469971,1021.570007,1028.119995,5080060000
2009-08-27,1027.810059,1033.329956,1016.200012,1030.97998,5785880000
2009-08-28,1031.619995,1039.469971,1023.130005,1028.930054,5785780000
2009-08-31,1025.209961,1025.209961,1014.619995,1020.619995,5004560000
2009-09-01,1019.52002,1028.449951,996.2800293,998.039978,6862360000
2009-09-02,996.0700073,1000.340027,991.9699707,994.75,5842730000
2009-09-03,996.1199951,1003.429993,992.25,1003.23999,4624280000
2009-09-04,1003.840027,1016.47998,1001.650024,1016.400024,4097370000
2009-09-08,1018.669983,1026.069946,1018.669983,1025.390015,5235160000
2009-09-09,1025.359985,1036.339966,1023.969971,1033.369995,5202550000
2009-09-10,1032.98999,1044.140015,1028.040039,1044.140015,5191380000
2009-09-11,1043.920044,1048.180054,1038.400024,1042.72998,4922600000
2009-09-14,1040.150024,1049.73999,1035.0,1049.339966,4979610000
2009-09-15,1049.030029,1056.040039,1043.420044,1052.630005,6185620000
2009-09-16,1053.98999,1068.76001,1052.869995,1068.76001,6793530000
2009-09-17,1067.869995,1074.77002,1061.199951,1065.48999,6668110000
2009-09-18,1066.599976,1071.52002,1064.27002,1068.300049,5607970000
2009-09-21,1067.140015,1067.280029,1057.459961,1064.660034,4615280000
2009-09-22,1066.349976,1073.810059,1066.349976,1071.660034,5246600000
2009-09-23,1072.689941,1080.150024,1060.390015,1060.869995,5531930000
2009-09-24,1062.560059,1066.290039,1045.849976,1050.780029,5505610000
2009-09-25,1049.47998,1053.469971,1041.170044,1044.380005,4507090000
2009-09-28,1045.380005,1065.130005,1045.380005,1062.97998,3726950000
2009-09-29,1063.689941,1069.619995,1057.829956,1060.609985,4949900000
2009-09-30,1061.02002,1063.400024,1046.469971,1057.079956,5998860000
2009-10-01,1054.910034,1054.910034,1029.449951,1029.849976,5791450000
2009-10-02,1029.709961,1030.599976,1019.950012,1025.209961,5583240000
2009-10-05,1026.869995,1042.579956,1025.920044,1040.459961,4313310000
2009-10-06,1042.02002,1060.550049,1042.02002,1054.719971,5029840000
2009-10-07,1053.650024,1058.02002,1050.099976,1057.579956,4238220000
2009-10-08,1060.030029,1070.670044,1060.030029,1065.47998,4988400000
2009-10-09,1065.280029,1071.51001,1063.0,1071.48999,3763780000
2009-10-12,1071.630005,1079.459961,1071.630005,1076.189941,3710430000
2009-10-13,1074.959961,1075.300049,1066.709961,1073.189941,4320480000
2009-10-14,1078.680054,1093.170044,1078.680054,1092.02002,5406420000
2009-10-15,1090.359985,1096.560059,1086.410034,1096.560059,5369780000
2009-10-16,1094.670044,1094.670044,1081.530029,1087.680054,4894740000
2009-10-19,1088.219971,1100.170044,1086.47998,1097.910034,4619240000
2009-10-20,1098.640015,1098.640015,1086.160034,1091.060059,5396930000
2009-10-21,1090.359985,1101.359985,1080.77002,1081.400024,5616290000
2009-10-22,1080.959961,1095.209961,1074.310059,1092.910034,5192410000
2009-10-23,1095.619995,1095.829956,1075.48999,1079.599976,4767460000
2009-10-26,1080.359985,1091.75,1065.22998,1066.949951,6363380000
2009-10-27,1067.540039,1072.47998,1060.619995,1063.410034,5337380000
2009-10-28,1061.51001,1063.26001,1042.189941,1042.630005,6600350000
2009-10-29,1043.689941,1066.829956,1043.689941,1066.109985,5595040000
2009-10-30,1065.410034,1065.410034,1033.380005,1036.189941,6512420000
2009-11-02,1036.180054,1052.180054,1029.380005,1042.880005,6202640000
2009-11-03,1040.920044,1046.359985,1033.939941,1045.410034,5487500000
2009-11-04,1047.140015,1061.0,1045.150024,1046.5,5635510000
2009-11-05,1047.300049,1066.650024,1047.300049,1066.630005,4848350000
2009-11-06,1064.949951,1071.47998,1059.319946,1069.300049,4277130000
2009-11-09,1072.310059,1093.189941,1072.310059,1093.079956,4460030000
2009-11-10,1091.859985,1096.420044,1087.400024,1093.01001,4394770000
2009-11-11,1096.040039,1105.369995,1093.810059,1098.51001,4286700000
2009-11-12,1098.310059,1101.969971,1084.900024,1087.23999,4160250000
2009-11-13,1087.589966,1097.790039,1085.329956,1093.47998,3792610000
2009-11-16,1094.130005,1113.689941,1094.130005,1109.300049,4565850000
2009-11-17,1109.219971,1110.52002,1102.189941,1110.319946,3824070000
2009-11-18,1109.439941,1111.099976,1102.699951,1109.800049,4293340000
2009-11-19,1106.439941,1106.439941,1088.400024,1094.900024,4178030000
2009-11-20,1094.660034,1094.660034,1086.810059,1091.380005,3751230000
2009-11-23,1094.859985,1112.380005,1094.859985,1106.23999,3827920000
2009-11-24,1105.829956,1107.560059,1097.630005,1105.650024,3700820000
2009-11-25,1106.48999,1111.180054,1104.75,1110.630005,3036350000
2009-11-27,1105.469971,1105.469971,1083.73999,1091.48999,2362910000
2009-11-30,1091.069946,1097.23999,1086.25,1095.630005,3895520000
2009-12-01,1098.890015,1112.280029,1098.890015,1108.859985,4249310000
2009-12-02,1109.030029,1115.579956,1105.290039,1109.23999,3941340000
2009-12-03,1110.589966,1117.280029,1098.73999,1099.920044,4810030000
2009-12-04,1100.430054,1119.130005,1096.52002,1105.97998,5781140000
2009-12-07,1105.52002,1110.719971,1100.829956,1103.25,4103360000
2009-12-08,1103.040039,1103.040039,1088.609985,1091.939941,4748030000
2009-12-09,1091.069946,1097.040039,1085.890015,1095.949951,4115410000
2009-12-10,1098.689941,1106.25,1098.689941,1102.349976,3996490000
2009-12-11,1103.959961,1108.5,1101.339966,1106.410034,3791090000
2009-12-14,1107.839966,1114.76001,1107.839966,1114.109985,4548490000
2009-12-15,1114.109985,1114.109985,1105.349976,1107.930054,5045100000
2009-12-16,1108.609985,1116.209961,1107.959961,1109.180054,4829820000
2009-12-17,1106.359985,1106.359985,1095.880005,1096.079956,7615070000
2009-12-18,1097.859985,1103.73999,1093.880005,1102.469971,6325890000
2009-12-21,1105.310059,1117.680054,1105.310059,1114.050049,3977340000
2009-12-22,1114.51001,1120.27002,1114.51001,1118.02002,3641130000
2009-12-23,1118.839966,1121.579956,1116.0,1120.589966,3166870000
2009-12-24,1121.079956,1126.47998,1121.079956,1126.47998,1267710000
2009-12-28,1127.530029,1130.380005,1123.51001,1127.780029,2716400000
2009-12-29,1128.550049,1130.380005,1126.079956,1126.199951,2491020000
2009-12-30,1125.530029,1126.420044,1121.939941,1126.420044,2277300000
2009-12-31,1126.599976,1127.640015,1114.810059,1115.099976,2076990000
2010-01-04,1116.560059,1133.869995,1116.560059,1132.98999,3991400000
2010-01-05,1132.660034,1136.630005,1129.660034,1136.52002,2491020000
2010-01-06,1135.709961,1139.189941,1133.949951,1137.140015,4972660000
2010-01-07,1136.27002,1142.459961,1131.319946,1141.689941,5270680000
2010-01-08,1140.52002,1145.390015,1136.219971,1144.97998,4389590000
2010-01-11,1145.959961,1149.73999,1142.02002,1146.97998,4255780000
2010-01-12,1143.810059,1143.810059,1131.77002,1136.219971,4716160000
2010-01-13,1137.310059,1148.400024,1133.180054,1145.680054,4170360000
2010-01-14,1145.680054,1150.410034,1143.800049,1148.459961,3915200000
2010-01-15,1147.719971,1147.77002,1131.390015,1136.030029,4758730000
2010-01-19,1136.030029,1150.449951,1135.77002,1150.22998,4724830000
2010-01-20,1147.949951,1147.949951,1129.25,1138.040039,4810560000
2010-01-21,1138.680054,1141.579956,1114.839966,1116.47998,6874290000
2010-01-22,1115.48999,1115.48999,1090.180054,1091.76001,6208650000
2010-01-25,1092.400024,1102.969971,1092.400024,1096.780029,4481390000
2010-01-26,1095.800049,1103.689941,1089.859985,1092.170044,4731910000
2010-01-27,1091.939941,1099.51001,1083.109985,1097.5,5319120000
2010-01-28,1096.930054,1100.219971,1078.459961,1084.530029,5452400000
2010-01-29,1087.609985,1096.449951,1071.589966,1073.869995,5412850000
2010-02-01,1073.890015,1089.380005,1073.890015,1089.189941,4077610000
2010-02-02,1090.050049,1104.72998,1087.959961,1103.319946,4749540000
2010-02-03,1100.670044,1102.719971,1093.969971,1097.280029,4285450000
2010-02-04,1097.25,1097.25,1062.780029,1063.109985,5859690000
2010-02-05,1064.119995,1067.130005,1044.5,1066.189941,6438900000
2010-02-08,1065.51001,1071.199951,1056.51001,1056.73999,4089820000
2010-02-09,1060.060059,1079.280029,1060.060059,1070.52002,5114260000
2010-02-10,1069.680054,1073.670044,1059.339966,1068.130005,4251450000
2010-02-11,1067.099976,1080.040039,1060.589966,1078.469971,4400870000
2010-02-12,1075.949951,1077.810059,1062.969971,1075.51001,4160680000
2010-02-16,1079.130005,1095.670044,1079.130005,1094.869995,4080770000
2010-02-17,1096.140015,1101.030029,1094.719971,1099.51001,4259230000
2010-02-18,1099.030029,1108.23999,1097.47998,1106.75,3878620000
2010-02-19,1105.48999,1112.420044,1100.800049,1109.170044,3944280000
2010-02-22,1110.0,1112.290039,1105.380005,1108.01001,3814440000
2010-02-23,1107.48999,1108.579956,1092.180054,1094.599976,4521050000
2010-02-24,1095.890015,1106.420044,1095.5,1105.23999,4168360000
2010-02-25,1101.23999,1103.5,1086.02002,1102.939941,4521130000
2010-02-26,1103.099976,1107.23999,1097.560059,1104.48999,3945190000
2010-03-01,1105.359985,1116.109985,1105.359985,1115.709961,3847640000
2010-03-02,1117.01001,1123.459961,1116.51001,1118.310059,4134680000
2010-03-03,1119.359985,1125.640015,1116.579956,1118.790039,3951320000
2010-03-04,1119.119995,1123.72998,1116.660034,1122.969971,3945010000
2010-03-05,1125.119995,1139.380005,1125.119995,1138.699951,4133000000
2010-03-08,1138.400024,1141.050049,1136.77002,1138.5,3774680000
2010-03-09,1137.560059,1145.369995,1134.900024,1140.449951,5185570000
2010-03-10,1140.219971,1148.26001,1140.089966,1145.609985,5469120000
2010-03-11,1143.959961,1150.23999,1138.98999,1150.23999,4669060000
2010-03-12,1151.709961,1153.410034,1146.969971,1149.98999,4928160000
2010-03-15,1148.530029,1150.97998,1141.449951,1150.51001,4164110000
2010-03-16,1150.829956,1160.280029,1150.349976,1159.459961,4369770000
2010-03-17,1159.939941,1169.839966,1159.939941,1166.209961,4963200000
2010-03-18,1166.130005,1167.77002,1161.160034,1165.829956,4234510000
2010-03-19,1166.680054,1169.199951,1155.329956,1159.900024,5212410000
2010-03-22,1157.25,1167.819946,1152.880005,1165.810059,4261680000
2010-03-23,1166.469971,1174.719971,1163.829956,1174.170044,4411640000
2010-03-24,1172.699951,1173.040039,1166.01001,1167.719971,4705750000
2010-03-25,1170.030029,1180.689941,1165.089966,1165.72998,5668900000
2010-03-26,1167.579956,1173.930054,1161.47998,1166.589966,4708420000
2010-03-29,1167.709961,1174.849976,1167.709961,1173.219971,4375580000
2010-03-30,1173.75,1177.829956,1168.920044,1173.27002,4085000000
2010-03-31,1171.75,1174.560059,1165.77002,1169.430054,4484340000
2010-04-01,1171.22998,1181.430054,1170.689941,1178.099976,4006870000
2010-04-05,1178.709961,1187.72998,1178.709961,1187.439941,3881620000
2010-04-06,1186.01001,1191.800049,1182.77002,1189.439941,4086180000
2010-04-07,1188.22998,1189.599976,1177.25,1182.449951,5101430000
2010-04-08,1181.75,1188.550049,1175.119995,1186.439941,4726970000
2010-04-09,1187.469971,1194.660034,1187.150024,1194.369995,4511570000
2010-04-12,1194.939941,1199.199951,1194.709961,1196.47998,4607090000
2010-04-13,1195.939941,1199.040039,1188.819946,1197.300049,5403580000
2010-04-14,1198.689941,1210.650024,1198.689941,1210.650024,5760040000
2010-04-15,1210.77002,1213.920044,1208.5,1211.670044,5995330000
2010-04-16,1210.170044,1210.170044,1186.77002,1192.130005,8108470000
2010-04-19,1192.060059,1197.869995,1183.680054,1197.52002,6597740000
2010-04-20,1199.040039,1208.579956,1199.040039,1207.170044,5316590000
2010-04-21,1207.160034,1210.98999,1198.849976,1205.939941,5724310000
2010-04-22,1202.52002,1210.27002,1190.189941,1208.670044,6035780000
2010-04-23,1207.869995,1217.280029,1205.099976,1217.280029,5326060000
2010-04-26,1217.069946,1219.800049,1211.069946,1212.050049,5647760000
2010-04-27,1209.920044,1211.380005,1181.619995,1183.709961,7454540000
2010-04-28,1184.589966,1195.050049,1181.810059,1191.359985,6342310000
2010-04-29,1193.300049,1209.359985,1193.300049,1206.780029,6059410000
2010-04-30,1206.77002,1207.98999,1186.319946,1186.689941,6048260000
2010-05-03,1188.579956,1205.130005,1188.579956,1202.26001,4938050000
2010-05-04,1197.5,1197.5,1168.119995,1173.599976,6594720000
2010-05-05,1169.23999,1175.949951,1158.150024,1165.869995,6795940000
2010-05-06,1164.380005,1167.579956,1065.790039,1128.150024,10617810000
2010-05-07,1127.040039,1135.130005,1094.150024,1110.880005,9472910000
2010-05-10,1122.27002,1163.849976,1122.27002,1159.72998,6893700000
2010-05-11,1156.390015,1170.47998,1147.709961,1155.790039,5842550000
2010-05-12,1155.430054,1172.869995,1155.430054,1171.670044,5225460000
2010-05-13,1170.040039,1173.569946,1156.140015,1157.439941,4870640000
2010-05-14,1157.189941,1157.189941,1126.140015,1135.680054,6126400000
2010-05-17,1136.52002,1141.880005,1114.959961,1136.939941,5922920000
2010-05-18,1138.780029,1148.660034,1117.199951,1120.800049,6170840000
2010-05-19,1119.569946,1124.27002,1100.660034,1115.050049,6765800000
2010-05-20,1107.339966,1107.339966,1071.579956,1071.589966,8328570000
2010-05-21,1067.26001,1090.160034,1055.900024,1087.689941,5452130000
2010-05-24,1084.780029,1089.949951,1072.699951,1073.650024,5224040000
2010-05-25,1067.420044,1074.75,1040.780029,1074.030029,7329580000
2010-05-26,1075.51001,1090.75,1065.589966,1067.949951,4521050000
2010-05-27,1074.27002,1103.52002,1074.27002,1103.060059,5698460000
2010-05-28,1102.589966,1102.589966,1084.780029,1089.410034,4871210000
2010-06-01,1087.300049,1094.77002,1069.890015,1070.709961,5271480000
2010-06-02,1073.01001,1098.560059,1072.030029,1098.380005,5026360000
2010-06-03,1098.819946,1105.670044,1091.810059,1102.829956,4995970000
2010-06-04,1098.430054,1098.430054,1060.5,1064.880005,6180580000
2010-06-07,1065.839966,1071.359985,1049.859985,1050.469971,5467560000
2010-06-08,1050.810059,1063.150024,1042.170044,1062.0,6192750000
2010-06-09,1062.75,1077.73999,1052.25,1055.689941,5983200000
2010-06-10,1058.77002,1087.849976,1058.77002,1086.839966,5144780000
2010-06-11,1082.650024,1092.25,1077.119995,1091.599976,4059280000
2010-06-14,1095.0,1105.910034,1089.030029,1089.630005,4425830000
2010-06-15,1091.209961,1115.589966,1091.209961,1115.22998,4644490000
2010-06-16,1114.02002,1118.73999,1107.130005,1114.609985,5002600000
2010-06-17,1115.97998,1117.719971,1105.869995,1116.040039,4557760000
2010-06-18,1116.160034,1121.01001,1113.930054,1117.51001,4555360000
2010-06-21,1122.790039,1131.22998,1108.23999,1113.199951,4514360000
2010-06-22,1113.900024,1118.5,1094.180054,1095.310059,4514380000
2010-06-23,1095.569946,1099.640015,1085.310059,1092.040039,4526150000
2010-06-24,1090.930054,1090.930054,1071.599976,1073.689941,4814830000
2010-06-25,1075.099976,1083.560059,1067.890015,1076.76001,5128840000
2010-06-28,1077.5,1082.599976,1071.449951,1074.569946,3896410000
2010-06-29,1071.099976,1071.099976,1035.180054,1041.23999,6136700000
2010-06-30,1040.560059,1048.079956,1028.329956,1030.709961,5067080000
2010-07-01,1031.099976,1033.579956,1010.909973,1027.369995,6435770000
2010-07-02,1027.650024,1032.949951,1015.929993,1022.580017,3968500000
2010-07-06,1028.089966,1042.5,1018.349976,1028.060059,4691240000
2010-07-07,1028.540039,1060.890015,1028.540039,1060.27002,4931220000
2010-07-08,1062.920044,1071.25,1058.23999,1070.25,4548460000
2010-07-09,1070.5,1078.160034,1068.099976,1077.959961,3506570000
2010-07-12,1077.22998,1080.780029,1070.449951,1078.75,3426990000
2010-07-13,1080.650024,1099.459961,1080.650024,1095.339966,4640460000
2010-07-14,1095.609985,1099.079956,1087.680054,1095.170044,4521050000
2010-07-15,1094.459961,1098.660034,1080.530029,1096.47998,4552470000
2010-07-16,1093.849976,1093.849976,1063.319946,1064.880005,5297350000
2010-07-19,1066.849976,1074.699951,1061.109985,1071.25,4089500000
2010-07-20,1064.530029,1083.939941,1056.880005,1083.47998,4713280000
2010-07-21,1086.670044,1088.959961,1065.25,1069.589966,4747180000
2010-07-22,1072.140015,1097.5,1072.140015,1093.670044,4826900000
2010-07-23,1092.170044,1103.72998,1087.880005,1102.660034,4524570000
2010-07-26,1102.890015,1115.01001,1101.300049,1115.01001,4009650000
2010-07-27,1117.359985,1120.949951,1109.780029,1113.839966,4725690000
2010-07-28,1112.839966,1114.660034,1103.109985,1106.130005,4002390000
2010-07-29,1108.069946,1115.900024,1092.819946,1101.530029,4612420000
2010-07-30,1098.439941,1106.439941,1088.01001,1101.599976,4006450000
2010-08-02,1107.530029,1127.300049,1107.530029,1125.859985,4144180000
2010-08-03,1125.339966,1125.439941,1116.76001,1120.459961,4071820000
2010-08-04,1121.060059,1128.75,1119.459961,1127.23999,4057850000
2010-08-05,1125.780029,1126.560059,1118.810059,1125.810059,3685560000
2010-08-06,1122.069946,1123.060059,1107.170044,1121.640015,3857890000
2010-08-09,1122.800049,1129.23999,1120.910034,1127.790039,3979360000
2010-08-10,1122.920044,1127.160034,1111.579956,1121.060059,3979360000
2010-08-11,1116.890015,1116.890015,1088.550049,1089.469971,4511860000
2010-08-12,1081.47998,1086.719971,1076.689941,1083.609985,4521050000
2010-08-13,1082.219971,1086.25,1079.0,1079.25,3328890000
2010-08-16,1077.48999,1082.619995,1069.48999,1079.380005,3142450000
2010-08-17,1081.160034,1100.140015,1081.160034,1092.540039,3968210000
2010-08-18,1092.079956,1099.77002,1085.76001,1094.160034,3724260000
2010-08-19,1092.439941,1092.439941,1070.660034,1075.630005,4290540000
2010-08-20,1075.630005,1075.630005,1063.910034,1071.689941,3761570000
2010-08-23,1073.359985,1081.579956,1067.079956,1067.359985,3210950000
2010-08-24,1063.199951,1063.199951,1046.680054,1051.869995,4436330000
2010-08-25,1048.97998,1059.380005,1039.829956,1055.329956,4360190000
2010-08-26,1056.280029,1061.449951,1045.400024,1047.219971,3646710000
2010-08-27,1049.27002,1065.209961,1039.699951,1064.589966,4102460000
2010-08-30,1062.900024,1064.400024,1048.790039,1048.920044,2917990000
2010-08-31,1046.880005,1055.140015,1040.880005,1049.329956,4038770000
2010-09-01,1049.719971,1081.300049,1049.719971,1080.290039,4396880000
2010-09-02,1080.660034,1090.099976,1080.390015,1090.099976,3704210000
2010-09-03,1093.609985,1105.099976,1093.609985,1104.51001,3534500000
2010-09-07,1102.599976,1102.599976,1091.150024,1091.839966,3107380000
2010-09-08,1092.359985,1103.26001,1092.359985,1098.869995,3224640000
2010-09-09,1101.150024,1110.27002,1101.150024,1104.180054,3387770000
2010-09-10,1104.569946,1110.880005,1103.920044,1109.550049,3061160000
2010-09-13,1113.380005,1123.869995,1113.380005,1121.900024,4521050000
2010-09-14,1121.160034,1127.359985,1115.579956,1121.099976,4521050000
2010-09-15,1119.430054,1126.459961,1114.630005,1125.069946,3369840000
2010-09-16,1123.890015,1125.439941,1118.880005,1124.660034,3364080000
2010-09-17,1126.390015,1131.469971,1122.430054,1125.589966,4086140000
2010-09-20,1126.569946,1144.859985,1126.569946,1142.709961,3364080000
2010-09-21,1142.819946,1148.589966,1136.219971,1139.780029,4175660000
2010-09-22,1139.48999,1144.380005,1131.579956,1134.280029,3911070000
2010-09-23,1131.099976,1136.77002,1122.790039,1124.829956,3847850000
2010-09-24,1131.689941,1148.900024,1131.689941,1148.670044,4123950000
2010-09-27,1148.640015,1149.920044,1142.0,1142.160034,3587860000
2010-09-28,1142.310059,1150.0,1132.089966,1147.699951,4025840000
2010-09-29,1146.75,1148.630005,1140.26001,1144.72998,3990280000
2010-09-30,1145.969971,1157.160034,1136.079956,1141.199951,4284160000
2010-10-01,1143.48999,1150.300049,1139.420044,1146.23999,4298910000
2010-10-04,1144.959961,1148.160034,1131.869995,1137.030029,3604110000
2010-10-05,1140.680054,1162.76001,1140.680054,1160.75,4068840000
2010-10-06,1159.810059,1162.329956,1154.849976,1159.969971,4073160000
2010-10-07,1161.569946,1163.869995,1151.410034,1158.060059,3910550000
2010-10-08,1158.359985,1167.72998,1155.579956,1165.150024,3871420000
2010-10-11,1165.319946,1168.680054,1162.02002,1165.319946,2505900000
2010-10-12,1164.280029,1172.579956,1155.709961,1169.77002,4076170000
2010-10-13,1171.319946,1184.380005,1171.319946,1178.099976,4969410000
2010-10-14,1177.819946,1178.890015,1166.709961,1173.810059,4969410000
2010-10-15,1177.469971,1181.199951,1167.119995,1176.189941,5724910000
2010-10-18,1176.829956,1185.530029,1174.550049,1184.709961,4450050000
2010-10-19,1178.640015,1178.640015,1159.709961,1165.900024,5600120000
2010-10-20,1166.73999,1182.939941,1166.73999,1178.170044,5027880000
2010-10-21,1179.819946,1189.430054,1171.170044,1180.26001,4625470000
2010-10-22,1180.52002,1183.930054,1178.98999,1183.079956,3177890000
2010-10-25,1184.73999,1196.140015,1184.73999,1185.619995,4221380000
2010-10-26,1184.880005,1187.109985,1177.719971,1185.640015,4203680000
2010-10-27,1183.839966,1183.839966,1171.699951,1182.449951,4335670000
2010-10-28,1184.469971,1189.530029,1177.099976,1183.780029,4283460000
2010-10-29,1183.869995,1185.459961,1179.699951,1183.26001,3537880000
2010-11-01,1185.709961,1195.810059,1177.650024,1184.380005,4129180000
2010-11-02,1187.859985,1195.880005,1187.859985,1193.569946,3866200000
2010-11-03,1193.790039,1198.300049,1183.560059,1197.959961,4665480000
2010-11-04,1198.339966,1221.25,1198.339966,1221.060059,5695470000
2010-11-05,1221.199951,1227.079956,1220.290039,1225.849976,5637460000
2010-11-08,1223.23999,1224.569946,1217.550049,1223.25,3937230000
2010-11-09,1223.589966,1226.839966,1208.939941,1213.400024,4848040000
2010-11-10,1213.140015,1218.75,1204.329956,1218.709961,4561300000
2010-11-11,1213.040039,1215.449951,1204.48999,1213.540039,3931120000
2010-11-12,1209.069946,1210.5,1194.079956,1199.209961,4213620000
2010-11-15,1200.439941,1207.430054,1197.150024,1197.75,3503370000
2010-11-16,1194.790039,1194.790039,1173.0,1178.339966,5116380000
2010-11-17,1178.329956,1183.560059,1175.819946,1178.589966,3904780000
2010-11-18,1183.75,1200.290039,1183.75,1196.689941,4687260000
2010-11-19,1196.119995,1199.969971,1189.439941,1199.72998,3675390000
2010-11-22,1198.069946,1198.939941,1184.579956,1197.839966,3689500000
2010-11-23,1192.51001,1192.51001,1176.910034,1180.72998,4133070000
2010-11-24,1183.699951,1198.619995,1183.699951,1198.349976,3384250000
2010-11-26,1194.160034,1194.160034,1186.930054,1189.400024,1613820000
2010-11-29,1189.079956,1190.339966,1173.640015,1187.76001,3673450000
2010-11-30,1182.959961,1187.400024,1174.140015,1180.550049,4284700000
2010-12-01,1186.599976,1207.609985,1186.599976,1206.069946,4548110000
2010-12-02,1206.810059,1221.890015,1206.810059,1221.530029,4970800000
2010-12-03,1219.930054,1225.569946,1216.819946,1224.709961,3735780000
2010-12-06,1223.869995,1225.800049,1220.670044,1223.119995,3527370000
2010-12-07,1227.25,1235.050049,1223.25,1223.75,6970630000
2010-12-08,1225.02002,1228.930054,1219.5,1228.280029,4607590000
2010-12-09,1230.140015,1234.709961,1226.849976,1233.0,4522510000
2010-12-10,1233.849976,1240.400024,1232.579956,1240.400024,4547310000
2010-12-13,1242.52002,1246.72998,1240.339966,1240.459961,4361240000
2010-12-14,1241.839966,1246.589966,1238.170044,1241.589966,4132350000
2010-12-15,1241.579956,1244.25,1234.01001,1235.22998,4407340000
2010-12-16,1236.339966,1243.75,1232.849976,1242.869995,4736820000
2010-12-17,1243.630005,1245.810059,1239.869995,1243.910034,4632470000
2010-12-20,1245.76001,1250.199951,1241.51001,1247.079956,3548140000
2010-12-21,1249.430054,1255.819946,1249.430054,1254.599976,3479670000
2010-12-22,1254.939941,1259.390015,1254.939941,1258.839966,1285590000
2010-12-23,1257.530029,1258.589966,1254.050049,1256.77002,2515020000
2010-12-27,1254.660034,1258.430054,1251.47998,1257.540039,1992470000
2010-12-28,1259.099976,1259.900024,1256.219971,1258.51001,2478450000
2010-12-29,1258.780029,1262.599976,1258.780029,1259.780029,2214380000
2010-12-30,1259.439941,1261.089966,1256.319946,1257.880005,1970720000
2010-12-31,1256.76001,1259.339966,1254.189941,1257.640015,1799770000
2011-01-03,1257.619995,1276.170044,1257.619995,1271.869995,4286670000
2011-01-04,1272.949951,1274.119995,1262.660034,1270.199951,4796420000
2011-01-05,1268.780029,1277.630005,1265.359985,1276.560059,4764920000
2011-01-06,1276.290039,1278.170044,1270.430054,1273.849976,4844100000
2011-01-07,1274.410034,1276.829956,1261.699951,1271.5,4963110000
2011-01-10,1270.839966,1271.52002,1262.180054,1269.75,4036450000
2011-01-11,1272.579956,1277.25,1269.619995,1274.47998,4050750000
2011-01-12,1275.650024,1286.869995,1275.650024,1285.959961,4226940000
2011-01-13,1285.780029,1286.699951,1280.469971,1283.76001,4310840000
2011-01-14,1282.900024,1293.23999,1281.23999,1293.23999,4661590000
2011-01-18,1293.219971,1296.060059,1290.160034,1295.02002,5284990000
2011-01-19,1294.52002,1294.599976,1278.920044,1281.920044,4743710000
2011-01-20,1280.849976,1283.349976,1271.26001,1280.26001,4935320000
2011-01-21,1283.630005,1291.209961,1282.069946,1283.349976,4935320000
2011-01-24,1283.290039,1291.930054,1282.469971,1290.839966,3902470000
2011-01-25,1288.170044,1291.26001,1281.069946,1291.180054,4595380000
2011-01-26,1291.969971,1299.73999,1291.969971,1296.630005,4730980000
2011-01-27,1297.51001,1301.290039,1294.410034,1299.540039,4309190000
2011-01-28,1299.630005,1302.670044,1275.099976,1276.339966,5618630000
2011-01-31,1276.5,1287.170044,1276.5,1286.119995,4167160000
2011-02-01,1289.140015,1308.859985,1289.140015,1307.589966,5164500000
2011-02-02,1305.910034,1307.609985,1302.619995,1304.030029,4098260000
2011-02-03,1302.77002,1308.599976,1294.829956,1307.099976,4370990000
2011-02-04,1307.01001,1311.0,1301.670044,1310.869995,3925950000
2011-02-07,1311.849976,1322.849976,1311.849976,1319.050049,3902270000
2011-02-08,1318.76001,1324.869995,1316.030029,1324.569946,3881530000
2011-02-09,1322.47998,1324.540039,1314.890015,1320.880005,3922240000
2011-02-10,1318.130005,1322.780029,1311.73999,1321.869995,4184610000
2011-02-11,1318.660034,1330.790039,1316.079956,1329.150024,4219300000
2011-02-14,1328.72998,1332.959961,1326.900024,1332.319946,3567040000
2011-02-15,1330.430054,1330.430054,1324.609985,1328.01001,3926860000
2011-02-16,1329.51001,1337.609985,1329.51001,1336.319946,1966450000
2011-02-17,1334.369995,1341.5,1331.0,1340.430054,1966450000
2011-02-18,1340.380005,1344.069946,1338.119995,1343.01001,1162310000
2011-02-22,1338.910034,1338.910034,1312.329956,1315.439941,1322780000
2011-02-23,1315.439941,1317.910034,1299.550049,1307.400024,1330340000
2011-02-24,1307.089966,1310.910034,1294.26001,1306.099976,1222900000
2011-02-25,1307.339966,1320.609985,1307.339966,1319.880005,3836030000
2011-02-28,1321.609985,1329.380005,1320.550049,1327.219971,1252850000
2011-03-01,1328.640015,1332.089966,1306.140015,1306.329956,1180420000
2011-03-02,1305.469971,1314.189941,1302.579956,1308.439941,1025000000
2011-03-03,1312.369995,1332.280029,1312.369995,1330.969971,4340470000
2011-03-04,1330.72998,1331.079956,1312.589966,1321.150024,4223740000
2011-03-07,1322.719971,1327.680054,1303.98999,1310.130005,3964730000
2011-03-08,1311.050049,1325.73999,1306.859985,1321.819946,4531420000
2011-03-09,1319.920044,1323.209961,1312.27002,1320.02002,3709520000
2011-03-10,1315.719971,1315.719971,1294.209961,1295.109985,4723020000
2011-03-11,1293.430054,1308.349976,1291.98999,1304.280029,3740400000
2011-03-14,1301.189941,1301.189941,1286.369995,1296.390015,4050370000
2011-03-15,1288.459961,1288.459961,1261.119995,1281.869995,5201400000
2011-03-16,1279.459961,1280.910034,1249.050049,1256.880005,5833000000
2011-03-17,1261.609985,1278.880005,1261.609985,1273.719971,4134950000
2011-03-18,1276.709961,1288.880005,1276.180054,1279.209961,4685500000
2011-03-21,1281.650024,1300.579956,1281.650024,1298.380005,4223730000
2011-03-22,1298.290039,1299.349976,1292.699951,1293.77002,3576550000
2011-03-23,1292.189941,1300.51001,1284.050049,1297.540039,3842350000
2011-03-24,1300.609985,1311.339966,1297.73999,1309.660034,4223740000
2011-03-25,1311.800049,1319.180054,1310.150024,1313.800049,4223740000
2011-03-28,1315.449951,1319.73999,1310.189941,1310.189941,3215170000
2011-03-29,1309.369995,1319.449951,1305.26001,1319.439941,3482580000
2011-03-30,1321.890015,1331.73999,1321.890015,1328.26001,3809570000
2011-03-31,1327.439941,1329.77002,1325.030029,1325.829956,3566270000
2011-04-01,1329.47998,1337.849976,1328.890015,1332.410034,4223740000
2011-04-04,1333.560059,1336.73999,1329.099976,1332.869995,4223740000
2011-04-05,1332.030029,1338.209961,1330.030029,1332.630005,3852280000
2011-04-06,1335.939941,1339.380005,1331.089966,1335.540039,4223740000
2011-04-07,1334.819946,1338.800049,1326.560059,1333.51001,4005600000
2011-04-08,1336.160034,1339.459961,1322.939941,1328.170044,3582810000
2011-04-11,1329.01001,1333.77002,1321.060059,1324.459961,3478970000
2011-04-12,1321.959961,1321.959961,1309.51001,1314.160034,4275490000
2011-04-13,1314.030029,1321.349976,1309.189941,1314.410034,3850860000
2011-04-14,1311.130005,1316.790039,1302.420044,1314.52002,3872630000
2011-04-15,1314.540039,1322.880005,1313.680054,1319.680054,4223740000
2011-04-18,1313.349976,1313.349976,1294.699951,1305.140015,4223740000
2011-04-19,1305.98999,1312.699951,1303.969971,1312.619995,3886300000
2011-04-20,1319.119995,1332.660034,1319.119995,1330.359985,4236280000
2011-04-21,1333.22998,1337.48999,1332.829956,1337.380005,3587240000
2011-04-25,1337.140015,1337.550049,1331.469971,1335.25,2142130000
2011-04-26,1336.75,1349.550049,1336.75,1347.23999,3908060000
2011-04-27,1348.430054,1357.48999,1344.25,1355.660034,4051570000
2011-04-28,1353.859985,1361.709961,1353.599976,1360.47998,4036820000
2011-04-29,1360.140015,1364.560059,1358.689941,1363.609985,3479070000
2011-05-02,1365.209961,1370.579956,1358.589966,1361.219971,3846250000
2011-05-03,1359.76001,1360.839966,1349.52002,1356.619995,4223740000
2011-05-04,1355.900024,1355.900024,1341.5,1347.319946,4223740000
2011-05-05,1344.160034,1348.0,1329.170044,1335.099976,3846250000
2011-05-06,1340.23999,1354.359985,1335.579956,1340.199951,4223740000
2011-05-09,1340.199951,1349.439941,1338.640015,1346.290039,4265250000
2011-05-10,1348.339966,1359.439941,1348.339966,1357.160034,4223740000
2011-05-11,1354.51001,1354.51001,1336.359985,1342.079956,3846250000
2011-05-12,1339.390015,1351.050049,1332.030029,1348.650024,3777210000
2011-05-13,1348.689941,1350.469971,1333.359985,1337.77002,3426660000
2011-05-16,1334.77002,1343.329956,1327.319946,1329.469971,3846250000
2011-05-17,1326.099976,1330.420044,1318.51001,1328.97998,4053970000
2011-05-18,1328.540039,1341.819946,1326.589966,1340.680054,3922030000
2011-05-19,1342.400024,1346.819946,1336.359985,1343.599976,3626110000
2011-05-20,1342.0,1342.0,1330.670044,1333.27002,4066020000
2011-05-23,1333.069946,1333.069946,1312.880005,1317.369995,3255580000
2011-05-24,1317.699951,1323.719971,1313.869995,1316.280029,3846250000
2011-05-25,1316.359985,1325.859985,1311.800049,1320.469971,4109670000
2011-05-26,1320.640015,1328.51001,1314.410034,1325.689941,3259470000
2011-05-27,1325.689941,1334.619995,1325.689941,1331.099976,3124560000
2011-05-31,1331.099976,1345.199951,1331.099976,1345.199951,4696240000
2011-06-01,1345.199951,1345.199951,1313.709961,1314.550049,4241090000
2011-06-02,1314.550049,1318.030029,1305.609985,1312.939941,3762170000
2011-06-03,1312.939941,1312.939941,1297.900024,1300.160034,3505030000
2011-06-06,1300.26001,1300.26001,1284.719971,1286.170044,3555980000
2011-06-07,1286.310059,1296.219971,1284.73999,1284.939941,3846250000
2011-06-08,1284.630005,1287.040039,1277.420044,1279.560059,3970810000
2011-06-09,1279.630005,1294.540039,1279.630005,1289.0,3332510000
2011-06-10,1288.599976,1288.599976,1268.280029,1270.97998,3846250000
2011-06-13,1271.310059,1277.040039,1265.640015,1271.829956,4132520000
2011-06-14,1272.219971,1292.5,1272.219971,1287.869995,3500280000
2011-06-15,1287.869995,1287.869995,1261.900024,1265.420044,4070500000
2011-06-16,1265.530029,1274.109985,1258.069946,1267.640015,3846250000
2011-06-17,1268.579956,1279.819946,1267.400024,1271.5,4916460000
2011-06-20,1271.5,1280.420044,1267.560059,1278.359985,3464660000
2011-06-21,1278.400024,1297.619995,1278.400024,1295.52002,4056150000
2011-06-22,1295.47998,1298.609985,1286.790039,1287.140015,3718420000
2011-06-23,1286.599976,1286.599976,1262.869995,1283.5,4983450000
2011-06-24,1283.040039,1283.930054,1267.23999,1268.449951,3665340000
2011-06-27,1268.439941,1284.910034,1267.530029,1280.099976,3479070000
2011-06-28,1280.209961,1296.800049,1280.209961,1296.670044,3681500000
2011-06-29,1296.849976,1309.209961,1296.849976,1307.410034,4347540000
2011-06-30,1307.640015,1321.969971,1307.640015,1320.640015,4200500000
2011-07-01,1320.640015,1341.01001,1318.180054,1339.670044,3796930000
2011-07-05,1339.589966,1340.890015,1334.300049,1337.880005,3722320000
2011-07-06,1337.560059,1340.939941,1330.920044,1339.219971,3564190000
2011-07-07,1339.619995,1356.47998,1339.619995,1353.219971,4069530000
2011-07-08,1352.390015,1352.390015,1333.709961,1343.800049,3594360000
2011-07-11,1343.310059,1343.310059,1316.420044,1319.48999,3879130000
2011-07-12,1319.609985,1327.170044,1313.329956,1313.640015,4227890000
2011-07-13,1314.449951,1331.47998,1314.449951,1317.719971,4060080000
2011-07-14,1317.73999,1326.880005,1306.51001,1308.869995,4358570000
2011-07-15,1308.869995,1317.699951,1307.52002,1316.140015,4242760000
2011-07-18,1315.939941,1315.939941,1295.920044,1305.439941,4118160000
2011-07-19,1307.069946,1328.140015,1307.069946,1326.72998,4304600000
2011-07-20,1328.660034,1330.430054,1323.650024,1325.839966,3767420000
2011-07-21,1325.650024,1347.0,1325.650024,1343.800049,4837430000
2011-07-22,1343.800049,1346.099976,1336.949951,1345.02002,3522830000
2011-07-25,1344.319946,1344.319946,1331.089966,1337.430054,3536890000
2011-07-26,1337.390015,1338.51001,1329.589966,1331.939941,4007050000
2011-07-27,1331.910034,1331.910034,1303.48999,1304.890015,3479040000
2011-07-28,1304.839966,1316.319946,1299.160034,1300.670044,4951800000
2011-07-29,1300.119995,1304.160034,1282.859985,1292.280029,5061190000
2011-08-01,1292.589966,1307.380005,1274.72998,1286.939941,4967390000
2011-08-02,1286.560059,1286.560059,1254.030029,1254.050049,5206290000
2011-08-03,1254.25,1261.199951,1234.560059,1260.339966,6446940000
2011-08-04,1260.22998,1260.22998,1199.540039,1200.069946,4266530000
2011-08-05,1200.280029,1218.109985,1168.089966,1199.380005,5454590000
2011-08-08,1198.47998,1198.47998,1119.280029,1119.459961,2615150000
2011-08-09,1120.22998,1172.880005,1101.540039,1172.530029,2366660000
2011-08-10,1171.77002,1171.77002,1118.01001,1120.76001,5018070000
2011-08-11,1121.300049,1186.290039,1121.300049,1172.640015,3685050000
2011-08-12,1172.869995,1189.040039,1170.73999,1178.810059,5640380000
2011-08-15,1178.859985,1204.48999,1178.859985,1204.48999,4272850000
2011-08-16,1204.219971,1204.219971,1180.530029,1192.76001,5071600000
2011-08-17,1192.890015,1208.469971,1184.359985,1193.890015,4388340000
2011-08-18,1189.619995,1189.619995,1131.030029,1140.650024,3234810000
2011-08-19,1140.469971,1154.540039,1122.050049,1123.530029,5167560000
2011-08-22,1123.550049,1145.48999,1121.089966,1123.819946,5436260000
2011-08-23,1124.359985,1162.349976,1124.359985,1162.349976,5013170000
2011-08-24,1162.160034,1178.560059,1156.300049,1177.599976,5315310000
2011-08-25,1176.689941,1190.680054,1155.469971,1159.27002,5748420000
2011-08-26,1158.849976,1181.22998,1135.910034,1176.800049,5035320000
2011-08-29,1177.910034,1210.280029,1177.910034,1210.079956,4228070000
2011-08-30,1209.76001,1220.099976,1195.77002,1212.920044,4572570000
2011-08-31,1213.0,1230.709961,1209.349976,1218.890015,5267840000
2011-09-01,1219.119995,1229.290039,1203.849976,1204.420044,4780410000
2011-09-02,1203.900024,1203.900024,1170.560059,1173.969971,4401740000
2011-09-06,1173.969971,1173.969971,1140.130005,1165.23999,5103980000
2011-09-07,1165.849976,1198.619995,1165.849976,1198.619995,4441040000
2011-09-08,1197.97998,1204.400024,1183.339966,1185.900024,4465170000
2011-09-09,1185.369995,1185.369995,1148.369995,1154.22998,4586370000
2011-09-12,1153.5,1162.52002,1136.069946,1162.27002,5168550000
2011-09-13,1162.589966,1176.410034,1157.439941,1172.869995,4681370000
2011-09-14,1173.319946,1202.380005,1162.72998,1188.680054,4986740000
2011-09-15,1189.439941,1209.109985,1189.439941,1209.109985,4479730000
2011-09-16,1209.209961,1220.060059,1204.459961,1216.01001,5248890000
2011-09-19,1214.98999,1214.98999,1188.359985,1204.089966,4254190000
2011-09-20,1204.5,1220.390015,1201.290039,1202.089966,4315610000
2011-09-21,1203.630005,1206.300049,1166.209961,1166.76001,4728550000
2011-09-22,1164.550049,1164.550049,1114.219971,1129.560059,6703140000
2011-09-23,1128.819946,1141.719971,1121.359985,1136.430054,5639930000
2011-09-26,1136.910034,1164.189941,1131.069946,1162.949951,4762830000
2011-09-27,1163.319946,1195.859985,1163.319946,1175.380005,5548130000
2011-09-28,1175.390015,1184.709961,1150.400024,1151.060059,4787920000
2011-09-29,1151.73999,1175.869995,1139.930054,1160.400024,5285740000
2011-09-30,1159.930054,1159.930054,1131.339966,1131.420044,4416790000
2011-10-03,1131.209961,1138.98999,1098.920044,1099.22998,5670340000
2011-10-04,1097.420044,1125.119995,1074.77002,1123.949951,3714670000
2011-10-05,1124.030029,1146.069946,1115.680054,1144.030029,2510620000
2011-10-06,1144.109985,1165.550049,1134.949951,1164.969971,5098330000
2011-10-07,1165.030029,1171.400024,1150.26001,1155.459961,5580380000
2011-10-10,1158.150024,1194.910034,1158.150024,1194.890015,4446800000
2011-10-11,1194.599976,1199.23999,1187.300049,1195.540039,4424500000
2011-10-12,1196.189941,1220.25,1196.189941,1207.25,5355360000
2011-10-13,1206.959961,1207.459961,1190.579956,1203.660034,4436270000
2011-10-14,1205.650024,1224.609985,1205.650024,1224.579956,4116690000
2011-10-17,1224.469971,1224.469971,1198.550049,1200.859985,4300700000
2011-10-18,1200.75,1233.099976,1191.47998,1225.380005,4840170000
2011-10-19,1223.459961,1229.640015,1206.310059,1209.880005,4846390000
2011-10-20,1209.920044,1219.530029,1197.339966,1215.390015,4870290000
2011-10-21,1215.390015,1239.030029,1215.390015,1238.25,4980770000
2011-10-24,1238.719971,1256.550049,1238.719971,1254.189941,4309380000
2011-10-25,1254.189941,1254.189941,1226.790039,1229.050049,4473970000
2011-10-26,1229.170044,1246.280029,1221.060059,1242.0,4873530000
2011-10-27,1243.969971,1292.660034,1243.969971,1284.589966,6367610000
2011-10-28,1284.390015,1287.079956,1277.01001,1285.089966,4536690000
2011-10-31,1284.959961,1284.959961,1253.160034,1253.300049,4310210000
2011-11-01,1251.0,1251.0,1215.420044,1218.280029,5645540000
2011-11-02,1219.619995,1242.47998,1219.619995,1237.900024,4110530000
2011-11-03,1238.25,1263.209961,1234.810059,1261.150024,4849140000
2011-11-04,1260.819946,1260.819946,1238.920044,1253.22998,3830650000
2011-11-07,1253.209961,1261.699951,1240.75,1261.119995,3429740000
2011-11-08,1261.119995,1277.550049,1254.98999,1275.920044,3908490000
2011-11-09,1275.180054,1275.180054,1226.640015,1229.099976,4659740000
2011-11-10,1229.589966,1246.219971,1227.699951,1239.699951,4002760000
2011-11-11,1240.119995,1266.97998,1240.119995,1263.849976,3370180000
2011-11-14,1263.849976,1263.849976,1246.680054,1251.780029,3219680000
2011-11-15,1251.699951,1264.25,1244.339966,1257.810059,3599300000
2011-11-16,1257.810059,1259.609985,1235.670044,1236.910034,4085010000
2011-11-17,1236.560059,1237.72998,1209.430054,1216.130005,4596450000
2011-11-18,1216.189941,1223.51001,1211.359985,1215.650024,3827610000
2011-11-21,1215.619995,1215.619995,1183.160034,1192.97998,4050070000
2011-11-22,1192.97998,1196.810059,1181.650024,1188.040039,3911710000
2011-11-23,1187.47998,1187.47998,1161.790039,1161.790039,3798940000
2011-11-25,1161.410034,1172.660034,1158.660034,1158.670044,1664200000
2011-11-28,1158.670044,1197.349976,1158.670044,1192.550049,3920750000
2011-11-29,1192.560059,1203.670044,1191.800049,1195.189941,3992650000
2011-11-30,1196.719971,1247.109985,1196.719971,1246.959961,5801910000
2011-12-01,1246.910034,1251.089966,1239.72998,1244.579956,3818680000
2011-12-02,1246.030029,1260.079956,1243.349976,1244.280029,4144310000
2011-12-05,1244.329956,1266.72998,1244.329956,1257.079956,4148060000
2011-12-06,1257.189941,1266.030029,1253.030029,1258.469971,3734230000
2011-12-07,1258.140015,1267.060059,1244.800049,1261.01001,4160540000
2011-12-08,1260.869995,1260.869995,1231.469971,1234.349976,4298370000
2011-12-09,1234.47998,1258.25,1234.47998,1255.189941,3830610000
2011-12-12,1255.050049,1255.050049,1227.25,1236.469971,3600570000
2011-12-13,1236.829956,1249.859985,1219.430054,1225.72998,4121570000
2011-12-14,1225.72998,1225.72998,1209.469971,1211.819946,4298290000
2011-12-15,1212.119995,1225.599976,1212.119995,1215.75,3810340000
2011-12-16,1216.089966,1231.040039,1215.199951,1219.660034,5345800000
2011-12-19,1219.73999,1224.569946,1202.369995,1205.349976,3659820000
2011-12-20,1205.719971,1242.819946,1205.719971,1241.300049,4055590000
2011-12-21,1241.25,1245.089966,1229.51001,1243.719971,2959020000
2011-12-22,1243.719971,1255.219971,1243.719971,1254.0,3492250000
2011-12-23,1254.0,1265.420044,1254.0,1265.329956,2233830000
2011-12-27,1265.02002,1269.369995,1262.300049,1265.430054,2130590000
2011-12-28,1265.380005,1265.849976,1248.640015,1249.640015,2349980000
2011-12-29,1249.75,1263.540039,1249.75,1263.02002,2278130000
2011-12-30,1262.819946,1264.119995,1257.459961,1257.599976,2271850000
2012-01-03,1258.859985,1284.619995,1258.859985,1277.060059,3943710000
2012-01-04,1277.030029,1278.72998,1268.099976,1277.300049,3592580000
2012-01-05,1277.300049,1283.050049,1265.26001,1281.060059,4315950000
2012-01-06,1280.930054,1281.839966,1273.339966,1277.810059,3656830000
2012-01-09,1277.829956,1281.98999,1274.550049,1280.699951,3371600000
2012-01-10,1280.77002,1296.459961,1280.77002,1292.079956,4221960000
2012-01-11,1292.02002,1293.800049,1285.410034,1292.47998,3968120000
2012-01-12,1292.47998,1296.819946,1285.77002,1295.5,4019890000
2012-01-13,1294.819946,1294.819946,1277.579956,1289.089966,3692370000
2012-01-17,1290.219971,1303.0,1290.219971,1293.670044,4010490000
2012-01-18,1293.650024,1308.109985,1290.98999,1308.040039,4096160000
2012-01-19,1308.069946,1315.48999,1308.069946,1314.5,4465890000
2012-01-20,1314.48999,1315.380005,1309.170044,1315.380005,3912620000
2012-01-23,1315.290039,1322.280029,1309.890015,1316.0,3770910000
2012-01-24,1315.959961,1315.959961,1306.060059,1314.650024,3693560000
2012-01-25,1314.400024,1328.300049,1307.650024,1326.060059,4410910000
2012-01-26,1326.280029,1333.469971,1313.599976,1318.430054,4522070000
2012-01-27,1318.25,1320.060059,1311.719971,1316.329956,4007380000
2012-01-30,1316.160034,1316.160034,1300.48999,1313.01001,3659010000
2012-01-31,1313.530029,1321.410034,1306.689941,1312.410034,4235550000
2012-02-01,1312.449951,1330.52002,1312.449951,1324.089966,4504360000
2012-02-02,1324.23999,1329.189941,1321.569946,1325.540039,4120920000
2012-02-03,1326.209961,1345.339966,1326.209961,1344.900024,4608550000
2012-02-06,1344.319946,1344.359985,1337.52002,1344.329956,3379700000
2012-02-07,1344.329956,1349.23999,1335.920044,1347.050049,3742460000
2012-02-08,1347.040039,1351.0,1341.949951,1349.959961,4096730000
2012-02-09,1349.969971,1354.319946,1344.630005,1351.949951,4209890000
2012-02-10,1351.209961,1351.209961,1337.349976,1342.640015,3877580000
2012-02-13,1343.060059,1353.349976,1343.060059,1351.77002,3618040000
2012-02-14,1351.300049,1351.300049,1340.829956,1350.5,3889520000
2012-02-15,1350.52002,1355.869995,1340.800049,1343.22998,4080340000
2012-02-16,1342.609985,1359.02002,1341.219971,1358.040039,4108880000
2012-02-17,1358.060059,1363.400024,1357.23999,1361.22998,3717640000
2012-02-21,1361.219971,1367.76001,1358.109985,1362.209961,3795200000
2012-02-22,1362.109985,1362.699951,1355.530029,1357.660034,3633710000
2012-02-23,1357.530029,1364.23999,1352.280029,1363.459961,3786450000
2012-02-24,1363.459961,1368.920044,1363.459961,1365.73999,3505360000
2012-02-27,1365.199951,1371.939941,1354.920044,1367.589966,3648890000
2012-02-28,1367.560059,1373.089966,1365.969971,1372.180054,3579120000
2012-02-29,1372.199951,1378.040039,1363.810059,1365.680054,4482370000
2012-03-01,1365.900024,1376.170044,1365.900024,1374.089966,3919240000
2012-03-02,1374.089966,1374.530029,1366.420044,1369.630005,3283490000
2012-03-05,1369.589966,1369.589966,1359.130005,1364.329956,3429480000
2012-03-06,1363.630005,1363.630005,1340.030029,1343.359985,4191060000
2012-03-07,1343.390015,1354.849976,1343.390015,1352.630005,3580380000
2012-03-08,1352.650024,1368.719971,1352.650024,1365.910034,3543060000
2012-03-09,1365.969971,1374.76001,1365.969971,1370.869995,3639470000
2012-03-12,1370.780029,1373.040039,1366.689941,1371.089966,3081870000
2012-03-13,1371.920044,1396.130005,1371.920044,1395.949951,4386470000
2012-03-14,1395.949951,1399.420044,1389.969971,1394.280029,4502280000
2012-03-15,1394.170044,1402.630005,1392.780029,1402.599976,4271650000
2012-03-16,1402.550049,1405.880005,1401.469971,1404.170044,5163950000
2012-03-19,1404.170044,1414.0,1402.430054,1409.75,3932570000
2012-03-20,1409.589966,1409.589966,1397.680054,1405.52002,3695280000
2012-03-21,1405.52002,1407.75,1400.640015,1402.890015,3573590000
2012-03-22,1402.890015,1402.890015,1388.72998,1392.780029,3740590000
2012-03-23,1392.780029,1399.180054,1386.869995,1397.109985,3472950000
2012-03-26,1397.109985,1416.579956,1397.109985,1416.51001,3576950000
2012-03-27,1416.550049,1419.150024,1411.949951,1412.52002,3513640000
2012-03-28,1412.52002,1413.650024,1397.199951,1405.540039,3892800000
2012-03-29,1405.390015,1405.390015,1391.560059,1403.280029,3832000000
2012-03-30,1403.310059,1410.890015,1401.420044,1408.469971,3676890000
2012-04-02,1408.469971,1422.380005,1404.459961,1419.040039,3572010000
2012-04-03,1418.97998,1419.0,1404.619995,1413.380005,3822090000
2012-04-04,1413.089966,1413.089966,1394.089966,1398.959961,3938290000
2012-04-05,1398.790039,1401.599976,1392.920044,1398.079956,3303740000
2012-04-09,1397.449951,1397.449951,1378.23999,1382.199951,3468980000
2012-04-10,1382.180054,1383.01001,1357.380005,1358.589966,4631730000
2012-04-11,1358.97998,1374.709961,1358.97998,1368.709961,3743040000
2012-04-12,1368.77002,1388.130005,1368.77002,1387.569946,3618280000
2012-04-13,1387.609985,1387.609985,1369.849976,1370.26001,3631160000
2012-04-16,1370.27002,1379.660034,1365.380005,1369.569946,3574780000
2012-04-17,1369.569946,1392.76001,1369.569946,1390.780029,3456200000
2012-04-18,1390.780029,1390.780029,1383.290039,1385.140015,3463140000
2012-04-19,1385.079956,1390.459961,1370.300049,1376.920044,4180020000
2012-04-20,1376.959961,1387.400024,1376.959961,1378.530029,3833320000
2012-04-23,1378.530029,1378.530029,1358.790039,1366.939941,3654860000
2012-04-24,1366.969971,1375.569946,1366.819946,1371.969971,3617100000
2012-04-25,1372.109985,1391.369995,1372.109985,1390.689941,3998430000
2012-04-26,1390.640015,1402.089966,1387.280029,1399.97998,4034700000
2012-04-27,1400.189941,1406.640015,1397.310059,1403.359985,3645830000
2012-04-30,1403.26001,1403.26001,1394.0,1397.910034,3574010000
2012-05-01,1397.859985,1415.319946,1395.72998,1405.819946,3807950000
2012-05-02,1405.5,1405.5,1393.920044,1402.310059,3803860000
2012-05-03,1402.319946,1403.069946,1388.709961,1391.569946,4004910000
2012-05-04,1391.51001,1391.51001,1367.959961,1369.099976,3975140000
2012-05-07,1368.790039,1373.910034,1363.939941,1369.579956,3559390000
2012-05-08,1369.160034,1369.160034,1347.75,1363.719971,4261670000
2012-05-09,1363.199951,1363.72998,1343.130005,1354.579956,4288540000
2012-05-10,1354.579956,1365.880005,1354.579956,1357.98999,3727990000
2012-05-11,1358.109985,1365.660034,1348.890015,1353.390015,3869070000
2012-05-14,1351.930054,1351.930054,1336.609985,1338.349976,3688120000
2012-05-15,1338.359985,1344.939941,1328.410034,1330.660034,4114040000
2012-05-16,1330.780029,1341.780029,1324.790039,1324.800049,4280420000
2012-05-17,1324.819946,1326.359985,1304.859985,1304.859985,4664280000
2012-05-18,1305.050049,1312.23999,1291.97998,1295.219971,4512470000
2012-05-21,1295.72998,1316.390015,1295.72998,1315.98999,3786750000
2012-05-22,1316.089966,1328.48999,1310.040039,1316.630005,4123680000
2012-05-23,1316.02002,1320.709961,1296.530029,1318.859985,4108330000
2012-05-24,1318.719971,1324.140015,1310.5,1320.680054,3937670000
2012-05-25,1320.810059,1324.199951,1314.22998,1317.819946,2872660000
2012-05-29,1318.900024,1334.930054,1318.900024,1332.420044,3441640000
2012-05-30,1331.25,1331.25,1310.76001,1313.319946,3534290000
2012-05-31,1313.089966,1319.73999,1298.900024,1310.329956,4557620000
2012-06-01,1309.869995,1309.869995,1277.25,1278.040039,4669350000
2012-06-04,1278.290039,1282.550049,1266.73999,1278.180054,4011960000
2012-06-05,1277.819946,1287.619995,1274.160034,1285.5,3403230000
2012-06-06,1285.609985,1315.130005,1285.609985,1315.130005,4268360000
2012-06-07,1316.150024,1329.050049,1312.680054,1314.98999,4258140000
2012-06-08,1314.98999,1325.810059,1307.77002,1325.660034,3497190000
2012-06-11,1325.719971,1335.52002,1307.72998,1308.930054,3537530000
2012-06-12,1309.400024,1324.310059,1306.619995,1324.180054,3442920000
2012-06-13,1324.02002,1327.280029,1310.51001,1314.880005,3506510000
2012-06-14,1314.880005,1333.680054,1314.140015,1329.099976,3687720000
2012-06-15,1329.189941,1343.319946,1329.189941,1342.839966,4401570000
2012-06-18,1342.420044,1348.219971,1334.459961,1344.780029,3259430000
2012-06-19,1344.829956,1363.459961,1344.829956,1357.97998,3815350000
2012-06-20,1358.040039,1361.569946,1346.449951,1355.689941,3695700000
2012-06-21,1355.430054,1358.27002,1324.410034,1325.51001,4094470000
2012-06-22,1325.920044,1337.819946,1325.920044,1335.02002,5271490000
2012-06-25,1334.900024,1334.900024,1309.27002,1313.719971,3501820000
2012-06-26,1314.089966,1324.23999,1310.300049,1319.98999,3412940000
2012-06-27,1320.709961,1334.400024,1320.709961,1331.849976,3286910000
2012-06-28,1331.52002,1331.52002,1313.290039,1329.040039,3969370000
2012-06-29,1330.119995,1362.170044,1330.119995,1362.160034,4590480000
2012-07-02,1362.329956,1366.349976,1355.699951,1365.51001,3301650000
2012-07-03,1365.75,1374.810059,1363.530029,1374.02002,2116390000
2012-07-05,1373.719971,1373.849976,1363.02002,1367.579956,3041520000
2012-07-06,1367.089966,1367.089966,1348.030029,1354.680054,2745140000
2012-07-09,1354.660034,1354.869995,1346.650024,1352.459961,2904860000
2012-07-10,1352.959961,1361.540039,1336.27002,1341.469971,3470600000
2012-07-11,1341.400024,1345.0,1333.25,1341.449951,3426290000
2012-07-12,1341.290039,1341.290039,1325.410034,1334.76001,3654440000
2012-07-13,1334.810059,1357.699951,1334.810059,1356.780029,3212930000
2012-07-16,1356.5,1357.26001,1348.51001,1353.640015,2862720000
2012-07-17,1353.680054,1365.359985,1345.069946,1363.670044,3566680000
2012-07-18,1363.579956,1375.26001,1358.959961,1372.780029,3642630000
2012-07-19,1373.01001,1380.390015,1371.209961,1376.51001,4043360000
2012-07-20,1376.51001,1376.51001,1362.189941,1362.660034,3925020000
2012-07-23,1362.339966,1362.339966,1337.560059,1350.52002,3717180000
2012-07-24,1350.52002,1351.530029,1329.23999,1338.310059,3891290000
2012-07-25,1338.349976,1343.97998,1331.5,1337.890015,3719170000
2012-07-26,1338.170044,1363.130005,1338.170044,1360.02002,4429300000
2012-07-27,1360.050049,1389.189941,1360.050049,1385.969971,4399010000
2012-07-30,1385.939941,1391.73999,1381.369995,1385.300049,3212060000
2012-07-31,1385.27002,1387.160034,1379.170044,1379.319946,3821570000
2012-08-01,1379.319946,1385.030029,1373.349976,1375.319946,4440920000
2012-08-02,1375.130005,1375.130005,1354.650024,1365.0,4193740000
2012-08-03,1365.449951,1394.160034,1365.449951,1390.98999,3751170000
2012-08-06,1391.040039,1399.630005,1391.040039,1394.22998,3122050000
2012-08-07,1394.459961,1407.140015,1394.459961,1401.349976,3682490000
2012-08-08,1401.22998,1404.140015,1396.130005,1402.219971,3221790000
2012-08-09,1402.26001,1405.949951,1398.800049,1402.800049,3119610000
2012-08-10,1402.579956,1405.97998,1395.619995,1405.869995,2767980000
2012-08-13,1405.869995,1405.869995,1397.319946,1404.109985,2499990000
2012-08-14,1404.359985,1410.030029,1400.599976,1403.930054,2930900000
2012-08-15,1403.890015,1407.72998,1401.829956,1405.530029,2655750000
2012-08-16,1405.569946,1417.439941,1404.150024,1415.51001,3114100000
2012-08-17,1415.839966,1418.709961,1414.670044,1418.160034,2922990000
2012-08-20,1417.849976,1418.130005,1412.119995,1418.130005,2766320000
2012-08-21,1418.130005,1426.680054,1410.859985,1413.170044,3282950000
2012-08-22,1413.089966,1416.119995,1406.780029,1413.48999,3062690000
2012-08-23,1413.48999,1413.48999,1400.5,1402.079956,3008240000
2012-08-24,1401.98999,1413.459961,1398.040039,1411.130005,2598790000
2012-08-27,1411.130005,1416.170044,1409.109985,1410.439941,2472500000
2012-08-28,1410.439941,1413.630005,1405.589966,1409.300049,2629090000
2012-08-29,1409.319946,1413.949951,1406.569946,1410.48999,2571220000
2012-08-30,1410.079956,1410.079956,1397.01001,1399.47998,2530280000
2012-08-31,1400.069946,1413.089966,1398.959961,1406.579956,2938250000
2012-09-04,1406.540039,1409.310059,1396.560059,1404.939941,3200310000
2012-09-05,1404.939941,1408.810059,1401.25,1403.439941,3389110000
2012-09-06,1403.73999,1432.119995,1403.73999,1432.119995,3952870000
2012-09-07,1432.119995,1437.920044,1431.449951,1437.920044,3717620000
2012-09-10,1437.920044,1438.73999,1428.97998,1429.079956,3223670000
2012-09-11,1429.130005,1437.76001,1429.130005,1433.560059,3509630000
2012-09-12,1433.560059,1439.150024,1432.98999,1436.560059,3641200000
2012-09-13,1436.560059,1463.76001,1435.339966,1459.98999,4606550000
2012-09-14,1460.069946,1474.51001,1460.069946,1465.77002,5041990000
2012-09-17,1465.420044,1465.630005,1457.550049,1461.189941,3482430000
2012-09-18,1461.189941,1461.469971,1456.130005,1459.319946,3377390000
2012-09-19,1459.5,1465.150024,1457.880005,1461.050049,3451360000
2012-09-20,1461.050049,1461.22998,1449.97998,1460.26001,3382520000
2012-09-21,1460.339966,1467.069946,1459.51001,1460.150024,4833870000
2012-09-24,1459.76001,1460.719971,1452.060059,1456.890015,3008920000
2012-09-25,1456.939941,1463.23999,1441.589966,1441.589966,3739900000
2012-09-26,1441.599976,1441.599976,1430.530029,1433.319946,3565380000
2012-09-27,1433.359985,1450.199951,1433.359985,1447.150024,3150330000
2012-09-28,1447.130005,1447.130005,1435.599976,1440.670044,3509230000
2012-10-01,1440.900024,1457.140015,1440.900024,1444.48999,3505080000
2012-10-02,1444.98999,1451.52002,1439.01001,1445.75,3321790000
2012-10-03,1446.050049,1454.300049,1441.98999,1450.98999,3531640000
2012-10-04,1451.079956,1463.140015,1451.079956,1461.400024,3615860000
2012-10-05,1461.400024,1470.959961,1456.890015,1460.930054,3172940000
2012-10-08,1460.930054,1460.930054,1453.099976,1455.880005,2328720000
2012-10-09,1455.900024,1455.900024,1441.180054,1441.47998,3216320000
2012-10-10,1441.47998,1442.52002,1430.640015,1432.560059,3225060000
2012-10-11,1432.819946,1443.900024,1432.819946,1432.839966,3672540000
2012-10-12,1432.839966,1438.430054,1425.530029,1428.589966,3134750000
2012-10-15,1428.75,1441.310059,1427.23999,1440.130005,3483810000
2012-10-16,1440.310059,1455.51001,1440.310059,1454.920044,3568770000
2012-10-17,1454.219971,1462.199951,1453.349976,1460.910034,3655320000
2012-10-18,1460.939941,1464.02002,1452.630005,1457.339966,3880030000
2012-10-19,1457.339966,1457.339966,1429.849976,1433.189941,3875170000
2012-10-22,1433.209961,1435.459961,1422.060059,1433.819946,3216220000
2012-10-23,1433.73999,1433.73999,1407.560059,1413.109985,3587670000
2012-10-24,1413.199951,1420.040039,1407.099976,1408.75,3385970000
2012-10-25,1409.73999,1421.119995,1405.140015,1412.969971,3512640000
2012-10-26,1412.969971,1417.089966,1403.280029,1411.939941,3284910000
2012-10-31,1410.98999,1418.76001,1405.949951,1412.160034,3577110000
2012-11-01,1412.199951,1428.349976,1412.199951,1427.589966,3929890000
2012-11-02,1427.589966,1434.27002,1412.910034,1414.199951,3732480000
2012-11-05,1414.02002,1419.900024,1408.130005,1417.26001,2921040000
2012-11-06,1417.26001,1433.380005,1417.26001,1428.390015,3306970000
2012-11-07,1428.27002,1428.27002,1388.140015,1394.530029,4356490000
2012-11-08,1394.530029,1401.22998,1377.51001,1377.51001,3779520000
2012-11-09,1377.550049,1391.390015,1373.030029,1379.849976,3647350000
2012-11-12,1379.859985,1384.869995,1377.189941,1380.030029,2567540000
2012-11-13,1380.030029,1388.810059,1371.390015,1374.530029,3455550000
2012-11-14,1374.640015,1380.130005,1352.5,1355.48999,4109510000
2012-11-15,1355.410034,1360.619995,1348.050049,1353.329956,3928870000
2012-11-16,1353.359985,1362.030029,1343.349976,1359.880005,4045910000
2012-11-19,1359.880005,1386.890015,1359.880005,1386.890015,3374800000
2012-11-20,1386.819946,1389.77002,1377.040039,1387.810059,3207160000
2012-11-21,1387.790039,1391.25,1386.390015,1391.030029,2667090000
2012-11-23,1391.030029,1409.160034,1391.030029,1409.150024,1504960000
2012-11-26,1409.150024,1409.150024,1397.680054,1406.290039,2948960000
2012-11-27,1406.290039,1409.01001,1398.030029,1398.939941,3323120000
2012-11-28,1398.77002,1410.310059,1385.430054,1409.930054,3359250000
2012-11-29,1409.959961,1419.699951,1409.040039,1415.949951,3356850000
2012-11-30,1415.949951,1418.859985,1411.630005,1416.180054,3966000000
2012-12-03,1416.339966,1423.72998,1408.459961,1409.459961,3074280000
2012-12-04,1409.459961,1413.140015,1403.650024,1407.050049,3247710000
2012-12-05,1407.050049,1415.560059,1398.22998,1409.280029,4253920000
2012-12-06,1409.430054,1413.949951,1405.930054,1413.939941,3229700000
2012-12-07,1413.949951,1420.339966,1410.900024,1418.069946,3125160000
2012-12-10,1418.069946,1421.640015,1415.640015,1418.550049,2999430000
2012-12-11,1418.550049,1434.27002,1418.550049,1427.839966,3650230000
2012-12-12,1427.839966,1438.589966,1426.76001,1428.47998,3709050000
2012-12-13,1428.47998,1431.359985,1416.0,1419.449951,3349960000
2012-12-14,1419.449951,1419.449951,1411.880005,1413.579956,3210170000
2012-12-17,1413.540039,1430.670044,1413.540039,1430.359985,3455610000
2012-12-18,1430.469971,1448.0,1430.469971,1446.790039,4302240000
2012-12-19,1446.790039,1447.75,1435.800049,1435.810059,3869800000
2012-12-20,1435.810059,1443.699951,1432.819946,1443.689941,3686580000
2012-12-21,1443.670044,1443.670044,1422.579956,1430.150024,5229160000
2012-12-24,1430.150024,1430.150024,1424.660034,1426.660034,1248960000
2012-12-26,1426.660034,1429.420044,1416.430054,1419.829956,2285030000
2012-12-27,1419.829956,1422.800049,1401.800049,1418.099976,2830180000
2012-12-28,1418.099976,1418.099976,1401.579956,1402.430054,2426680000
2012-12-31,1402.430054,1426.73999,1398.109985,1426.189941,3204330000
2013-01-02,1426.189941,1462.430054,1426.189941,1462.420044,4202600000
2013-01-03,1462.420044,1465.469971,1455.530029,1459.369995,3829730000
2013-01-04,1459.369995,1467.939941,1458.98999,1466.469971,3424290000
2013-01-07,1466.469971,1466.469971,1456.619995,1461.890015,3304970000
2013-01-08,1461.890015,1461.890015,1451.640015,1457.150024,3601600000
2013-01-09,1457.150024,1464.72998,1457.150024,1461.02002,3674390000
2013-01-10,1461.02002,1472.300049,1461.02002,1472.119995,4081840000
2013-01-11,1472.119995,1472.75,1467.579956,1472.050049,3340650000
2013-01-14,1472.050049,1472.050049,1465.689941,1470.680054,3003010000
2013-01-15,1470.670044,1473.310059,1463.76001,1472.339966,3135350000
2013-01-16,1472.329956,1473.959961,1467.599976,1472.630005,3384080000
2013-01-17,1472.630005,1485.160034,1472.630005,1480.939941,3706710000
2013-01-18,1480.949951,1485.97998,1475.810059,1485.97998,3795740000
2013-01-22,1485.97998,1492.560059,1481.160034,1492.560059,3570950000
2013-01-23,1492.560059,1496.130005,1489.900024,1494.810059,3552010000
2013-01-24,1494.810059,1502.27002,1489.459961,1494.819946,3699430000
2013-01-25,1494.819946,1503.26001,1494.819946,1502.959961,3476290000
2013-01-28,1502.959961,1503.22998,1496.329956,1500.180054,3388540000
2013-01-29,1500.180054,1509.349976,1498.089966,1507.839966,3949640000
2013-01-30,1507.839966,1509.939941,1500.109985,1501.959961,3726810000
2013-01-31,1501.959961,1504.189941,1496.76001,1498.109985,3999880000
2013-02-01,1498.109985,1514.410034,1498.109985,1513.170044,3836320000
2013-02-04,1513.170044,1513.170044,1495.02002,1495.709961,3390000000
2013-02-05,1495.709961,1514.959961,1495.709961,1511.290039,3618360000
2013-02-06,1511.290039,1512.530029,1504.709961,1512.119995,3611570000
2013-02-07,1512.119995,1512.900024,1498.48999,1509.390015,3614580000
2013-02-08,1509.390015,1518.310059,1509.390015,1517.930054,2986150000
2013-02-11,1517.930054,1518.310059,1513.609985,1517.01001,2684100000
2013-02-12,1517.01001,1522.290039,1515.609985,1519.430054,3414370000
2013-02-13,1519.430054,1524.689941,1515.930054,1520.329956,3385880000
2013-02-14,1520.329956,1523.140015,1514.02002,1521.380005,3759740000
2013-02-15,1521.380005,1524.23999,1514.140015,1519.790039,3838510000
2013-02-19,1519.790039,1530.939941,1519.790039,1530.939941,3748910000
2013-02-20,1530.939941,1530.939941,1511.410034,1511.949951,4240570000
2013-02-21,1511.949951,1511.949951,1497.290039,1502.420044,4274600000
2013-02-22,1502.420044,1515.640015,1502.420044,1515.599976,3419320000
2013-02-25,1515.599976,1525.839966,1487.849976,1487.849976,4011050000
2013-02-26,1487.849976,1498.98999,1485.01001,1496.939941,3975280000
2013-02-27,1496.939941,1520.079956,1494.880005,1515.98999,3551850000
2013-02-28,1515.98999,1525.339966,1514.459961,1514.680054,3912320000
2013-03-01,1514.680054,1519.98999,1501.47998,1518.199951,3695610000
2013-03-04,1518.199951,1525.27002,1512.290039,1525.199951,3414430000
2013-03-05,1525.199951,1543.469971,1525.199951,1539.790039,3610690000
2013-03-06,1539.790039,1545.25,1538.109985,1541.459961,3676890000
2013-03-07,1541.459961,1545.780029,1541.459961,1544.26001,3634710000
2013-03-08,1544.26001,1552.47998,1542.939941,1551.180054,3652260000
2013-03-11,1551.150024,1556.27002,1547.359985,1556.219971,3091080000
2013-03-12,1556.219971,1556.77002,1548.23999,1552.47998,3274910000
2013-03-13,1552.47998,1556.390015,1548.25,1554.52002,3073830000
2013-03-14,1554.52002,1563.319946,1554.52002,1563.22998,3459260000
2013-03-15,1563.209961,1563.619995,1555.73999,1560.699951,5175850000
2013-03-18,1560.699951,1560.699951,1545.130005,1552.099976,3164560000
2013-03-19,1552.099976,1557.25,1538.569946,1548.339966,3796210000
2013-03-20,1548.339966,1561.560059,1548.339966,1558.709961,3349090000
2013-03-21,1558.709961,1558.709961,1543.550049,1545.800049,3243270000
2013-03-22,1545.900024,1557.73999,1545.900024,1556.890015,2948380000
2013-03-25,1556.890015,1564.910034,1546.219971,1551.689941,3178170000
2013-03-26,1551.689941,1563.949951,1551.689941,1563.77002,2869260000
2013-03-27,1563.75,1564.069946,1551.900024,1562.849976,2914210000
2013-03-28,1562.859985,1570.280029,1561.079956,1569.189941,3304440000
2013-04-01,1569.180054,1570.569946,1558.469971,1562.170044,2753110000
2013-04-02,1562.170044,1573.660034,1562.170044,1570.25,3312160000
2013-04-03,1570.25,1571.469971,1549.800049,1553.689941,4060610000
2013-04-04,1553.689941,1562.599976,1552.52002,1559.97998,3350670000
2013-04-05,1559.97998,1559.97998,1539.5,1553.280029,3515410000
2013-04-08,1553.26001,1563.069946,1548.630005,1563.069946,2887120000
2013-04-09,1563.109985,1573.890015,1560.920044,1568.609985,3252780000
2013-04-10,1568.609985,1589.069946,1568.609985,1587.72998,3453350000
2013-04-11,1587.72998,1597.349976,1586.170044,1593.369995,3393950000
2013-04-12,1593.300049,1593.300049,1579.969971,1588.849976,3206290000
2013-04-15,1588.839966,1588.839966,1552.280029,1552.359985,4660130000
2013-04-16,1552.359985,1575.349976,1552.359985,1574.569946,3654700000
2013-04-17,1574.569946,1574.569946,1543.689941,1552.01001,4250310000
2013-04-18,1552.030029,1554.380005,1536.030029,1541.609985,3890800000
2013-04-19,1541.609985,1555.890015,1539.400024,1555.25,3569870000
2013-04-22,1555.25,1565.550049,1548.189941,1562.5,2979880000
2013-04-23,1562.5,1579.579956,1562.5,1578.780029,3565150000
2013-04-24,1578.780029,1583.0,1575.800049,1578.790039,3598240000
2013-04-25,1578.930054,1592.640015,1578.930054,1585.160034,3908580000
2013-04-26,1585.160034,1585.780029,1577.560059,1582.23999,3198620000
2013-04-29,1582.339966,1596.650024,1582.339966,1593.609985,2891200000
2013-04-30,1593.579956,1597.569946,1586.5,1597.569946,3745070000
2013-05-01,1597.550049,1597.550049,1581.280029,1582.699951,3530320000
2013-05-02,1582.77002,1598.599976,1582.77002,1597.589966,3366950000
2013-05-03,1597.599976,1618.459961,1597.599976,1614.420044,3603910000
2013-05-06,1614.400024,1619.77002,1614.209961,1617.5,3062240000
2013-05-07,1617.550049,1626.030029,1616.640015,1625.959961,3309580000
2013-05-08,1625.949951,1632.780029,1622.699951,1632.689941,3554700000
2013-05-09,1632.689941,1635.01001,1623.089966,1626.670044,3457400000
2013-05-10,1626.689941,1633.699951,1623.709961,1633.699951,3086470000
2013-05-13,1632.099976,1636.0,1626.73999,1633.77002,2910600000
2013-05-14,1633.75,1651.099976,1633.75,1650.339966,3457790000
2013-05-15,1649.130005,1661.48999,1646.680054,1658.780029,3657440000
2013-05-16,1658.069946,1660.51001,1648.599976,1650.469971,3513130000
2013-05-17,1652.449951,1667.469971,1652.449951,1667.469971,3440710000
2013-05-20,1665.709961,1672.839966,1663.52002,1666.290039,3275080000
2013-05-21,1666.199951,1674.930054,1662.670044,1669.160034,3513560000
2013-05-22,1669.390015,1687.180054,1648.859985,1655.349976,4361020000
2013-05-23,1651.619995,1655.5,1635.530029,1650.51001,3945510000
2013-05-24,1646.670044,1649.780029,1636.880005,1649.599976,2758080000
2013-05-28,1652.630005,1674.209961,1652.630005,1660.060059,3457400000
2013-05-29,1656.569946,1656.569946,1640.050049,1648.359985,3587140000
2013-05-30,1649.140015,1661.910034,1648.609985,1654.410034,3498620000
2013-05-31,1652.130005,1658.98999,1630.73999,1630.73999,4099600000
2013-06-03,1631.709961,1640.420044,1622.719971,1640.420044,3952070000
2013-06-04,1640.72998,1646.530029,1623.619995,1631.380005,3653840000
2013-06-05,1629.050049,1629.310059,1607.089966,1608.900024,3632350000
2013-06-06,1609.290039,1622.560059,1598.22998,1622.560059,3547380000
2013-06-07,1625.27002,1644.400024,1625.27002,1643.380005,3371990000
2013-06-10,1644.670044,1648.689941,1639.26001,1642.810059,2978730000
2013-06-11,1638.640015,1640.130005,1622.920044,1626.130005,3435710000
2013-06-12,1629.939941,1637.709961,1610.920044,1612.52002,3202550000
2013-06-13,1612.150024,1639.25,1608.069946,1636.359985,3378620000
2013-06-14,1635.52002,1640.800049,1623.959961,1626.72998,2939400000
2013-06-17,1630.640015,1646.5,1630.339966,1639.040039,3137080000
2013-06-18,1639.77002,1654.189941,1639.77002,1651.810059,3120980000
2013-06-19,1651.829956,1652.449951,1628.910034,1628.930054,3545060000
2013-06-20,1624.619995,1624.619995,1584.319946,1588.189941,4858850000
2013-06-21,1588.619995,1599.189941,1577.699951,1592.430054,5797280000
2013-06-24,1588.77002,1588.77002,1560.329956,1573.089966,4733660000
2013-06-25,1577.52002,1593.790039,1577.089966,1588.030029,3761170000
2013-06-26,1592.27002,1606.829956,1592.27002,1603.26001,3558340000
2013-06-27,1606.439941,1620.069946,1606.439941,1613.199951,3364540000
2013-06-28,1611.119995,1615.939941,1601.060059,1606.280029,4977190000
2013-07-01,1609.780029,1626.609985,1609.780029,1614.959961,3104690000
2013-07-02,1614.290039,1624.26001,1606.77002,1614.079956,3317130000
2013-07-03,1611.47998,1618.969971,1604.569946,1615.410034,1966050000
2013-07-05,1618.650024,1632.069946,1614.709961,1631.890015,2634140000
2013-07-08,1634.199951,1644.680054,1634.199951,1640.459961,3514590000
2013-07-09,1642.890015,1654.180054,1642.890015,1652.319946,3155360000
2013-07-10,1651.560059,1657.920044,1647.660034,1652.619995,3011010000
2013-07-11,1657.410034,1676.630005,1657.410034,1675.02002,3446340000
2013-07-12,1675.26001,1680.189941,1672.329956,1680.189941,3039070000
2013-07-15,1679.589966,1684.51001,1677.890015,1682.5,2623200000
2013-07-16,1682.699951,1683.72998,1671.839966,1676.26001,3081710000
2013-07-17,1677.910034,1684.75,1677.910034,1680.910034,3153440000
2013-07-18,1681.050049,1693.119995,1681.050049,1689.369995,3452370000
2013-07-19,1686.150024,1692.089966,1684.079956,1692.089966,3302580000
2013-07-22,1694.410034,1697.609985,1690.670044,1695.530029,2779130000
2013-07-23,1696.630005,1698.780029,1691.130005,1692.390015,3096180000
2013-07-24,1696.060059,1698.380005,1682.569946,1685.939941,3336120000
2013-07-25,1685.209961,1690.939941,1680.069946,1690.25,3322500000
2013-07-26,1687.310059,1691.849976,1676.030029,1691.650024,2762770000
2013-07-29,1690.319946,1690.920044,1681.859985,1685.329956,2840520000
2013-07-30,1687.920044,1693.189941,1682.420044,1685.959961,3320530000
2013-07-31,1687.76001,1698.430054,1684.939941,1685.72998,3847390000
2013-08-01,1689.420044,1707.849976,1689.420044,1706.869995,3775170000
2013-08-02,1706.099976,1709.670044,1700.680054,1709.670044,3136630000
2013-08-05,1708.01001,1709.23999,1703.550049,1707.140015,2529300000
2013-08-06,1705.790039,1705.790039,1693.290039,1697.369995,3141210000
2013-08-07,1695.300049,1695.300049,1684.910034,1690.910034,3010230000
2013-08-08,1693.349976,1700.180054,1688.380005,1697.47998,3271660000
2013-08-09,1696.099976,1699.420044,1686.02002,1691.420044,2957670000
2013-08-12,1688.369995,1691.48999,1683.349976,1689.469971,2789160000
2013-08-13,1690.650024,1696.810059,1682.619995,1694.160034,3035560000
2013-08-14,1693.880005,1695.52002,1684.829956,1685.390015,2871430000
2013-08-15,1679.609985,1679.609985,1658.589966,1661.319946,3426690000
2013-08-16,1661.219971,1663.599976,1652.609985,1655.829956,3211450000
2013-08-19,1655.25,1659.180054,1645.839966,1646.060059,2904530000
2013-08-20,1646.810059,1658.920044,1646.079956,1652.349976,2994090000
2013-08-21,1650.660034,1656.98999,1639.430054,1642.800049,2932180000
2013-08-22,1645.030029,1659.550049,1645.030029,1656.959961,2537460000
2013-08-23,1659.920044,1664.849976,1654.810059,1663.5,2582670000
2013-08-26,1664.290039,1669.51001,1656.02002,1656.780029,2430670000
2013-08-27,1652.540039,1652.540039,1629.050049,1630.47998,3219190000
2013-08-28,1630.25,1641.180054,1627.469971,1634.959961,2784010000
2013-08-29,1633.5,1646.410034,1630.880005,1638.170044,2527550000
2013-08-30,1638.890015,1640.079956,1628.050049,1632.969971,2734300000
2013-09-03,1635.949951,1651.349976,1633.410034,1639.77002,3731610000
2013-09-04,1640.719971,1655.719971,1637.410034,1653.079956,3312150000
2013-09-05,1653.280029,1659.170044,1653.069946,1655.079956,2957110000
2013-09-06,1657.439941,1664.829956,1640.619995,1655.170044,3123880000
2013-09-09,1656.849976,1672.400024,1656.849976,1671.709961,3102780000
2013-09-10,1675.109985,1684.089966,1675.109985,1683.98999,3691800000
2013-09-11,1681.040039,1689.130005,1678.699951,1689.130005,3135460000
2013-09-12,1689.209961,1689.969971,1681.959961,1683.420044,3106290000
2013-09-13,1685.040039,1688.72998,1682.219971,1687.98999,2736500000
2013-09-16,1691.699951,1704.949951,1691.699951,1697.599976,3079800000
2013-09-17,1697.72998,1705.52002,1697.72998,1704.76001,2774240000
2013-09-18,1705.73999,1729.439941,1700.349976,1725.52002,3989760000
2013-09-19,1727.339966,1729.859985,1720.199951,1722.339966,3740130000
2013-09-20,1722.439941,1725.22998,1708.890015,1709.910034,5074030000
2013-09-23,1711.439941,1711.439941,1697.099976,1701.839966,3126950000
2013-09-24,1702.599976,1707.630005,1694.900024,1697.420044,3268930000
2013-09-25,1698.02002,1701.709961,1691.880005,1692.77002,3148730000
2013-09-26,1694.050049,1703.849976,1693.109985,1698.670044,2813930000
2013-09-27,1695.52002,1695.52002,1687.109985,1691.75,2951700000
2013-09-30,1687.26001,1687.26001,1674.98999,1681.550049,3308630000
2013-10-01,1682.410034,1696.550049,1682.069946,1695.0,3238690000
2013-10-02,1691.900024,1693.869995,1680.339966,1693.869995,3148600000
2013-10-03,1692.349976,1692.349976,1670.359985,1678.660034,3279650000
2013-10-04,1678.790039,1691.939941,1677.329956,1690.5,2880270000
2013-10-07,1687.150024,1687.150024,1674.699951,1676.119995,2678490000
2013-10-08,1676.219971,1676.790039,1655.030029,1655.449951,3569230000
2013-10-09,1656.98999,1662.469971,1646.469971,1656.400024,3577840000
2013-10-10,1660.880005,1692.560059,1660.880005,1692.560059,3362300000
2013-10-11,1691.089966,1703.439941,1688.52002,1703.199951,2944670000
2013-10-14,1699.859985,1711.030029,1692.130005,1710.140015,2580580000
2013-10-15,1709.170044,1711.569946,1695.930054,1698.060059,3327740000
2013-10-16,1700.48999,1721.76001,1700.48999,1721.540039,3486180000
2013-10-17,1720.170044,1733.449951,1714.119995,1733.150024,3453590000
2013-10-18,1736.719971,1745.310059,1735.73999,1744.5,3664890000
2013-10-21,1745.199951,1747.790039,1740.670044,1744.660034,3052710000
2013-10-22,1746.47998,1759.329956,1746.47998,1754.670044,3850840000
2013-10-23,1752.27002,1752.27002,1740.5,1746.380005,3713380000
2013-10-24,1747.47998,1753.939941,1745.5,1752.069946,3671700000
2013-10-25,1756.01001,1759.819946,1752.449951,1759.77002,3175720000
2013-10-28,1759.420044,1764.98999,1757.670044,1762.109985,3282300000
2013-10-29,1762.930054,1772.089966,1762.930054,1771.949951,3358460000
2013-10-30,1772.27002,1775.219971,1757.23999,1763.310059,3523040000
2013-10-31,1763.23999,1768.530029,1755.719971,1756.540039,3826530000
2013-11-01,1758.699951,1765.670044,1752.699951,1761.640015,3686290000
2013-11-04,1763.400024,1768.780029,1761.560059,1767.930054,3194870000
2013-11-05,1765.670044,1767.030029,1755.76001,1762.969971,3516680000
2013-11-06,1765.0,1773.73999,1764.400024,1770.48999,3322100000
2013-11-07,1770.73999,1774.540039,1746.199951,1747.150024,4143200000
2013-11-08,1748.369995,1770.780029,1747.630005,1770.609985,3837170000
2013-11-11,1769.959961,1773.439941,1767.849976,1771.890015,2534060000
2013-11-12,1769.51001,1771.780029,1762.290039,1767.689941,3221030000
2013-11-13,1764.369995,1782.0,1760.640015,1782.0,3327480000
2013-11-14,1782.75,1791.530029,1780.219971,1790.619995,3139060000
2013-11-15,1790.660034,1798.219971,1790.660034,1798.180054,3254820000
2013-11-18,1798.819946,1802.329956,1788.0,1791.530029,3168520000
2013-11-19,1790.790039,1795.51001,1784.719971,1787.869995,3224450000
2013-11-20,1789.589966,1795.72998,1777.22998,1781.369995,3109140000
2013-11-21,1783.52002,1797.160034,1783.52002,1795.849976,3256630000
2013-11-22,1797.209961,1804.839966,1794.699951,1804.76001,3055140000
2013-11-25,1806.329956,1808.099976,1800.579956,1802.47998,2998540000
2013-11-26,1802.869995,1808.420044,1800.77002,1802.75,3427120000
2013-11-27,1803.47998,1808.27002,1802.77002,1807.22998,2613590000
2013-11-29,1808.689941,1813.550049,1803.97998,1805.810059,1598300000
2013-12-02,1806.550049,1810.02002,1798.599976,1800.900024,3095430000
2013-12-03,1800.099976,1800.099976,1787.849976,1795.150024,3475680000
2013-12-04,1793.150024,1799.800049,1779.089966,1792.810059,3610540000
2013-12-05,1792.819946,1792.819946,1783.380005,1785.030029,3336880000
2013-12-06,1788.359985,1806.040039,1788.359985,1805.089966,3150030000
2013-12-09,1806.209961,1811.52002,1806.209961,1808.369995,3129500000
2013-12-10,1807.599976,1808.52002,1801.75,1802.619995,3117150000
2013-12-11,1802.76001,1802.969971,1780.089966,1782.219971,3472240000
2013-12-12,1781.709961,1782.98999,1772.280029,1775.5,3306640000
2013-12-13,1777.97998,1780.920044,1772.449951,1775.319946,3061070000
2013-12-16,1777.47998,1792.219971,1777.47998,1786.540039,3209890000
2013-12-17,1786.469971,1786.77002,1777.050049,1781.0,3270030000
2013-12-18,1781.459961,1811.079956,1767.98999,1810.650024,4327770000
2013-12-19,1809.0,1810.880005,1801.349976,1809.599976,3497210000
2013-12-20,1810.390015,1823.75,1810.25,1818.319946,5097700000
2013-12-23,1822.920044,1829.75,1822.920044,1827.98999,2851540000
2013-12-24,1828.02002,1833.319946,1828.02002,1833.319946,1307630000
2013-12-26,1834.959961,1842.839966,1834.959961,1842.02002,1982270000
2013-12-27,1842.969971,1844.890015,1839.810059,1841.400024,2052920000
2013-12-30,1841.469971,1842.469971,1838.77002,1841.069946,2293860000
2013-12-31,1842.609985,1849.439941,1842.410034,1848.359985,2312840000
2014-01-02,1845.859985,1845.859985,1827.73999,1831.97998,3080600000
2014-01-03,1833.209961,1838.23999,1829.130005,1831.369995,2774270000
2014-01-06,1832.310059,1837.160034,1823.72998,1826.77002,3294850000
2014-01-07,1828.709961,1840.099976,1828.709961,1837.880005,3511750000
2014-01-08,1837.900024,1840.02002,1831.400024,1837.48999,3652140000
2014-01-09,1839.0,1843.22998,1830.380005,1838.130005,3581150000
2014-01-10,1840.060059,1843.150024,1832.430054,1842.369995,3335710000
2014-01-13,1841.26001,1843.449951,1815.52002,1819.199951,3591350000
2014-01-14,1821.359985,1839.26001,1821.359985,1838.880005,3353270000
2014-01-15,1840.52002,1850.839966,1840.52002,1848.380005,3777800000
2014-01-16,1847.98999,1847.98999,1840.300049,1845.890015,3491310000
2014-01-17,1844.22998,1846.040039,1835.22998,1838.699951,3626120000
2014-01-21,1841.050049,1849.310059,1832.380005,1843.800049,3782470000
2014-01-22,1844.709961,1846.869995,1840.880005,1844.859985,3374170000
2014-01-23,1842.290039,1842.290039,1820.060059,1828.459961,3972250000
2014-01-24,1826.959961,1826.959961,1790.290039,1790.290039,4618450000
2014-01-27,1791.030029,1795.97998,1772.880005,1781.560059,4045200000
2014-01-28,1783.0,1793.869995,1779.48999,1792.5,3437830000
2014-01-29,1790.150024,1790.150024,1770.449951,1774.199951,3964020000
2014-01-30,1777.170044,1798.77002,1777.170044,1794.189941,3547510000
2014-01-31,1790.880005,1793.880005,1772.26001,1782.589966,4059690000
2014-02-03,1782.680054,1784.829956,1739.660034,1741.890015,4726040000
2014-02-04,1743.819946,1758.72998,1743.819946,1755.199951,4068410000
2014-02-05,1753.380005,1755.790039,1737.920044,1751.640015,3984290000
2014-02-06,1752.98999,1774.060059,1752.98999,1773.430054,3825410000
2014-02-07,1776.01001,1798.030029,1776.01001,1797.02002,3775990000
2014-02-10,1796.199951,1799.939941,1791.829956,1799.839966,3312160000
2014-02-11,1800.449951,1823.540039,1800.410034,1819.75,3699380000
2014-02-12,1820.119995,1826.550049,1815.969971,1819.26001,3326380000
2014-02-13,1814.819946,1830.25,1809.219971,1829.829956,3289510000
2014-02-14,1828.459961,1841.650024,1825.589966,1838.630005,3114750000
2014-02-18,1839.030029,1842.869995,1835.01001,1840.76001,3421110000
2014-02-19,1838.900024,1847.5,1826.98999,1828.75,3661570000
2014-02-20,1829.23999,1842.790039,1824.579956,1839.780029,3404980000
2014-02-21,1841.069946,1846.130005,1835.599976,1836.25,3403880000
2014-02-24,1836.780029,1858.709961,1836.780029,1847.609985,4014530000
2014-02-25,1847.660034,1852.910034,1840.189941,1845.119995,3515560000
2014-02-26,1845.790039,1852.650024,1840.660034,1845.160034,3716730000
2014-02-27,1844.900024,1854.530029,1841.130005,1854.290039,3547460000
2014-02-28,1855.119995,1867.920044,1847.670044,1859.449951,3917450000
2014-03-03,1857.680054,1857.680054,1834.439941,1845.72998,3428220000
2014-03-04,1849.22998,1876.22998,1849.22998,1873.910034,3765770000
2014-03-05,1874.050049,1876.530029,1871.109985,1873.810059,3392990000
2014-03-06,1874.180054,1881.939941,1874.180054,1877.030029,3360450000
2014-03-07,1878.52002,1883.569946,1870.560059,1878.040039,3564740000
2014-03-10,1877.859985,1877.869995,1867.040039,1877.170044,3021350000
2014-03-11,1878.26001,1882.349976,1863.880005,1867.630005,3392400000
2014-03-12,1866.150024,1868.380005,1854.380005,1868.199951,3270860000
2014-03-13,1869.060059,1874.400024,1841.859985,1846.339966,3670990000
2014-03-14,1845.069946,1852.439941,1839.569946,1841.130005,3285460000
2014-03-17,1842.810059,1862.300049,1842.810059,1858.829956,2860490000
2014-03-18,1858.920044,1873.76001,1858.920044,1872.25,2930190000
2014-03-19,1872.25,1874.140015,1850.349976,1860.77002,3289210000
2014-03-20,1860.089966,1873.48999,1854.630005,1872.01001,3327540000
2014-03-21,1874.530029,1883.969971,1863.459961,1866.52002,5270710000
2014-03-24,1867.670044,1873.339966,1849.689941,1857.439941,3409000000
2014-03-25,1859.47998,1871.869995,1855.959961,1865.619995,3200560000
2014-03-26,1867.089966,1875.920044,1852.560059,1852.560059,3480850000
2014-03-27,1852.109985,1855.550049,1842.109985,1849.040039,3733430000
2014-03-28,1850.069946,1866.630005,1850.069946,1857.619995,2955520000
2014-03-31,1859.160034,1875.180054,1859.160034,1872.339966,3274300000
2014-04-01,1873.959961,1885.839966,1873.959961,1885.52002,3336190000
2014-04-02,1886.609985,1893.170044,1883.790039,1890.900024,3131660000
2014-04-03,1891.430054,1893.800049,1882.650024,1888.77002,3055600000
2014-04-04,1890.25,1897.280029,1863.26001,1865.089966,3583750000
2014-04-07,1863.920044,1864.040039,1841.47998,1845.040039,3801540000
2014-04-08,1845.47998,1854.949951,1837.48999,1851.959961,3721450000
2014-04-09,1852.640015,1872.430054,1852.380005,1872.180054,3308650000
2014-04-10,1872.280029,1872.530029,1830.869995,1833.079956,3758780000
2014-04-11,1830.650024,1835.069946,1814.359985,1815.689941,3743460000
2014-04-14,1818.180054,1834.189941,1815.800049,1830.609985,3111540000
2014-04-15,1831.449951,1844.02002,1816.290039,1842.97998,3736440000
2014-04-16,1846.01001,1862.310059,1846.01001,1862.310059,3155080000
2014-04-17,1861.72998,1869.630005,1856.719971,1864.849976,3341430000
2014-04-21,1865.790039,1871.890015,1863.180054,1871.890015,2642500000
2014-04-22,1872.569946,1884.890015,1872.569946,1879.550049,3215440000
2014-04-23,1879.319946,1879.75,1873.910034,1875.390015,3085720000
2014-04-24,1881.969971,1884.060059,1870.23999,1878.609985,3191830000
2014-04-25,1877.719971,1877.719971,1859.699951,1863.400024,3213020000
2014-04-28,1865.0,1877.01001,1850.609985,1869.430054,4034680000
2014-04-29,1870.780029,1880.599976,1870.780029,1878.329956,3647820000
2014-04-30,1877.099976,1885.199951,1872.689941,1883.949951,3779230000
2014-05-01,1884.390015,1888.589966,1878.040039,1883.680054,3416740000
2014-05-02,1885.300049,1891.329956,1878.5,1881.140015,3159560000
2014-05-05,1879.449951,1885.51001,1866.77002,1884.660034,2733730000
2014-05-06,1883.689941,1883.689941,1867.719971,1867.719971,3327260000
2014-05-07,1868.530029,1878.829956,1859.790039,1878.209961,3632950000
2014-05-08,1877.390015,1889.069946,1870.050049,1875.630005,3393420000
2014-05-09,1875.27002,1878.569946,1867.02002,1878.47998,3025020000
2014-05-12,1880.030029,1897.130005,1880.030029,1896.650024,3005740000
2014-05-13,1896.75,1902.170044,1896.060059,1897.449951,2915680000
2014-05-14,1897.130005,1897.130005,1885.77002,1888.530029,2822060000
2014-05-15,1888.160034,1888.160034,1862.359985,1870.849976,3552640000
2014-05-16,1871.189941,1878.280029,1864.819946,1877.859985,3173650000
2014-05-19,1876.660034,1886.0,1872.420044,1885.079956,2664250000
2014-05-20,1884.880005,1884.880005,1868.140015,1872.829956,3007700000
2014-05-21,1873.339966,1888.800049,1873.339966,1888.030029,2777140000
2014-05-22,1888.189941,1896.329956,1885.390015,1892.48999,2759800000
2014-05-23,1893.319946,1901.26001,1893.319946,1900.530029,2396280000
2014-05-27,1902.01001,1912.280029,1902.01001,1911.910034,2911020000
2014-05-28,1911.77002,1914.459961,1907.300049,1909.780029,2976450000
2014-05-29,1910.599976,1920.030029,1909.819946,1920.030029,2709050000
2014-05-30,1920.329956,1924.030029,1916.640015,1923.569946,3263490000
2014-06-02,1923.869995,1925.880005,1915.97998,1924.969971,2509020000
2014-06-03,1923.069946,1925.069946,1918.790039,1924.23999,2867180000
2014-06-04,1923.060059,1928.630005,1918.599976,1927.880005,2793920000
2014-06-05,1928.52002,1941.73999,1922.930054,1940.459961,3113270000
2014-06-06,1942.410034,1949.439941,1942.410034,1949.439941,2864300000
2014-06-09,1948.969971,1955.550049,1947.160034,1951.27002,2812180000
2014-06-10,1950.339966,1950.859985,1944.640015,1950.790039,2702360000
2014-06-11,1949.369995,1949.369995,1940.079956,1943.890015,2710620000
2014-06-12,1943.349976,1943.349976,1925.780029,1930.109985,3040480000
2014-06-13,1930.800049,1937.300049,1927.689941,1936.160034,2598230000
2014-06-16,1934.839966,1941.150024,1930.910034,1937.780029,2926130000
2014-06-17,1937.150024,1943.689941,1933.550049,1941.98999,2971260000
2014-06-18,1942.72998,1957.73999,1939.290039,1956.97998,3065220000
2014-06-19,1957.5,1959.869995,1952.26001,1959.47998,2952150000
2014-06-20,1960.449951,1963.910034,1959.170044,1962.869995,4336240000
2014-06-23,1962.920044,1963.73999,1958.890015,1962.609985,2717630000
2014-06-24,1961.969971,1968.170044,1948.339966,1949.97998,3089700000
2014-06-25,1949.27002,1960.829956,1947.48999,1959.530029,3106710000
2014-06-26,1959.890015,1959.890015,1944.689941,1957.219971,2778840000
2014-06-27,1956.560059,1961.469971,1952.180054,1960.959961,4290590000
2014-06-30,1960.790039,1964.23999,1958.219971,1960.22998,3037350000
2014-07-01,1962.290039,1978.579956,1962.290039,1973.319946,3188240000
2014-07-02,1973.060059,1976.670044,1972.579956,1974.619995,2851480000
2014-07-03,1975.880005,1985.589966,1975.880005,1985.439941,1998090000
2014-07-07,1984.219971,1984.219971,1974.880005,1977.650024,2681260000
2014-07-08,1976.390015,1976.390015,1959.459961,1963.709961,3302430000
2014-07-09,1965.099976,1974.150024,1965.099976,1972.829956,2858800000
2014-07-10,1966.670044,1969.839966,1952.859985,1964.680054,3165690000
2014-07-11,1965.76001,1968.670044,1959.630005,1967.569946,2684630000
2014-07-14,1969.859985,1979.849976,1969.859985,1977.099976,2744920000
2014-07-15,1977.359985,1982.52002,1965.339966,1973.280029,3328740000
2014-07-16,1976.349976,1983.939941,1975.670044,1981.569946,3390950000
2014-07-17,1979.75,1981.800049,1955.589966,1958.119995,3381680000
2014-07-18,1961.540039,1979.910034,1960.819946,1978.219971,3106060000
2014-07-21,1976.930054,1976.930054,1965.77002,1973.630005,2611160000
2014-07-22,1975.650024,1986.23999,1975.650024,1983.530029,2890480000
2014-07-23,1985.319946,1989.22998,1982.439941,1987.01001,2869720000
2014-07-24,1988.069946,1991.390015,1985.790039,1987.97998,3203530000
2014-07-25,1984.599976,1984.599976,1974.369995,1978.339966,2638960000
2014-07-28,1978.25,1981.52002,1967.310059,1978.910034,2803320000
2014-07-29,1980.030029,1984.849976,1969.949951,1969.949951,3183300000
2014-07-30,1973.209961,1978.900024,1962.420044,1970.069946,3448250000
2014-07-31,1965.140015,1965.140015,1930.670044,1930.670044,4193000000
2014-08-01,1929.800049,1937.349976,1916.369995,1925.150024,3789660000
2014-08-04,1926.619995,1942.920044,1921.199951,1938.98999,3072920000
2014-08-05,1936.339966,1936.339966,1913.77002,1920.209961,3462520000
2014-08-06,1917.290039,1927.910034,1911.449951,1920.23999,3539150000
2014-08-07,1923.030029,1928.890015,1904.780029,1909.569946,3230520000
2014-08-08,1910.349976,1932.380005,1909.01001,1931.589966,2902280000
2014-08-11,1933.430054,1944.900024,1933.430054,1936.920044,2784890000
2014-08-12,1935.72998,1939.650024,1928.290039,1933.75,2611700000
2014-08-13,1935.599976,1948.410034,1935.599976,1946.719971,2718020000
2014-08-14,1947.410034,1955.22998,1947.410034,1955.180054,2609460000
2014-08-15,1958.869995,1964.040039,1941.5,1955.060059,3023380000
2014-08-18,1958.359985,1971.98999,1958.359985,1971.73999,2638160000
2014-08-19,1972.72998,1982.569946,1972.72998,1981.599976,2656430000
2014-08-20,1980.459961,1988.569946,1977.680054,1986.51001,2579560000
2014-08-21,1986.819946,1994.76001,1986.819946,1992.369995,2638920000
2014-08-22,1992.599976,1993.540039,1984.76001,1988.400024,2301860000
2014-08-25,1991.73999,2001.949951,1991.73999,1997.920044,2233880000
2014-08-26,1998.589966,2005.040039,1998.589966,2000.02002,2451950000
2014-08-27,2000.540039,2002.140015,1996.199951,2000.119995,2344350000
2014-08-28,1997.420044,1998.550049,1990.52002,1996.73999,2282400000
2014-08-29,1998.449951,2003.380005,1994.650024,2003.369995,2259130000
2014-09-02,2004.069946,2006.119995,1994.849976,2002.280029,2819980000
2014-09-03,2003.569946,2009.280029,1998.140015,2000.719971,2809980000
2014-09-04,2001.670044,2011.170044,1992.540039,1997.650024,3072410000
2014-09-05,1998.0,2007.709961,1990.099976,2007.709961,2818300000
2014-09-08,2007.170044,2007.170044,1995.599976,2001.540039,2789090000
2014-09-09,2000.72998,2001.01001,1984.609985,1988.439941,2882830000
2014-09-10,1988.410034,1996.660034,1982.98999,1995.689941,2912430000
2014-09-11,1992.849976,1997.650024,1985.930054,1997.449951,2941690000
2014-09-12,1996.73999,1996.73999,1980.26001,1985.540039,3206570000
2014-09-15,1986.040039,1987.180054,1978.47998,1984.130005,2776530000
2014-09-16,1981.930054,2002.280029,1979.060059,1998.97998,3160310000
2014-09-17,1999.300049,2010.73999,1993.290039,2001.569946,3209420000
2014-09-18,2003.069946,2012.339966,2003.069946,2011.359985,3235340000
2014-09-19,2012.73999,2019.26001,2006.589966,2010.400024,4880220000
2014-09-22,2009.079956,2009.079956,1991.01001,1994.290039,3349670000
2014-09-23,1992.780029,1995.410034,1982.77002,1982.77002,3279350000
2014-09-24,1983.339966,1999.790039,1978.630005,1998.300049,3313850000
2014-09-25,1997.319946,1997.319946,1965.98999,1965.98999,3273050000
2014-09-26,1966.219971,1986.369995,1966.219971,1982.849976,2929440000
2014-09-29,1978.959961,1981.280029,1964.040039,1977.800049,3094440000
2014-09-30,1978.209961,1985.170044,1968.959961,1972.290039,3951100000
2014-10-01,1971.439941,1971.439941,1941.719971,1946.160034,4188590000
2014-10-02,1945.829956,1952.319946,1926.030029,1946.170044,4012510000
2014-10-03,1948.119995,1971.189941,1948.119995,1967.900024,3560970000
2014-10-06,1970.01001,1977.839966,1958.430054,1964.819946,3358220000
2014-10-07,1962.359985,1962.359985,1934.869995,1935.099976,3687870000
2014-10-08,1935.550049,1970.359985,1925.25,1968.890015,4441890000
2014-10-09,1967.680054,1967.680054,1927.560059,1928.209961,4344020000
2014-10-10,1925.630005,1936.97998,1906.050049,1906.130005,4550540000
2014-10-13,1905.650024,1912.089966,1874.140015,1874.73999,4352580000
2014-10-14,1877.109985,1898.709961,1871.790039,1877.699951,4812010000
2014-10-15,1874.180054,1874.180054,1820.660034,1862.48999,6090800000
2014-10-16,1855.949951,1876.01001,1835.02002,1862.76001,5073150000
2014-10-17,1864.910034,1898.160034,1864.910034,1886.76001,4482120000
2014-10-20,1885.619995,1905.030029,1882.300049,1904.01001,3331210000
2014-10-21,1909.380005,1942.449951,1909.380005,1941.280029,3987090000
2014-10-22,1941.290039,1949.310059,1926.829956,1927.109985,3761930000
2014-10-23,1931.02002,1961.949951,1931.02002,1950.819946,3789250000
2014-10-24,1951.589966,1965.27002,1946.27002,1964.579956,3078380000
2014-10-27,1962.969971,1964.640015,1951.369995,1961.630005,3538860000
2014-10-28,1964.140015,1985.050049,1964.140015,1985.050049,3653260000
2014-10-29,1983.290039,1991.400024,1969.040039,1982.300049,3740350000
2014-10-30,1979.48999,1999.400024,1974.75,1994.650024,3586150000
2014-10-31,2001.199951,2018.189941,2001.199951,2018.050049,4292290000
2014-11-03,2018.209961,2024.459961,2013.680054,2017.810059,3555440000
2014-11-04,2015.810059,2015.97998,2001.01001,2012.099976,3956260000
2014-11-05,2015.290039,2023.77002,2014.420044,2023.569946,3766590000
2014-11-06,2023.329956,2031.609985,2015.859985,2031.209961,3669770000
2014-11-07,2032.359985,2034.26001,2025.069946,2031.920044,3704280000
2014-11-10,2032.01001,2038.699951,2030.170044,2038.26001,3284940000
2014-11-11,2038.199951,2041.280029,2035.280029,2039.680054,2958320000
2014-11-12,2037.75,2040.329956,2031.949951,2038.25,3246650000
2014-11-13,2039.209961,2046.180054,2030.439941,2039.329956,3455270000
2014-11-14,2039.73999,2042.219971,2035.199951,2039.819946,3227130000
2014-11-17,2038.290039,2043.069946,2034.459961,2041.319946,3152890000
2014-11-18,2041.47998,2056.080078,2041.47998,2051.800049,3416190000
2014-11-19,2051.159912,2052.139893,2040.369995,2048.719971,3390850000
2014-11-20,2045.869995,2053.840088,2040.48999,2052.75,3128290000
2014-11-21,2057.459961,2071.459961,2056.75,2063.5,3916420000
2014-11-24,2065.070068,2070.169922,2065.070068,2069.409912,3128060000
2014-11-25,2070.149902,2074.209961,2064.75,2067.030029,3392940000
2014-11-26,2067.360107,2073.290039,2066.620117,2072.830078,2745260000
2014-11-28,2074.780029,2075.76001,2065.060059,2067.560059,2504640000
2014-12-01,2065.780029,2065.780029,2049.570068,2053.439941,4159010000
2014-12-02,2053.77002,2068.77002,2053.77002,2066.550049,3686650000
2014-12-03,2067.449951,2076.280029,2066.649902,2074.330078,3612680000
2014-12-04,2073.639893,2077.340088,2062.340088,2071.919922,3408340000
2014-12-05,2072.780029,2079.469971,2070.810059,2075.370117,3419620000
2014-12-08,2074.840088,2075.780029,2054.27002,2060.310059,3800990000
2014-12-09,2056.550049,2060.600098,2034.170044,2059.820068,3970150000
2014-12-10,2058.860107,2058.860107,2024.26001,2026.140015,4114440000
2014-12-11,2027.920044,2055.530029,2027.920044,2035.329956,3917950000
2014-12-12,2030.359985,2032.25,2002.329956,2002.329956,4157650000
2014-12-15,2005.030029,2018.689941,1982.26001,1989.630005,4361990000
2014-12-16,1986.709961,2016.890015,1972.560059,1972.73999,4958680000
2014-12-17,1973.77002,2016.75,1973.77002,2012.890015,4942370000
2014-12-18,2018.97998,2061.22998,2018.97998,2061.22998,4703380000
2014-12-19,2061.040039,2077.850098,2061.030029,2070.649902,6465530000
2014-12-22,2069.280029,2078.76001,2069.280029,2078.540039,3369520000
2014-12-23,2081.47998,2086.72998,2079.77002,2082.169922,3043950000
2014-12-24,2083.25,2087.560059,2081.860107,2081.879883,1416980000
2014-12-26,2084.300049,2092.699951,2084.300049,2088.77002,1735230000
2014-12-29,2087.629883,2093.550049,2085.75,2090.570068,2452360000
2014-12-30,2088.48999,2088.48999,2079.530029,2080.350098,2440280000
2014-12-31,2082.110107,2085.580078,2057.939941,2058.899902,2606070000
2015-01-02,2058.899902,2072.360107,2046.040039,2058.199951,2708700000
2015-01-05,2054.439941,2054.439941,2017.339966,2020.579956,3799120000
2015-01-06,2022.150024,2030.25,1992.439941,2002.609985,4460110000
2015-01-07,2005.550049,2029.609985,2005.550049,2025.900024,3805480000
2015-01-08,2030.609985,2064.080078,2030.609985,2062.139893,3934010000
2015-01-09,2063.449951,2064.429932,2038.329956,2044.810059,3364140000
2015-01-12,2046.130005,2049.300049,2022.579956,2028.26001,3456460000
2015-01-13,2031.579956,2056.929932,2008.25,2023.030029,4107300000
2015-01-14,2018.400024,2018.400024,1988.439941,2011.27002,4378680000
2015-01-15,2013.75,2021.349976,1991.469971,1992.670044,4276720000
2015-01-16,1992.25,2020.459961,1988.119995,2019.420044,4056410000
2015-01-20,2020.76001,2028.939941,2004.48999,2022.550049,3944340000
2015-01-21,2020.189941,2038.290039,2012.040039,2032.119995,3730070000
2015-01-22,2034.300049,2064.620117,2026.380005,2063.149902,4176050000
2015-01-23,2062.97998,2062.97998,2050.540039,2051.820068,3573560000
2015-01-26,2050.419922,2057.620117,2040.969971,2057.090088,3465760000
2015-01-27,2047.859985,2047.859985,2019.910034,2029.550049,3329810000
2015-01-28,2032.339966,2042.48999,2001.48999,2002.160034,4067530000
2015-01-29,2002.449951,2024.640015,1989.180054,2021.25,4127140000
2015-01-30,2019.349976,2023.319946,1993.380005,1994.98999,4568650000
2015-02-02,1996.670044,2021.660034,1980.900024,2020.849976,4008330000
2015-02-03,2022.709961,2050.300049,2022.709961,2050.030029,4615900000
2015-02-04,2048.860107,2054.73999,2036.719971,2041.51001,4141920000
2015-02-05,2043.449951,2063.550049,2043.449951,2062.52002,3821990000
2015-02-06,2062.280029,2072.399902,2049.969971,2055.469971,4232970000
2015-02-09,2053.469971,2056.159912,2041.880005,2046.73999,3549540000
2015-02-10,2049.379883,2070.860107,2048.620117,2068.590088,3669850000
2015-02-11,2068.550049,2073.47998,2057.98999,2068.530029,3596860000
2015-02-12,2069.97998,2088.530029,2069.97998,2088.47998,3788350000
2015-02-13,2088.780029,2097.030029,2086.699951,2096.98999,3527450000
2015-02-17,2096.469971,2101.300049,2089.800049,2100.340088,3361750000
2015-02-18,2099.159912,2100.22998,2092.149902,2099.679932,3370020000
2015-02-19,2099.25,2102.129883,2090.790039,2097.449951,3247100000
2015-02-20,2097.649902,2110.610107,2085.439941,2110.300049,3281600000
2015-02-23,2109.830078,2110.050049,2103.0,2109.659912,3093680000
2015-02-24,2109.100098,2117.939941,2105.870117,2115.47998,3199840000
2015-02-25,2115.300049,2119.590088,2109.889893,2113.860107,3312340000
2015-02-26,2113.909912,2113.909912,2103.76001,2110.73999,3408690000
2015-02-27,2110.879883,2112.73999,2103.75,2104.5,3547380000
2015-03-02,2105.22998,2117.52002,2104.5,2117.389893,3409490000
2015-03-03,2115.76001,2115.76001,2098.26001,2107.780029,3262300000
2015-03-04,2107.719971,2107.719971,2094.48999,2098.530029,3421110000
2015-03-05,2098.540039,2104.25,2095.219971,2101.040039,3103030000
2015-03-06,2100.909912,2100.909912,2067.27002,2071.26001,3853570000
2015-03-09,2072.25,2083.48999,2072.209961,2079.429932,3349090000
2015-03-10,2076.139893,2076.139893,2044.160034,2044.160034,3668900000
2015-03-11,2044.689941,2050.080078,2039.689941,2040.23999,3406570000
2015-03-12,2041.099976,2066.409912,2041.099976,2065.949951,3405860000
2015-03-13,2064.560059,2064.560059,2041.170044,2053.399902,3498560000
2015-03-16,2055.350098,2081.409912,2055.350098,2081.189941,3295600000
2015-03-17,2080.590088,2080.590088,2065.080078,2074.280029,3221840000
2015-03-18,2072.840088,2106.850098,2061.22998,2099.5,4128210000
2015-03-19,2098.689941,2098.689941,2085.560059,2089.27002,3305220000
2015-03-20,2090.320068,2113.919922,2090.320068,2108.100098,5554120000
2015-03-23,2107.98999,2114.860107,2104.419922,2104.419922,3267960000
2015-03-24,2103.939941,2107.629883,2091.5,2091.5,3189820000
2015-03-25,2093.100098,2097.429932,2061.050049,2061.050049,3521140000
2015-03-26,2059.939941,2067.149902,2045.5,2056.149902,3510670000
2015-03-27,2055.780029,2062.830078,2052.959961,2061.02002,3008550000
2015-03-30,2064.110107,2088.969971,2064.110107,2086.23999,2917690000
2015-03-31,2084.050049,2084.050049,2067.040039,2067.889893,3376550000
2015-04-01,2067.629883,2067.629883,2048.379883,2059.689941,3543270000
2015-04-02,2060.030029,2072.169922,2057.320068,2066.959961,3095960000
2015-04-06,2064.870117,2086.98999,2056.52002,2080.620117,3302970000
2015-04-07,2080.790039,2089.810059,2076.100098,2076.330078,3065510000
2015-04-08,2076.939941,2086.689941,2073.300049,2081.899902,3265330000
2015-04-09,2081.290039,2093.310059,2074.290039,2091.179932,3172360000
2015-04-10,2091.51001,2102.610107,2091.51001,2102.060059,3156200000
2015-04-13,2102.030029,2107.649902,2092.330078,2092.429932,2908420000
2015-04-14,2092.280029,2098.620117,2083.23999,2095.840088,3301270000
2015-04-15,2097.820068,2111.909912,2097.820068,2106.629883,4013760000
2015-04-16,2105.959961,2111.300049,2100.02002,2104.98999,3434120000
2015-04-17,2102.580078,2102.580078,2072.370117,2081.179932,3627600000
2015-04-20,2084.110107,2103.939941,2084.110107,2100.399902,3000160000
2015-04-21,2102.820068,2109.639893,2094.379883,2097.290039,3243410000
2015-04-22,2098.27002,2109.97998,2091.050049,2107.959961,3348480000
2015-04-23,2107.209961,2120.48999,2103.189941,2112.929932,3636670000
2015-04-24,2112.800049,2120.919922,2112.800049,2117.689941,3375780000
2015-04-27,2119.290039,2125.919922,2107.040039,2108.919922,3438750000
2015-04-28,2108.350098,2116.040039,2094.889893,2114.76001,3546270000
2015-04-29,2112.48999,2113.649902,2097.409912,2106.850098,4074970000
2015-04-30,2105.52002,2105.52002,2077.590088,2085.51001,4509680000
2015-05-01,2087.379883,2108.409912,2087.379883,2108.290039,3379390000
2015-05-04,2110.22998,2120.949951,2110.22998,2114.48999,3091580000
2015-05-05,2112.629883,2115.23999,2088.459961,2089.459961,3793950000
2015-05-06,2091.26001,2098.419922,2067.929932,2080.149902,3792210000
2015-05-07,2079.959961,2092.899902,2074.98999,2088.0,3676640000
2015-05-08,2092.129883,2117.659912,2092.129883,2116.100098,3399440000
2015-05-11,2115.560059,2117.689941,2104.580078,2105.330078,2992670000
2015-05-12,2102.870117,2105.060059,2085.570068,2099.120117,3139520000
2015-05-13,2099.620117,2110.189941,2096.040039,2098.47998,3374260000
2015-05-14,2100.429932,2121.449951,2100.429932,2121.100098,3225740000
2015-05-15,2122.070068,2123.889893,2116.810059,2122.72998,3092080000
2015-05-18,2121.300049,2131.780029,2120.01001,2129.199951,2888190000
2015-05-19,2129.449951,2133.02002,2124.5,2127.830078,3296030000
2015-05-20,2127.790039,2134.719971,2122.590088,2125.850098,3025880000
2015-05-21,2125.550049,2134.280029,2122.949951,2130.820068,3070460000
2015-05-22,2130.360107,2132.149902,2126.060059,2126.060059,2571860000
2015-05-26,2125.340088,2125.340088,2099.179932,2104.199951,3342130000
2015-05-27,2105.129883,2126.219971,2105.129883,2123.47998,3127960000
2015-05-28,2122.27002,2122.27002,2112.860107,2120.790039,2980350000
2015-05-29,2120.659912,2120.659912,2104.889893,2107.389893,3927390000
2015-06-01,2108.639893,2119.149902,2102.540039,2111.72998,3011710000
2015-06-02,2110.409912,2117.590088,2099.139893,2109.600098,3049350000
2015-06-03,2110.639893,2121.919922,2109.610107,2114.070068,3099980000
2015-06-04,2112.350098,2112.889893,2093.22998,2095.840088,3200050000
2015-06-05,2095.090088,2100.98999,2085.669922,2092.830078,3243690000
2015-06-08,2092.340088,2093.01001,2079.110107,2079.280029,2917150000
2015-06-09,2079.070068,2085.620117,2072.139893,2080.149902,3034580000
2015-06-10,2081.120117,2108.5,2081.120117,2105.199951,3414320000
2015-06-11,2106.23999,2115.02002,2106.23999,2108.860107,3128600000
2015-06-12,2107.429932,2107.429932,2091.330078,2094.110107,2719400000
2015-06-15,2091.340088,2091.340088,2072.48999,2084.429932,3061570000
2015-06-16,2084.26001,2097.399902,2082.100098,2096.290039,2919900000
2015-06-17,2097.399902,2106.790039,2088.860107,2100.439941,3222240000
2015-06-18,2101.580078,2126.649902,2101.580078,2121.23999,3520360000
2015-06-19,2121.060059,2121.639893,2109.449951,2109.98999,4449810000
2015-06-22,2112.5,2129.870117,2112.5,2122.850098,3030020000
2015-06-23,2123.159912,2128.030029,2119.889893,2124.199951,3091190000
2015-06-24,2123.649902,2125.100098,2108.580078,2108.580078,3102480000
2015-06-25,2109.959961,2116.040039,2101.780029,2102.310059,3214610000
2015-06-26,2102.620117,2108.919922,2095.379883,2101.48999,5025470000
2015-06-29,2098.629883,2098.629883,2056.639893,2057.639893,3678960000
2015-06-30,2061.189941,2074.280029,2056.320068,2063.110107,4078540000
2015-07-01,2067.0,2082.780029,2067.0,2077.419922,3727260000
2015-07-02,2078.030029,2085.060059,2071.02002,2076.780029,2996540000
2015-07-06,2073.949951,2078.610107,2058.399902,2068.76001,3486360000
2015-07-07,2069.52002,2083.73999,2044.02002,2081.340088,4458660000
2015-07-08,2077.659912,2077.659912,2044.660034,2046.680054,3608780000
2015-07-09,2049.72998,2074.280029,2049.72998,2051.310059,3446810000
2015-07-10,2052.73999,2081.310059,2052.73999,2076.620117,3065070000
2015-07-13,2080.030029,2100.669922,2080.030029,2099.600098,3096730000
2015-07-14,2099.719971,2111.97998,2098.179932,2108.949951,3002120000
2015-07-15,2109.01001,2114.139893,2102.48999,2107.399902,3261810000
2015-07-16,2110.550049,2124.419922,2110.550049,2124.290039,3227080000
2015-07-17,2126.800049,2128.909912,2119.879883,2126.639893,3362750000
2015-07-20,2126.850098,2132.820068,2123.659912,2128.280029,3245870000
2015-07-21,2127.550049,2128.48999,2115.399902,2119.209961,3343690000
2015-07-22,2118.209961,2118.51001,2110.0,2114.149902,3694070000
2015-07-23,2114.159912,2116.870117,2098.629883,2102.149902,3772810000
2015-07-24,2102.23999,2106.01001,2077.090088,2079.649902,3870040000
2015-07-27,2078.189941,2078.189941,2063.52002,2067.639893,3836750000
2015-07-28,2070.75,2095.600098,2069.090088,2093.25,4117740000
2015-07-29,2094.699951,2110.600098,2094.080078,2108.570068,4038900000
2015-07-30,2106.780029,2110.47998,2094.969971,2108.629883,3579410000
2015-07-31,2111.600098,2114.23999,2102.070068,2103.840088,3681340000
2015-08-03,2104.48999,2105.699951,2087.310059,2098.040039,3476770000
2015-08-04,2097.679932,2102.51001,2088.600098,2093.320068,3546710000
2015-08-05,2095.27002,2112.659912,2095.27002,2099.840088,3968680000
2015-08-06,2100.75,2103.320068,2075.530029,2083.560059,4246570000
2015-08-07,2082.610107,2082.610107,2067.909912,2077.570068,3602320000
2015-08-10,2080.97998,2105.350098,2080.97998,2104.179932,3514460000
2015-08-11,2102.659912,2102.659912,2076.48999,2084.070068,3708880000
2015-08-12,2081.100098,2089.060059,2052.090088,2086.050049,4269130000
2015-08-13,2086.189941,2092.929932,2078.26001,2083.389893,3221300000
2015-08-14,2083.149902,2092.449951,2080.610107,2091.540039,2795590000
2015-08-17,2089.699951,2102.870117,2079.300049,2102.439941,2867690000
2015-08-18,2101.98999,2103.469971,2094.139893,2096.919922,2949990000
2015-08-19,2095.689941,2096.169922,2070.530029,2079.610107,3512920000
2015-08-20,2076.610107,2076.610107,2035.72998,2035.72998,3922470000
2015-08-21,2034.079956,2034.079956,1970.890015,1970.890015,5018240000
2015-08-24,1965.150024,1965.150024,1867.01001,1893.209961,6612690000
2015-08-25,1898.079956,1948.040039,1867.079956,1867.609985,5183560000
2015-08-26,1872.75,1943.089966,1872.75,1940.51001,5338250000
2015-08-27,1942.77002,1989.599976,1942.77002,1987.660034,5006390000
2015-08-28,1986.060059,1993.47998,1975.189941,1988.869995,3949080000
2015-08-31,1986.72998,1986.72998,1965.97998,1972.180054,3915100000
2015-09-01,1970.089966,1970.089966,1903.069946,1913.849976,4371850000
2015-09-02,1916.52002,1948.910034,1916.52002,1948.859985,3742620000
2015-09-03,1950.790039,1975.01001,1944.719971,1951.130005,3520700000
2015-09-04,1947.76001,1947.76001,1911.209961,1921.219971,3167090000
2015-09-08,1927.300049,1970.420044,1927.300049,1969.410034,3548650000
2015-09-09,1971.449951,1988.630005,1937.880005,1942.040039,3652120000
2015-09-10,1941.589966,1965.290039,1937.189941,1952.290039,3626320000
2015-09-11,1951.449951,1961.050049,1939.189941,1961.050049,3218590000
2015-09-14,1963.060059,1963.060059,1948.27002,1953.030029,3000200000
2015-09-15,1955.099976,1983.189941,1954.300049,1978.089966,3239860000
2015-09-16,1978.02002,1997.26001,1977.930054,1995.310059,3630680000
2015-09-17,1995.329956,2020.859985,1986.72998,1990.199951,4183790000
2015-09-18,1989.660034,1989.660034,1953.449951,1958.030029,6021240000
2015-09-21,1960.839966,1979.640015,1955.800049,1966.969971,3269350000
2015-09-22,1961.390015,1961.390015,1929.219971,1942.73999,3808260000
2015-09-23,1943.23999,1949.52002,1932.569946,1938.76001,3190530000
2015-09-24,1934.810059,1937.170044,1908.920044,1932.23999,4091530000
2015-09-25,1935.930054,1952.890015,1921.5,1931.339966,3721870000
2015-09-28,1929.180054,1929.180054,1879.209961,1881.77002,4326660000
2015-09-29,1881.900024,1899.47998,1871.910034,1884.089966,4132390000
2015-09-30,1887.140015,1920.530029,1887.140015,1920.030029,4525070000
2015-10-01,1919.650024,1927.209961,1900.699951,1923.819946,3983600000
2015-10-02,1921.77002,1951.359985,1893.699951,1951.359985,4378570000
2015-10-05,1954.329956,1989.170044,1954.329956,1987.050049,4334490000
2015-10-06,1986.630005,1991.619995,1971.98999,1979.920044,4202400000
2015-10-07,1982.339966,1999.310059,1976.439941,1995.829956,4666470000
2015-10-08,1994.01001,2016.5,1987.530029,2013.430054,3939140000
2015-10-09,2013.72998,2020.130005,2007.609985,2014.890015,3706900000
2015-10-12,2015.650024,2018.660034,2010.550049,2017.459961,2893250000
2015-10-13,2015.0,2022.339966,2001.780029,2003.689941,3401920000
2015-10-14,2003.660034,2009.560059,1990.72998,1994.23999,3644590000
2015-10-15,1996.469971,2024.150024,1996.469971,2023.859985,3746290000
2015-10-16,2024.369995,2033.540039,2020.459961,2033.109985,3595430000
2015-10-19,2031.72998,2034.449951,2022.310059,2033.660034,3287320000
2015-10-20,2033.130005,2039.119995,2026.609985,2030.77002,3331500000
2015-10-21,2033.469971,2037.969971,2017.219971,2018.939941,3627790000
2015-10-22,2021.880005,2055.199951,2021.880005,2052.51001,4430850000
2015-10-23,2058.189941,2079.73999,2058.189941,2075.149902,4108460000
2015-10-26,2075.080078,2075.139893,2066.530029,2071.179932,3385800000
2015-10-27,2068.75,2070.370117,2058.840088,2065.889893,4216880000
2015-10-28,2066.47998,2090.350098,2063.110107,2090.350098,4698110000
2015-10-29,2088.350098,2092.52002,2082.629883,2089.409912,4008940000
2015-10-30,2090.0,2094.320068,2079.340088,2079.360107,4256200000
2015-11-02,2080.76001,2106.199951,2080.76001,2104.050049,3760020000
2015-11-03,2102.629883,2116.47998,2097.51001,2109.790039,4272060000
2015-11-04,2110.600098,2114.590088,2096.97998,2102.310059,4078870000
2015-11-05,2101.679932,2108.780029,2090.409912,2099.929932,4051890000
2015-11-06,2098.600098,2101.909912,2083.73999,2099.199951,4369020000
2015-11-09,2096.560059,2096.560059,2068.23999,2078.580078,3882350000
2015-11-10,2077.189941,2083.669922,2069.909912,2081.719971,3821440000
2015-11-11,2083.409912,2086.939941,2074.850098,2075.0,3692410000
2015-11-12,2072.290039,2072.290039,2045.660034,2045.969971,4016370000
2015-11-13,2044.640015,2044.640015,2022.02002,2023.040039,4278750000
2015-11-16,2022.079956,2053.219971,2019.390015,2053.189941,3741240000
2015-11-17,2053.669922,2066.689941,2045.900024,2050.439941,4427350000
2015-11-18,2051.98999,2085.310059,2051.98999,2083.580078,3926390000
2015-11-19,2083.699951,2086.73999,2078.76001,2081.23999,3628110000
2015-11-20,2082.820068,2097.060059,2082.820068,2089.169922,3929600000
2015-11-23,2089.409912,2095.610107,2081.389893,2086.590088,3587980000
2015-11-24,2084.419922,2094.120117,2070.290039,2089.139893,3884930000
2015-11-25,2089.300049,2093.0,2086.300049,2088.870117,2852940000
2015-11-27,2088.820068,2093.290039,2084.129883,2090.110107,1466840000
2015-11-30,2090.949951,2093.810059,2080.409912,2080.409912,4275030000
2015-12-01,2082.929932,2103.370117,2082.929932,2102.629883,3712120000
2015-12-02,2101.709961,2104.27002,2077.110107,2079.51001,3950640000
2015-12-03,2080.709961,2085.0,2042.349976,2049.620117,4306490000
2015-12-04,2051.23999,2093.840088,2051.23999,2091.689941,4214910000
2015-12-07,2090.419922,2090.419922,2066.780029,2077.070068,4043820000
2015-12-08,2073.389893,2073.850098,2052.320068,2063.590088,4173570000
2015-12-09,2061.169922,2080.330078,2036.530029,2047.619995,4385250000
2015-12-10,2047.930054,2067.649902,2045.670044,2052.22998,3715150000
2015-12-11,2047.27002,2047.27002,2008.800049,2012.369995,4301060000
2015-12-14,2013.369995,2022.920044,1993.26001,2021.939941,4612440000
2015-12-15,2025.550049,2053.870117,2025.550049,2043.410034,4353540000
2015-12-16,2046.5,2076.719971,2042.430054,2073.070068,4635450000
2015-12-17,2073.76001,2076.370117,2041.660034,2041.890015,4327390000
2015-12-18,2040.810059,2040.810059,2005.329956,2005.550049,6683070000
2015-12-21,2010.27002,2022.900024,2005.930054,2021.150024,3760280000
2015-12-22,2023.150024,2042.73999,2020.48999,2038.969971,3520860000
2015-12-23,2042.199951,2064.72998,2042.199951,2064.290039,3484090000
2015-12-24,2063.52002,2067.360107,2058.72998,2060.98999,1411860000
2015-12-28,2057.77002,2057.77002,2044.199951,2056.5,2492510000
2015-12-29,2060.540039,2081.560059,2060.540039,2078.360107,2542000000
2015-12-30,2077.340088,2077.340088,2061.969971,2063.360107,2367430000
2015-12-31,2060.590088,2062.540039,2043.619995,2043.939941,2655330000
2016-01-04,2038.199951,2038.199951,1989.680054,2012.660034,4304880000
2016-01-05,2013.780029,2021.939941,2004.170044,2016.709961,3706620000
2016-01-06,2011.709961,2011.709961,1979.050049,1990.26001,4336660000
2016-01-07,1985.319946,1985.319946,1938.829956,1943.089966,5076590000
2016-01-08,1945.969971,1960.400024,1918.459961,1922.030029,4664940000
2016-01-11,1926.119995,1935.650024,1901.099976,1923.670044,4607290000
2016-01-12,1927.829956,1947.380005,1914.349976,1938.680054,4887260000
2016-01-13,1940.339966,1950.329956,1886.410034,1890.280029,5087030000
2016-01-14,1891.680054,1934.469971,1878.930054,1921.839966,5241110000
2016-01-15,1916.680054,1916.680054,1857.829956,1880.329956,5468460000
2016-01-19,1888.660034,1901.439941,1864.599976,1881.329956,4928350000
2016-01-20,1876.180054,1876.180054,1812.290039,1859.329956,6416070000
2016-01-21,1861.459961,1889.849976,1848.97998,1868.98999,5078810000
2016-01-22,1877.400024,1908.849976,1877.400024,1906.900024,4901760000
2016-01-25,1906.280029,1906.280029,1875.969971,1877.079956,4401380000
2016-01-26,1878.790039,1906.72998,1878.790039,1903.630005,4357940000
2016-01-27,1902.52002,1916.98999,1872.699951,1882.949951,4754040000
2016-01-28,1885.219971,1902.959961,1873.650024,1893.359985,4693010000
2016-01-29,1894.0,1940.23999,1894.0,1940.23999,5497570000
2016-02-01,1936.939941,1947.199951,1920.300049,1939.380005,4322530000
2016-02-02,1935.26001,1935.26001,1897.290039,1903.030029,4463190000
2016-02-03,1907.069946,1918.01001,1872.22998,1912.530029,5172950000
2016-02-04,1911.670044,1927.349976,1900.52002,1915.449951,5193320000
2016-02-05,1913.069946,1913.069946,1872.650024,1880.050049,4929940000
2016-02-08,1873.25,1873.25,1828.459961,1853.439941,5636460000
2016-02-09,1848.459961,1868.25,1834.939941,1852.209961,5183220000
2016-02-10,1857.099976,1881.599976,1850.319946,1851.859985,4471170000
2016-02-11,1847.0,1847.0,1810.099976,1829.079956,5500800000
2016-02-12,1833.400024,1864.780029,1833.400024,1864.780029,4696920000
2016-02-16,1871.439941,1895.77002,1871.439941,1895.579956,4570670000
2016-02-17,1898.800049,1930.680054,1898.800049,1926.819946,5011540000
2016-02-18,1927.569946,1930.0,1915.089966,1917.829956,4436490000
2016-02-19,1916.73999,1918.780029,1902.170044,1917.780029,4142850000
2016-02-22,1924.439941,1946.699951,1924.439941,1945.5,4054710000
2016-02-23,1942.380005,1942.380005,1919.439941,1921.27002,3890650000
2016-02-24,1917.560059,1932.079956,1891.0,1929.800049,4317250000
2016-02-25,1931.869995,1951.829956,1925.410034,1951.699951,4118210000
2016-02-26,1954.949951,1962.959961,1945.780029,1948.050049,4348510000
2016-02-29,1947.130005,1958.27002,1931.810059,1932.22998,4588180000
2016-03-01,1937.089966,1978.349976,1937.089966,1978.349976,4819750000
2016-03-02,1976.599976,1986.51001,1968.800049,1986.449951,4666610000
2016-03-03,1985.599976,1993.689941,1977.369995,1993.400024,5081700000
2016-03-04,1994.01001,2009.130005,1986.77002,1999.98999,6049930000
2016-03-07,1996.109985,2006.119995,1989.380005,2001.76001,4968180000
2016-03-08,1996.880005,1996.880005,1977.430054,1979.26001,4641650000
2016-03-09,1981.439941,1992.689941,1979.839966,1989.26001,4038120000
2016-03-10,1990.969971,2005.079956,1969.25,1989.569946,4376790000
2016-03-11,1994.709961,2022.369995,1994.709961,2022.189941,4078620000
2016-03-14,2019.27002,2024.569946,2012.050049,2019.640015,3487850000
2016-03-15,2015.27002,2015.939941,2005.22998,2015.930054,3560280000
2016-03-16,2014.23999,2032.02002,2010.040039,2027.219971,4057020000
2016-03-17,2026.900024,2046.23999,2022.160034,2040.589966,4530480000
2016-03-18,2041.160034,2052.360107,2041.160034,2049.580078,6503140000
2016-03-21,2047.880005,2053.909912,2043.140015,2051.600098,3376600000
2016-03-22,2048.639893,2056.600098,2040.569946,2049.800049,3418460000
2016-03-23,2048.550049,2048.550049,2034.859985,2036.709961,3639510000
2016-03-24,2032.47998,2036.040039,2022.48999,2035.939941,3407720000
2016-03-28,2037.890015,2042.670044,2031.959961,2037.050049,2809090000
2016-03-29,2035.75,2055.909912,2028.310059,2055.01001,3822330000
2016-03-30,2058.27002,2072.209961,2058.27002,2063.949951,3590310000
2016-03-31,2063.77002,2067.919922,2057.459961,2059.73999,3715280000
2016-04-01,2056.620117,2075.070068,2043.97998,2072.780029,3749990000
2016-04-04,2073.189941,2074.02002,2062.570068,2066.129883,3485710000
2016-04-05,2062.5,2062.5,2042.560059,2045.170044,4154920000
2016-04-06,2045.560059,2067.330078,2043.089966,2066.659912,3750800000
2016-04-07,2063.01001,2063.01001,2033.800049,2041.910034,3801250000
2016-04-08,2045.540039,2060.629883,2041.689941,2047.599976,3359530000
2016-04-11,2050.22998,2062.929932,2041.880005,2041.98999,3567840000
2016-04-12,2043.719971,2065.050049,2039.73999,2061.719971,4239740000
2016-04-13,2065.919922,2083.179932,2065.919922,2082.419922,4191830000
2016-04-14,2082.889893,2087.840088,2078.129883,2082.780029,3765870000
2016-04-15,2083.100098,2083.219971,2076.310059,2080.72998,3701450000
2016-04-18,2078.830078,2094.659912,2073.649902,2094.340088,3316880000
2016-04-19,2096.050049,2104.050049,2091.679932,2100.800049,3896830000
2016-04-20,2101.52002,2111.050049,2096.320068,2102.399902,4184880000
2016-04-21,2102.090088,2103.780029,2088.52002,2091.47998,4175290000
2016-04-22,2091.48999,2094.320068,2081.199951,2091.580078,3790580000
2016-04-25,2089.370117,2089.370117,2077.52002,2087.790039,3319740000
2016-04-26,2089.840088,2096.870117,2085.800049,2091.699951,3557190000
2016-04-27,2092.330078,2099.889893,2082.310059,2095.149902,4100110000
2016-04-28,2090.929932,2099.300049,2071.620117,2075.810059,4309840000
2016-04-29,2071.820068,2073.850098,2052.280029,2065.300049,4704720000
2016-05-02,2067.169922,2083.419922,2066.110107,2081.429932,3841110000
2016-05-03,2077.179932,2077.179932,2054.889893,2063.370117,4173390000
2016-05-04,2060.300049,2060.300049,2045.550049,2051.120117,4058560000
2016-05-05,2052.949951,2060.22998,2045.77002,2050.629883,4008530000
2016-05-06,2047.77002,2057.719971,2039.449951,2057.139893,3796350000
2016-05-09,2057.550049,2064.149902,2054.310059,2058.689941,3788620000
2016-05-10,2062.629883,2084.870117,2062.629883,2084.389893,3600200000
2016-05-11,2083.290039,2083.290039,2064.459961,2064.459961,3821980000
2016-05-12,2067.169922,2073.98999,2053.129883,2064.110107,3782390000
2016-05-13,2062.5,2066.790039,2043.130005,2046.609985,3579880000
2016-05-16,2046.530029,2071.879883,2046.530029,2066.659912,3501360000
2016-05-17,2065.040039,2065.689941,2040.819946,2047.209961,4108960000
2016-05-18,2044.380005,2060.610107,2034.48999,2047.630005,4101320000
2016-05-19,2044.209961,2044.209961,2025.910034,2040.040039,3846770000
2016-05-20,2041.880005,2058.350098,2041.880005,2052.320068,3507650000
2016-05-23,2052.22998,2055.580078,2047.26001,2048.040039,3055480000
2016-05-24,2052.649902,2079.669922,2052.649902,2076.060059,3627340000
2016-05-25,2078.929932,2094.72998,2078.929932,2090.540039,3859160000
2016-05-26,2091.439941,2094.300049,2087.080078,2090.100098,3230990000
2016-05-27,2090.060059,2099.060059,2090.060059,2099.060059,3079150000
2016-05-31,2100.129883,2103.47998,2088.659912,2096.949951,4514410000
2016-06-01,2093.939941,2100.969971,2085.100098,2099.330078,3525170000
2016-06-02,2097.709961,2105.26001,2088.590088,2105.26001,3632720000
2016-06-03,2104.070068,2104.070068,2085.360107,2099.129883,3627780000
2016-06-06,2100.830078,2113.360107,2100.830078,2109.409912,3442020000
2016-06-07,2110.179932,2119.219971,2110.179932,2112.129883,3534730000
2016-06-08,2112.709961,2120.550049,2112.709961,2119.120117,3562060000
2016-06-09,2115.649902,2117.639893,2107.72998,2115.47998,3290320000
2016-06-10,2109.570068,2109.570068,2089.959961,2096.070068,3515010000
2016-06-13,2091.75,2098.120117,2078.459961,2079.060059,3392030000
2016-06-14,2076.649902,2081.300049,2064.100098,2075.320068,3759770000
2016-06-15,2077.600098,2085.649902,2069.800049,2071.5,3544720000
2016-06-16,2066.360107,2079.620117,2050.370117,2077.98999,3628280000
2016-06-17,2078.199951,2078.199951,2062.840088,2071.219971,4952630000
2016-06-20,2075.580078,2100.659912,2075.580078,2083.25,3467440000
2016-06-21,2085.189941,2093.659912,2083.02002,2088.899902,3232880000
2016-06-22,2089.75,2099.709961,2084.360107,2085.449951,3168160000
2016-06-23,2092.800049,2113.320068,2092.800049,2113.320068,3297940000
2016-06-24,2103.810059,2103.810059,2032.569946,2037.410034,7597450000
2016-06-27,2031.449951,2031.449951,1991.680054,2000.540039,5431220000
2016-06-28,2006.670044,2036.089966,2006.670044,2036.089966,4385810000
2016-06-29,2042.689941,2073.129883,2042.689941,2070.77002,4241740000
2016-06-30,2073.169922,2098.939941,2070.0,2098.860107,4622820000
2016-07-01,2099.340088,2108.709961,2097.899902,2102.949951,3458890000
2016-07-05,2095.050049,2095.050049,2080.860107,2088.550049,3658380000
2016-07-06,2084.429932,2100.719971,2074.02002,2099.72998,3909380000
2016-07-07,2100.419922,2109.080078,2089.389893,2097.899902,3604550000
2016-07-08,2106.969971,2131.709961,2106.969971,2129.899902,3607500000
2016-07-11,2131.719971,2143.159912,2131.719971,2137.159912,3253340000
2016-07-12,2139.5,2155.399902,2139.5,2152.139893,4097820000
2016-07-13,2153.810059,2156.449951,2146.209961,2152.429932,3502320000
2016-07-14,2157.879883,2168.98999,2157.879883,2163.75,3465610000
2016-07-15,2165.129883,2169.050049,2155.790039,2161.73999,3122600000
2016-07-18,2162.040039,2168.350098,2159.629883,2166.889893,3009310000
2016-07-19,2163.790039,2164.629883,2159.01001,2163.780029,2968340000
2016-07-20,2166.100098,2175.629883,2164.889893,2173.02002,3211860000
2016-07-21,2172.909912,2174.560059,2159.75,2165.169922,3438900000
2016-07-22,2166.469971,2175.110107,2163.23999,2175.030029,3023280000
2016-07-25,2173.709961,2173.709961,2161.949951,2168.47998,3057240000
2016-07-26,2168.969971,2173.540039,2160.179932,2169.179932,3442350000
2016-07-27,2169.810059,2174.97998,2159.070068,2166.580078,3995500000
2016-07-28,2166.050049,2172.850098,2159.73999,2170.060059,3664240000
2016-07-29,2168.830078,2177.090088,2163.48999,2173.600098,4038840000
2016-08-01,2173.149902,2178.290039,2166.209961,2170.840088,3505990000
2016-08-02,2169.939941,2170.199951,2147.580078,2157.030029,3848750000
2016-08-03,2156.810059,2163.790039,2152.560059,2163.790039,3786530000
2016-08-04,2163.51001,2168.189941,2159.070068,2164.25,3709200000
2016-08-05,2168.790039,2182.870117,2168.790039,2182.870117,3663070000
2016-08-08,2183.76001,2185.439941,2177.850098,2180.889893,3327550000
2016-08-09,2182.23999,2187.659912,2178.610107,2181.73999,3334300000
2016-08-10,2182.810059,2183.409912,2172.0,2175.48999,3254950000
2016-08-11,2177.969971,2188.449951,2177.969971,2185.790039,3423160000
2016-08-12,2183.73999,2186.280029,2179.419922,2184.050049,3000660000
2016-08-15,2186.080078,2193.810059,2186.080078,2190.149902,3078530000
2016-08-16,2186.23999,2186.23999,2178.139893,2178.149902,3196400000
2016-08-17,2177.840088,2183.080078,2168.5,2182.219971,3388910000
2016-08-18,2181.899902,2187.030029,2180.459961,2187.02002,3300570000
2016-08-19,2184.23999,2185.0,2175.129883,2183.870117,3084800000
2016-08-22,2181.580078,2185.149902,2175.959961,2182.639893,2777550000
2016-08-23,2187.810059,2193.419922,2186.800049,2186.899902,3041490000
2016-08-24,2185.090088,2186.659912,2171.25,2175.439941,3148280000
2016-08-25,2173.290039,2179.0,2169.73999,2172.469971,2969310000
2016-08-26,2175.100098,2187.939941,2160.389893,2169.040039,3342340000
2016-08-29,2170.189941,2183.47998,2170.189941,2180.379883,2654780000
2016-08-30,2179.449951,2182.27002,2170.409912,2176.120117,3006800000
2016-08-31,2173.560059,2173.790039,2161.350098,2170.949951,3766390000
2016-09-01,2171.330078,2173.560059,2157.090088,2170.860107,3392120000
2016-09-02,2177.48999,2184.870117,2173.590088,2179.97998,3091120000
2016-09-06,2181.610107,2186.570068,2175.100098,2186.47998,3447650000
2016-09-07,2185.169922,2187.870117,2179.070068,2186.159912,3319420000
2016-09-08,2182.76001,2184.939941,2177.48999,2181.300049,3727840000
2016-09-09,2169.080078,2169.080078,2127.810059,2127.810059,4233960000
2016-09-12,2120.860107,2163.300049,2119.120117,2159.040039,4010480000
2016-09-13,2150.469971,2150.469971,2120.27002,2127.02002,4141670000
2016-09-14,2127.860107,2141.330078,2119.899902,2125.77002,3664100000
2016-09-15,2125.360107,2151.310059,2122.360107,2147.26001,3373720000
2016-09-16,2146.47998,2146.47998,2131.199951,2139.159912,5014360000
2016-09-19,2143.98999,2153.610107,2135.909912,2139.120117,3141820000
2016-09-20,2145.939941,2150.800049,2139.169922,2139.76001,3117380000
2016-09-21,2144.580078,2165.110107,2139.570068,2163.120117,3685450000
2016-09-22,2170.939941,2179.98999,2170.939941,2177.179932,3523860000
2016-09-23,2173.290039,2173.75,2163.969971,2164.689941,3289860000
2016-09-26,2158.540039,2158.540039,2145.040039,2146.100098,3199910000
2016-09-27,2146.040039,2161.129883,2141.550049,2159.929932,3414090000
2016-09-28,2161.850098,2172.399902,2151.790039,2171.370117,3860390000
2016-09-29,2168.899902,2172.669922,2145.199951,2151.129883,4215620000
2016-09-30,2156.51001,2175.300049,2156.51001,2168.27002,4158800000
2016-10-03,2164.330078,2164.409912,2154.77002,2161.199951,3113850000
2016-10-04,2163.370117,2165.459961,2144.01001,2150.48999,3716100000
2016-10-05,2155.149902,2163.949951,2155.149902,2159.72998,3883710000
2016-10-06,2158.219971,2162.929932,2150.280029,2160.77002,3438040000
2016-10-07,2164.189941,2165.860107,2144.850098,2153.73999,3578770000
2016-10-10,2160.389893,2169.600098,2160.389893,2163.659912,2881970000
2016-10-11,2161.350098,2161.560059,2128.840088,2136.72998,3393060000
2016-10-12,2137.669922,2145.360107,2132.77002,2139.179932,2959510000
2016-10-13,2130.26001,2138.189941,2114.719971,2132.550049,3538030000
2016-10-14,2139.679932,2149.189941,2132.97998,2132.97998,3187910000
2016-10-17,2132.949951,2135.610107,2124.429932,2126.5,2832440000
2016-10-18,2138.310059,2144.379883,2135.48999,2139.600098,3172940000
2016-10-19,2140.810059,2148.439941,2138.149902,2144.290039,3364990000
2016-10-20,2142.51001,2147.179932,2133.439941,2141.340088,3339320000
2016-10-21,2139.429932,2142.629883,2130.090088,2141.159912,3456390000
2016-10-24,2148.5,2154.790039,2146.909912,2151.330078,3359950000
2016-10-25,2149.719971,2151.439941,2141.929932,2143.159912,3756200000
2016-10-26,2136.969971,2145.72998,2131.590088,2139.429932,3778120000
2016-10-27,2144.060059,2147.129883,2132.52002,2133.040039,4209400000
2016-10-28,2132.22998,2140.719971,2119.360107,2126.409912,4028270000
2016-10-31,2129.780029,2133.25,2125.530029,2126.149902,3926560000
2016-11-01,2128.679932,2131.449951,2097.850098,2111.719971,4539190000
2016-11-02,2109.429932,2111.76001,2094.0,2097.939941,4289120000
2016-11-03,2098.800049,2102.560059,2085.22998,2088.659912,3892100000
2016-11-04,2083.790039,2099.070068,2083.790039,2085.179932,3841910000
2016-11-07,2100.590088,2132.0,2100.590088,2131.52002,3739720000
2016-11-08,2129.919922,2146.870117,2123.560059,2139.560059,3921850000
2016-11-09,2131.560059,2170.100098,2125.350098,2163.26001,6267590000
2016-11-10,2167.48999,2182.300049,2151.169922,2167.47998,6458450000
2016-11-11,2162.709961,2165.919922,2152.48999,2164.449951,4993990000
2016-11-14,2165.639893,2171.360107,2156.080078,2164.199951,5373670000
2016-11-15,2168.290039,2180.840088,2166.379883,2180.389893,4548110000
2016-11-16,2177.530029,2179.219971,2172.199951,2176.939941,3847900000
2016-11-17,2178.610107,2188.060059,2176.649902,2187.120117,3811730000
2016-11-18,2186.850098,2189.889893,2180.379883,2181.899902,3580900000
2016-11-21,2186.429932,2198.699951,2186.429932,2198.179932,3611500000
2016-11-22,2201.560059,2204.800049,2194.51001,2202.939941,3960520000
2016-11-23,2198.550049,2204.719971,2194.51001,2204.719971,3419850000
2016-11-25,2206.27002,2213.350098,2206.27002,2213.350098,1584590000
2016-11-28,2210.209961,2211.139893,2200.360107,2201.719971,3515100000
2016-11-29,2200.76001,2210.459961,2198.149902,2204.659912,3709190000
2016-11-30,2204.969971,2214.100098,2198.810059,2198.810059,5538400000
2016-12-01,2200.169922,2202.600098,2187.439941,2191.080078,5067470000
2016-12-02,2191.120117,2197.949951,2188.370117,2191.949951,3782370000
2016-12-05,2200.649902,2209.419922,2199.969971,2204.709961,3898530000
2016-12-06,2207.26001,2212.780029,2202.209961,2212.22998,3857290000
2016-12-07,2210.719971,2241.629883,2208.929932,2241.350098,4504070000
2016-12-08,2241.129883,2251.689941,2237.570068,2246.189941,4203270000
2016-12-09,2249.72998,2259.800049,2249.22998,2259.530029,3886460000
2016-12-12,2258.830078,2264.030029,2252.370117,2256.959961,4038850000
2016-12-13,2263.320068,2277.530029,2263.320068,2271.719971,3875630000
2016-12-14,2268.350098,2276.199951,2248.439941,2253.280029,4409670000
2016-12-15,2253.77002,2272.120117,2253.77002,2262.030029,4173360000
2016-12-16,2266.810059,2268.050049,2254.23999,2258.070068,5928980000
2016-12-19,2259.23999,2267.469971,2258.209961,2262.530029,3252840000
2016-12-20,2266.5,2272.560059,2266.139893,2270.76001,3306250000
2016-12-21,2270.540039,2271.22998,2265.149902,2265.179932,2854880000
2016-12-22,2262.929932,2263.179932,2256.080078,2260.959961,2880670000
2016-12-23,2260.25,2263.790039,2258.840088,2263.790039,2021230000
2016-12-27,2266.22998,2273.820068,2266.149902,2268.879883,1989730000
2016-12-28,2270.22998,2271.310059,2249.110107,2249.919922,2402750000
2016-12-29,2249.5,2254.51001,2244.560059,2249.26001,2338700000
2016-12-30,2251.610107,2253.580078,2233.620117,2238.830078,2671550000
2017-01-03,2251.570068,2263.879883,2245.129883,2257.830078,3773010000
2017-01-04,2261.600098,2272.820068,2261.600098,2270.75,3768890000
2017-01-05,2268.179932,2271.5,2260.449951,2269.0,3785080000
2017-01-06,2271.139893,2282.100098,2264.060059,2276.97998,3342080000
2017-01-09,2273.590088,2275.48999,2268.899902,2268.899902,3219730000
2017-01-10,2269.719971,2279.27002,2265.27002,2268.899902,3640560000
2017-01-11,2268.600098,2275.320068,2260.830078,2275.320068,3625080000
2017-01-12,2271.139893,2271.780029,2254.25,2270.439941,3466220000
2017-01-13,2272.73999,2278.679932,2271.51001,2274.639893,3090680000
2017-01-17,2269.139893,2272.080078,2262.810059,2267.889893,3586950000
2017-01-18,2269.139893,2272.01001,2263.350098,2271.889893,3317670000
2017-01-19,2271.899902,2274.330078,2258.409912,2263.689941,3168390000
2017-01-20,2269.959961,2276.959961,2265.01001,2271.310059,3536850000
2017-01-23,2267.780029,2271.780029,2257.02002,2265.199951,3155240000
2017-01-24,2267.879883,2284.629883,2266.679932,2280.070068,3816950000
2017-01-25,2288.879883,2299.550049,2288.879883,2298.370117,3849340000
2017-01-26,2298.629883,2300.98999,2294.080078,2296.679932,3611510000
2017-01-27,2299.02002,2299.02002,2291.620117,2294.689941,3137420000
2017-01-30,2286.01001,2286.01001,2268.040039,2280.899902,3595040000
2017-01-31,2274.02002,2279.090088,2267.209961,2278.870117,4089730000
2017-02-01,2285.590088,2289.139893,2272.439941,2279.550049,3919190000
2017-02-02,2276.689941,2283.969971,2271.649902,2280.850098,3809760000
2017-02-03,2288.540039,2298.310059,2287.879883,2297.419922,3605970000
2017-02-06,2294.280029,2296.179932,2288.570068,2292.560059,3112390000
2017-02-07,2295.870117,2299.399902,2290.159912,2293.080078,3452460000
2017-02-08,2289.550049,2295.909912,2285.379883,2294.669922,3611950000
2017-02-09,2296.699951,2311.080078,2296.610107,2307.870117,3681600000
2017-02-10,2312.27002,2319.22998,2311.100098,2316.100098,3496600000
2017-02-13,2321.719971,2331.580078,2321.419922,2328.25,3352370000
2017-02-14,2326.120117,2337.580078,2322.169922,2337.580078,3528040000
2017-02-15,2335.580078,2351.300049,2334.810059,2349.25,3785870000
2017-02-16,2349.639893,2351.310059,2338.870117,2347.219971,3675900000
2017-02-17,2343.01001,2351.159912,2339.580078,2351.159912,3516830000
2017-02-21,2354.909912,2366.709961,2354.909912,2365.379883,3587520000
2017-02-22,2361.110107,2365.129883,2358.340088,2362.820068,3473170000
2017-02-23,2367.5,2368.26001,2355.090088,2363.810059,4021770000
2017-02-24,2355.72998,2367.340088,2352.870117,2367.340088,3832410000
2017-02-27,2365.22998,2371.540039,2361.870117,2369.75,3584680000
2017-02-28,2366.080078,2367.790039,2358.959961,2363.639893,4212460000
2017-03-01,2380.129883,2400.97998,2380.129883,2395.959961,4347630000
2017-03-02,2394.75,2394.75,2380.169922,2381.919922,3824030000
2017-03-03,2380.919922,2383.889893,2375.389893,2383.120117,3556670000
2017-03-06,2375.22998,2378.800049,2367.97998,2375.310059,3251800000
2017-03-07,2370.73999,2375.120117,2365.51001,2368.389893,3526300000
2017-03-08,2369.810059,2373.090088,2361.01001,2362.97998,3814080000
2017-03-09,2363.48999,2369.080078,2354.540039,2364.870117,3718450000
2017-03-10,2372.52002,2376.860107,2363.040039,2372.600098,3434400000
2017-03-13,2371.560059,2374.419922,2368.52002,2373.469971,3166650000
2017-03-14,2368.550049,2368.550049,2358.179932,2365.449951,3173760000
2017-03-15,2370.340088,2390.01001,2368.939941,2385.26001,3909490000
2017-03-16,2387.709961,2388.100098,2377.179932,2381.379883,3368880000
2017-03-17,2383.709961,2385.709961,2377.639893,2378.25,5179820000
2017-03-20,2378.23999,2379.550049,2369.659912,2373.469971,3061560000
2017-03-21,2379.320068,2381.929932,2341.899902,2344.02002,4278890000
2017-03-22,2343.0,2351.810059,2336.449951,2348.449951,3575160000
2017-03-23,2345.969971,2358.919922,2342.129883,2345.959961,3262400000
2017-03-24,2350.419922,2356.219971,2335.73999,2343.97998,2978530000
2017-03-27,2329.110107,2344.899902,2322.25,2341.590088,3242300000
2017-03-28,2339.790039,2363.780029,2337.629883,2358.570068,3369120000
2017-03-29,2356.540039,2363.360107,2352.939941,2361.129883,3107670000
2017-03-30,2361.310059,2370.419922,2358.580078,2368.060059,3159680000
2017-03-31,2364.820068,2370.350098,2362.600098,2362.719971,3356740000
2017-04-03,2362.340088,2365.870117,2344.72998,2358.840088,3418730000
2017-04-04,2354.76001,2360.530029,2350.719971,2360.159912,3208340000
2017-04-05,2366.590088,2378.360107,2350.52002,2352.949951,3780650000
2017-04-06,2353.790039,2364.159912,2348.899902,2357.48999,3203250000
2017-04-07,2356.590088,2363.76001,2350.73999,2355.540039,3054700000
2017-04-10,2357.159912,2366.370117,2351.5,2357.159912,2792570000
2017-04-11,2353.919922,2355.219971,2337.25,2353.780029,3120900000
2017-04-12,2352.149902,2352.719971,2341.179932,2344.929932,3201300000
2017-04-13,2341.97998,2348.26001,2328.949951,2328.949951,3146380000
2017-04-17,2332.620117,2349.139893,2332.51001,2349.01001,2826890000
2017-04-18,2342.530029,2348.350098,2334.540039,2342.189941,3272210000
2017-04-19,2346.790039,2352.629883,2335.050049,2338.169922,3521160000
2017-04-20,2342.689941,2361.370117,2340.909912,2355.840088,3648990000
2017-04-21,2354.73999,2356.179932,2344.51001,2348.689941,3524160000
2017-04-24,2370.330078,2376.97998,2369.189941,2374.149902,3711170000
2017-04-25,2381.51001,2392.47998,2381.149902,2388.610107,4005820000
2017-04-26,2388.97998,2398.159912,2386.780029,2387.449951,4111350000
2017-04-27,2389.699951,2392.100098,2382.679932,2388.77002,4099940000
2017-04-28,2393.679932,2393.679932,2382.360107,2384.199951,3721350000
2017-05-01,2388.5,2394.48999,2384.830078,2388.330078,3201500000
2017-05-02,2391.050049,2392.929932,2385.820068,2391.169922,3861360000
2017-05-03,2386.5,2389.820068,2379.75,2388.129883,3896760000
2017-05-04,2389.790039,2391.429932,2380.350098,2389.52002,4367860000
2017-05-05,2392.370117,2399.290039,2389.379883,2399.290039,3543240000
2017-05-08,2399.939941,2401.360107,2393.919922,2399.379883,3429990000
2017-05-09,2401.580078,2403.870117,2392.439941,2396.919922,3657840000
2017-05-10,2396.790039,2399.73999,2392.790039,2399.629883,3649370000
2017-05-11,2394.840088,2395.719971,2381.73999,2394.439941,3727710000
2017-05-12,2392.439941,2392.439941,2387.189941,2390.899902,3304620000
2017-05-15,2393.97998,2404.050049,2393.939941,2402.320068,3490080000
2017-05-16,2404.550049,2405.77002,2396.050049,2400.669922,3421810000
2017-05-17,2382.949951,2384.870117,2356.209961,2357.030029,4164760000
2017-05-18,2354.689941,2375.73999,2352.719971,2365.719971,4319440000
2017-05-19,2371.370117,2389.060059,2370.429932,2381.72998,3831700000
2017-05-22,2387.209961,2395.459961,2386.919922,2394.02002,3176580000
2017-05-23,2397.040039,2400.850098,2393.879883,2398.419922,3216560000
2017-05-24,2401.409912,2405.580078,2397.98999,2404.389893,3389240000
2017-05-25,2409.540039,2418.709961,2408.01001,2415.070068,3538210000
2017-05-26,2414.5,2416.679932,2412.199951,2415.820068,2806930000
2017-05-30,2411.669922,2415.26001,2409.429932,2412.909912,3205860000
2017-05-31,2415.629883,2415.98999,2403.590088,2411.800049,4518040000
2017-06-01,2415.649902,2430.060059,2413.540039,2430.060059,3860620000
2017-06-02,2431.280029,2440.22998,2427.709961,2439.070068,3465500000
2017-06-05,2437.830078,2439.550049,2434.320068,2436.100098,2916720000
2017-06-06,2431.919922,2436.209961,2428.120117,2429.330078,3376750000
2017-06-07,2432.030029,2435.280029,2424.75,2433.139893,3576220000
2017-06-08,2434.27002,2439.27002,2427.939941,2433.790039,3735980000
2017-06-09,2436.389893,2446.199951,2415.699951,2431.77002,4029860000
2017-06-12,2425.879883,2430.379883,2419.969971,2429.389893,4031840000
2017-06-13,2434.149902,2441.48999,2431.280029,2440.350098,3278240000
2017-06-14,2443.75,2443.75,2428.340088,2437.919922,3558640000
2017-06-15,2424.139893,2433.949951,2418.530029,2432.459961,3371980000
2017-06-16,2431.23999,2433.149902,2422.879883,2433.149902,5299380000
2017-06-19,2442.550049,2453.820068,2441.790039,2453.459961,3271480000
2017-06-20,2450.659912,2450.659912,2436.600098,2437.030029,3422700000
2017-06-21,2439.310059,2442.22998,2430.73999,2435.610107,3599190000
2017-06-22,2437.399902,2441.620117,2433.27002,2434.5,3477250000
2017-06-23,2434.649902,2441.399902,2431.110107,2438.300049,5282460000
2017-06-26,2443.320068,2450.419922,2437.030029,2439.070068,3243660000
2017-06-27,2436.340088,2440.149902,2419.379883,2419.379883,3564770000
2017-06-28,2428.699951,2442.969971,2428.02002,2440.689941,3479980000
2017-06-29,2442.379883,2442.72998,2405.699951,2419.699951,3869560000
2017-06-30,2429.199951,2432.709961,2421.649902,2423.409912,3366030000
2017-07-03,2431.389893,2439.169922,2428.689941,2429.01001,1901480000
2017-07-05,2430.780029,2434.899902,2422.050049,2432.540039,3368150000
2017-07-06,2423.439941,2424.280029,2407.699951,2409.75,3368710000
2017-07-07,2413.52002,2426.919922,2413.52002,2425.179932,2929390000
2017-07-10,2424.51001,2432.0,2422.27002,2427.429932,3009880000
2017-07-11,2427.350098,2429.300049,2412.790039,2425.530029,3108800000
2017-07-12,2435.75,2445.76001,2435.75,2443.25,3176900000
2017-07-13,2444.98999,2449.320068,2441.689941,2447.830078,3068510000
2017-07-14,2449.159912,2463.540039,2446.689941,2459.27002,2738460000
2017-07-17,2459.5,2462.820068,2457.159912,2459.139893,2800580000
2017-07-18,2455.879883,2460.919922,2450.340088,2460.610107,2974090000
2017-07-19,2463.850098,2473.830078,2463.850098,2473.830078,3063810000
2017-07-20,2475.560059,2477.620117,2468.429932,2473.449951,3223820000
2017-07-21,2467.399902,2472.540039,2465.060059,2472.540039,3066880000
2017-07-24,2472.040039,2473.100098,2466.320068,2469.909912,3019920000
2017-07-25,2477.879883,2481.23999,2474.909912,2477.129883,4116360000
2017-07-26,2479.969971,2481.689941,2474.939941,2477.830078,3597830000
2017-07-27,2482.76001,2484.040039,2459.929932,2475.419922,4035740000
2017-07-28,2469.120117,2473.530029,2464.659912,2472.100098,3302850000
2017-07-31,2475.939941,2477.959961,2468.530029,2470.300049,3475930000
2017-08-01,2477.100098,2478.51001,2471.139893,2476.350098,3470260000
2017-08-02,2480.379883,2480.379883,2466.47998,2477.570068,3487150000
2017-08-03,2476.030029,2476.030029,2468.850098,2472.159912,3662410000
2017-08-04,2476.879883,2480.0,2472.080078,2476.830078,3239980000
2017-08-07,2477.139893,2480.949951,2475.879883,2480.909912,2935130000
2017-08-08,2478.350098,2490.870117,2470.320068,2474.919922,3347480000
2017-08-09,2465.350098,2474.409912,2462.080078,2474.02002,3310960000
2017-08-10,2465.379883,2465.379883,2437.75,2438.209961,3635820000
2017-08-11,2441.040039,2448.090088,2437.850098,2441.320068,3161830000
2017-08-14,2454.959961,2468.219971,2454.959961,2465.840088,2824320000
2017-08-15,2468.659912,2468.899902,2461.610107,2464.610107,2922430000
2017-08-16,2468.629883,2474.929932,2463.860107,2468.110107,2956570000
2017-08-17,2462.949951,2465.02002,2430.01001,2430.01001,3164950000
2017-08-18,2427.639893,2440.27002,2420.689941,2425.550049,3426970000
2017-08-21,2425.5,2430.580078,2417.350098,2428.370117,2803650000
2017-08-22,2433.75,2454.77002,2433.669922,2452.51001,2780990000
2017-08-23,2444.879883,2448.909912,2441.419922,2444.040039,2796950000
2017-08-24,2447.909912,2450.389893,2436.189941,2438.969971,2849680000
2017-08-25,2444.719971,2453.959961,2442.219971,2443.050049,2593350000
2017-08-28,2447.350098,2449.120117,2439.030029,2444.23999,2682920000
2017-08-29,2431.939941,2449.189941,2428.199951,2446.300049,2739460000
2017-08-30,2446.060059,2460.310059,2443.77002,2457.590088,2637780000
2017-08-31,2462.649902,2475.01001,2462.649902,2471.649902,3353860000
2017-09-01,2474.419922,2480.379883,2473.850098,2476.550049,2712780000
2017-09-05,2470.350098,2471.969971,2446.550049,2457.850098,3502190000
2017-09-06,2463.830078,2469.639893,2459.199951,2465.540039,3400200000
2017-09-07,2468.060059,2468.620117,2460.290039,2465.100098,3365780000
2017-09-08,2462.25,2467.110107,2459.399902,2461.429932,3308360000
2017-09-11,2474.52002,2488.949951,2474.52002,2488.110107,3293460000
2017-09-12,2491.939941,2496.77002,2490.370117,2496.47998,3234280000
2017-09-13,2493.889893,2498.370117,2492.139893,2498.370117,3371370000
2017-09-14,2494.560059,2498.429932,2491.350098,2495.620117,3422470000
2017-09-15,2495.669922,2500.22998,2493.159912,2500.22998,4862970000
2017-09-18,2502.51001,2508.320068,2499.919922,2503.870117,3204700000
2017-09-19,2506.290039,2507.840088,2503.189941,2506.649902,3253760000
2017-09-20,2506.840088,2508.850098,2496.669922,2508.23999,3584570000
2017-09-21,2507.159912,2507.159912,2499.0,2500.600098,2965590000
2017-09-22,2497.26001,2503.469971,2496.540039,2502.219971,2877980000
2017-09-25,2499.389893,2502.540039,2488.030029,2496.659912,3314530000
2017-09-26,2501.040039,2503.51001,2495.120117,2496.840088,3070770000
2017-09-27,2503.300049,2511.75,2495.909912,2507.040039,3485070000
2017-09-28,2503.409912,2510.810059,2502.929932,2510.060059,3173030000
2017-09-29,2509.959961,2519.439941,2507.98999,2519.360107,3220260000
2017-10-02,2521.199951,2529.22998,2520.399902,2529.120117,3226370000
2017-10-03,2530.340088,2535.129883,2528.850098,2534.580078,3073480000
2017-10-04,2533.47998,2540.530029,2531.800049,2537.73999,3020770000
2017-10-05,2540.860107,2552.51001,2540.02002,2552.070068,3059730000
2017-10-06,2547.439941,2549.409912,2543.790039,2549.330078,2898270000
2017-10-09,2551.389893,2551.820068,2541.600098,2544.72998,2486940000
2017-10-10,2549.98999,2555.22998,2544.860107,2550.639893,2962610000
2017-10-11,2550.620117,2555.23999,2547.949951,2555.23999,2991320000
2017-10-12,2552.879883,2555.330078,2548.310059,2550.929932,3157280000
2017-10-13,2555.659912,2557.649902,2552.090088,2553.169922,3150470000
2017-10-16,2555.570068,2559.469971,2552.639893,2557.639893,2918030000
2017-10-17,2557.169922,2559.709961,2554.689941,2559.360107,2901890000
2017-10-18,2562.870117,2564.110107,2559.669922,2561.26001,2999320000
2017-10-19,2553.389893,2562.360107,2547.919922,2562.100098,3019520000
2017-10-20,2567.560059,2575.439941,2567.560059,2575.209961,3394450000
2017-10-23,2578.080078,2578.290039,2564.330078,2564.97998,3214470000
2017-10-24,2568.659912,2572.179932,2565.580078,2569.129883,3435660000
2017-10-25,2566.52002,2567.399902,2544.0,2557.149902,3885470000
2017-10-26,2560.080078,2567.070068,2559.800049,2560.399902,3891750000
2017-10-27,2570.26001,2582.97998,2565.939941,2581.070068,3896100000
2017-10-30,2577.75,2580.030029,2568.25,2572.830078,3660230000
2017-10-31,2575.98999,2578.290039,2572.149902,2575.26001,3844420000
2017-11-01,2583.209961,2588.399902,2574.919922,2579.360107,3841200000
2017-11-02,2579.459961,2581.110107,2566.169922,2579.850098,4050140000
2017-11-03,2581.929932,2588.419922,2576.77002,2587.840088,3568710000
2017-11-06,2587.469971,2593.379883,2585.659912,2591.129883,3541970000
2017-11-07,2592.110107,2597.02002,2584.350098,2590.639893,3815190000
2017-11-08,2588.709961,2595.469971,2585.02002,2594.379883,3898450000
2017-11-09,2584.0,2586.5,2566.330078,2584.620117,3844100000
2017-11-10,2580.179932,2583.810059,2575.570068,2582.300049,3489740000
2017-11-13,2576.530029,2587.659912,2574.47998,2584.840088,3405200000
2017-11-14,2577.75,2579.659912,2566.560059,2578.870117,3643580000
2017-11-15,2569.449951,2572.840088,2557.449951,2564.620117,3586590000
2017-11-16,2572.949951,2590.090088,2572.949951,2585.639893,3329730000
2017-11-17,2582.939941,2583.959961,2577.620117,2578.850098,3309800000
2017-11-20,2579.48999,2584.639893,2578.23999,2582.139893,3023940000
2017-11-21,2589.169922,2601.189941,2589.169922,2599.030029,3351230000
2017-11-22,2600.310059,2600.939941,2595.22998,2597.080078,2764110000
2017-11-24,2600.419922,2604.209961,2600.419922,2602.419922,1385890000
2017-11-27,2602.659912,2606.409912,2598.870117,2601.419922,3017720000
2017-11-28,2605.939941,2627.689941,2605.439941,2627.040039,3493340000
2017-11-29,2627.820068,2634.889893,2620.320068,2626.070068,4090630000
2017-11-30,2633.929932,2657.73999,2633.929932,2647.580078,4965700000
2017-12-01,2645.100098,2650.620117,2605.52002,2642.219971,3950930000
2017-12-04,2657.189941,2665.189941,2639.030029,2639.439941,4025840000
2017-12-05,2639.780029,2648.719971,2627.72998,2629.570068,3547570000
2017-12-06,2626.23999,2634.409912,2624.75,2629.27002,3253080000
2017-12-07,2628.379883,2640.98999,2626.530029,2636.97998,3297060000
2017-12-08,2646.209961,2651.649902,2644.100098,2651.5,3126750000
2017-12-11,2652.189941,2660.330078,2651.469971,2659.98999,3141480000
2017-12-12,2661.72998,2669.719971,2659.780029,2664.110107,3568910000
2017-12-13,2667.590088,2671.879883,2662.850098,2662.850098,3568360000
2017-12-14,2665.870117,2668.090088,2652.01001,2652.01001,3442760000
2017-12-15,2660.629883,2679.629883,2659.139893,2675.810059,5736910000
2017-12-18,2685.919922,2694.969971,2685.919922,2690.159912,3727770000
2017-12-19,2692.709961,2694.439941,2680.73999,2681.469971,3407680000
2017-12-20,2688.179932,2691.01001,2676.110107,2679.25,3246230000
2017-12-21,2683.02002,2692.639893,2682.399902,2684.570068,3293130000
2017-12-22,2684.219971,2685.350098,2678.129883,2683.340088,2401030000
2017-12-26,2679.090088,2682.73999,2677.959961,2680.5,1970660000
2017-12-27,2682.100098,2685.639893,2678.909912,2682.620117,2202900000
2017-12-28,2686.100098,2687.659912,2682.689941,2687.540039,2174890000
2017-12-29,2689.149902,2692.120117,2673.610107,2673.610107,2447760000
2018-01-02,2683.72998,2695.889893,2682.360107,2695.810059,3397430000
2018-01-03,2697.850098,2714.370117,2697.77002,2713.060059,3544030000
2018-01-04,2719.310059,2729.290039,2719.070068,2723.98999,3697340000
2018-01-05,2731.330078,2743.449951,2727.919922,2743.149902,3239280000
2018-01-08,2742.669922,2748.51001,2737.600098,2747.709961,3246160000
2018-01-09,2751.149902,2759.139893,2747.860107,2751.290039,3467460000
2018-01-10,2745.550049,2750.800049,2736.060059,2748.22998,3579900000
2018-01-11,2752.969971,2767.560059,2752.780029,2767.560059,3645690000
2018-01-12,2770.179932,2787.850098,2769.639893,2786.23999,3587220000
2018-01-16,2798.959961,2807.540039,2768.639893,2776.419922,4362880000
2018-01-17,2784.98999,2807.040039,2778.379883,2802.560059,3790340000
2018-01-18,2802.399902,2805.830078,2792.560059,2798.030029,3703300000
2018-01-19,2802.600098,2810.330078,2798.080078,2810.300049,3724230000
2018-01-22,2809.159912,2833.030029,2808.120117,2832.969971,3489480000
2018-01-23,2835.050049,2842.23999,2830.590088,2839.129883,3541140000
2018-01-24,2845.419922,2852.969971,2824.810059,2837.540039,4079270000
2018-01-25,2846.23999,2848.560059,2830.939941,2839.25,3873100000
2018-01-26,2847.47998,2872.870117,2846.179932,2872.870117,3474680000
2018-01-29,2867.22998,2870.620117,2851.47998,2853.530029,3587420000
2018-01-30,2832.73999,2837.75,2818.27002,2822.429932,4012070000
2018-01-31,2832.409912,2839.26001,2813.040039,2823.810059,4276270000
2018-02-01,2816.449951,2835.959961,2812.699951,2821.97998,3977380000
2018-02-02,2808.919922,2808.919922,2759.969971,2762.129883,4340220000
2018-02-05,2741.060059,2763.389893,2638.169922,2648.939941,5310840000
2018-02-06,2614.780029,2701.040039,2593.070068,2695.139893,5917350000
2018-02-07,2690.949951,2727.669922,2681.330078,2681.659912,4646300000
2018-02-08,2685.01001,2685.27002,2580.560059,2581.0,5333840000
2018-02-09,2601.780029,2638.669922,2532.689941,2619.550049,5690110000
2018-02-12,2636.75,2672.610107,2622.449951,2656.0,4069220000
2018-02-13,2646.27002,2668.840088,2637.080078,2662.939941,3503540000
2018-02-14,2651.209961,2702.100098,2648.870117,2698.629883,4011940000
2018-02-15,2713.459961,2731.51001,2689.820068,2731.199951,3696140000
2018-02-16,2727.139893,2754.419922,2725.110107,2732.219971,3646920000
2018-02-20,2722.98999,2737.600098,2706.76001,2716.26001,3646920000
2018-02-21,2720.530029,2747.75,2701.290039,2701.330078,3789040000
2018-02-22,2710.419922,2731.26001,2697.77002,2703.959961,3720620000
2018-02-23,2715.800049,2747.76001,2713.73999,2747.300049,3200360000
2018-02-26,2757.370117,2780.639893,2753.780029,2779.600098,3436590000
2018-02-27,2780.449951,2789.149902,2744.219971,2744.280029,3752070000
2018-02-28,2753.780029,2761.52002,2713.540039,2713.830078,4244570000
2018-03-01,2715.219971,2730.889893,2659.649902,2677.669922,4514490000
2018-03-02,2658.889893,2696.25,2647.320068,2691.25,3891250000
2018-03-05,2681.060059,2728.090088,2675.75,2720.939941,3733640000
2018-03-06,2730.179932,2732.080078,2711.26001,2728.120117,3389030000
2018-03-07,2710.179932,2730.600098,2701.73999,2726.800049,3406690000
2018-03-08,2732.75,2740.449951,2722.649902,2738.969971,3206040000
2018-03-09,2752.909912,2786.570068,2751.540039,2786.570068,3376870000
2018-03-12,2790.540039,2796.97998,2779.26001,2783.02002,3216960000
2018-03-13,2792.310059,2801.899902,2758.679932,2765.310059,3324290000
2018-03-14,2774.060059,2777.110107,2744.379883,2749.47998,3394630000
2018-03-15,2754.27002,2763.030029,2741.469971,2747.330078,3543710000
2018-03-16,2750.570068,2761.850098,2749.969971,2752.01001,5429140000
2018-03-19,2741.379883,2741.379883,2694.590088,2712.919922,3327460000
2018-03-20,2715.050049,2724.219971,2710.050049,2716.939941,3272590000
2018-03-21,2714.98999,2739.139893,2709.790039,2711.929932,3434780000
2018-03-22,2691.360107,2695.679932,2641.590088,2643.689941,3765460000
2018-03-23,2646.709961,2657.669922,2585.889893,2588.26001,3829380000
2018-03-26,2619.350098,2661.360107,2601.810059,2658.550049,3538080000
2018-03-27,2667.570068,2674.780029,2596.120117,2612.620117,3761320000
2018-03-28,2611.300049,2632.649902,2593.060059,2605.0,3875720000
2018-03-29,2614.409912,2659.070068,2609.719971,2640.870117,3572360000
2018-04-02,2633.449951,2638.300049,2553.800049,2581.879883,3635780000
2018-04-03,2592.169922,2619.139893,2575.48999,2614.449951,3395840000
2018-04-04,2584.040039,2649.860107,2573.610107,2644.689941,3369230000
2018-04-05,2657.360107,2672.080078,2649.580078,2662.840088,3230430000
2018-04-06,2645.820068,2656.879883,2586.27002,2604.469971,3312390000
2018-04-09,2617.179932,2653.550049,2610.790039,2613.159912,3076140000
2018-04-10,2638.409912,2665.449951,2635.780029,2656.870117,3579130000
2018-04-11,2643.889893,2661.429932,2639.25,2642.189941,3054520000
2018-04-12,2653.830078,2674.719971,2653.830078,2663.98999,3045330000
2018-04-13,2676.899902,2680.26001,2645.050049,2656.300049,2988540000
2018-04-16,2670.100098,2686.48999,2665.159912,2677.840088,3020740000
2018-04-17,2692.73999,2713.340088,2692.050049,2706.389893,3286190000
2018-04-18,2710.110107,2717.48999,2703.629883,2708.639893,3412030000
2018-04-19,2701.159912,2702.840088,2681.899902,2693.129883,3375120000
2018-04-20,2692.560059,2693.939941,2660.610107,2670.139893,3428260000
2018-04-23,2675.399902,2682.860107,2657.98999,2670.290039,3030390000
2018-04-24,2680.800049,2683.550049,2617.320068,2634.560059,3716020000
2018-04-25,2634.919922,2645.300049,2612.669922,2639.399902,3563680000
2018-04-26,2651.649902,2676.47998,2647.159912,2666.939941,3690920000
2018-04-27,2675.469971,2677.350098,2659.01001,2669.909912,3234510000
2018-04-30,2682.51001,2682.870117,2648.040039,2648.050049,3749510000
2018-05-01,2642.959961,2655.27002,2625.409912,2654.800049,3562820000
2018-05-02,2654.23999,2660.870117,2631.699951,2635.669922,4047020000
2018-05-03,2628.080078,2637.139893,2594.620117,2629.72998,3867530000
2018-05-04,2621.449951,2670.929932,2615.320068,2663.419922,3335260000
2018-05-07,2680.340088,2683.350098,2664.699951,2672.629883,3266810000
2018-05-08,2670.26001,2676.340088,2655.199951,2671.919922,3745100000
2018-05-09,2678.120117,2701.27002,2674.139893,2697.790039,3913650000
2018-05-10,2705.02002,2726.110107,2704.540039,2723.070068,3380640000
2018-05-11,2722.699951,2732.860107,2717.449951,2727.719971,2874850000
2018-05-14,2738.469971,2742.100098,2725.469971,2730.129883,2994360000
2018-05-15,2718.590088,2718.590088,2701.909912,2711.449951,3291190000
2018-05-16,2712.620117,2727.76001,2712.169922,2722.459961,3248480000
2018-05-17,2719.709961,2731.959961,2711.360107,2720.129883,3478150000
2018-05-18,2717.350098,2719.5,2709.179932,2712.969971,3383270000
2018-05-21,2735.389893,2739.189941,2725.699951,2733.01001,3053480000
2018-05-22,2738.340088,2742.23999,2721.879883,2724.439941,3384140000
2018-05-23,2713.97998,2733.330078,2709.540039,2733.290039,3333160000
2018-05-24,2730.939941,2731.969971,2707.379883,2727.76001,3285750000
2018-05-25,2723.600098,2727.360107,2714.98999,2721.330078,3015260000
2018-05-29,2705.110107,2710.669922,2676.810059,2689.860107,3743310000
2018-05-30,2702.429932,2729.340088,2702.429932,2724.01001,3566490000
2018-05-31,2720.97998,2722.5,2700.679932,2705.27002,4241100000
2018-06-01,2718.699951,2736.929932,2718.699951,2734.620117,3694310000
2018-06-04,2741.669922,2749.159912,2740.540039,2746.870117,3410090000
2018-06-05,2748.459961,2752.610107,2739.51001,2748.800049,3523550000
2018-06-06,2753.25,2772.389893,2748.459961,2772.350098,3662780000
2018-06-07,2774.840088,2779.899902,2760.159912,2770.370117,3742080000
2018-06-08,2765.840088,2779.389893,2763.590088,2779.030029,3138850000
2018-06-11,2780.179932,2790.209961,2780.169922,2782.0,3262130000
2018-06-12,2785.600098,2789.800049,2778.780029,2786.850098,3435700000
2018-06-13,2787.939941,2791.469971,2774.649902,2775.629883,3820770000
2018-06-14,2783.209961,2789.060059,2776.52002,2782.48999,3540930000
2018-06-15,2777.780029,2782.810059,2761.72998,2779.659912,5451990000
2018-06-18,2765.790039,2774.98999,2757.120117,2773.75,3316120000
2018-06-19,2752.01001,2765.050049,2743.189941,2762.590088,3671160000
2018-06-20,2769.72998,2774.860107,2763.909912,2767.320068,3332140000
2018-06-21,2769.280029,2769.280029,2744.389893,2749.76001,3336580000
2018-06-22,2760.790039,2764.169922,2752.679932,2754.879883,5468110000
2018-06-25,2742.939941,2742.939941,2698.669922,2717.070068,3663280000
2018-06-26,2722.120117,2732.909912,2715.600098,2723.060059,3568900000
2018-06-27,2728.449951,2746.090088,2699.379883,2699.629883,3803990000
2018-06-28,2698.689941,2724.340088,2691.98999,2716.310059,3461100000
2018-06-29,2727.129883,2743.26001,2718.030029,2718.370117,3586800000
2018-07-02,2704.949951,2727.26001,2698.949951,2726.709961,3095040000
2018-07-03,2733.27002,2736.580078,2711.159912,2713.219971,1911460000
2018-07-05,2724.189941,2737.830078,2716.02002,2736.610107,2980160000
2018-07-06,2737.679932,2764.409912,2733.52002,2759.820068,2590250000
2018-07-09,2775.620117,2784.649902,2770.72998,2784.169922,3070060000
2018-07-10,2788.560059,2795.580078,2786.23999,2793.840088,3080140000
2018-07-11,2779.820068,2785.909912,2770.77002,2774.02002,2986180000
2018-07-12,2783.139893,2799.219971,2781.530029,2798.290039,2834230000
2018-07-13,2796.929932,2804.530029,2791.689941,2801.310059,2619790000
2018-07-16,2797.360107,2801.189941,2793.389893,2798.429932,2819860000
2018-07-17,2789.340088,2814.189941,2789.23999,2809.550049,3064920000
2018-07-18,2811.350098,2816.76001,2805.889893,2815.620117,3111560000
2018-07-19,2809.370117,2812.050049,2799.77002,2804.48999,3278360000
2018-07-20,2804.550049,2809.699951,2800.01001,2801.830078,3243250000
2018-07-23,2799.169922,2808.610107,2795.139893,2806.97998,2928490000
2018-07-24,2820.679932,2829.98999,2811.120117,2820.399902,3430410000
2018-07-25,2817.72998,2848.030029,2817.72998,2846.070068,3584400000
2018-07-26,2835.48999,2845.570068,2835.26001,2837.439941,3667290000
2018-07-27,2842.350098,2843.169922,2808.340088,2818.820068,3434370000
2018-07-30,2819.0,2821.73999,2798.110107,2802.600098,3261190000
2018-07-31,2809.72998,2824.459961,2808.060059,2816.290039,3906890000
2018-08-01,2821.169922,2825.830078,2805.850098,2813.360107,3501350000
2018-08-02,2800.47998,2829.909912,2796.340088,2827.219971,3501380000
2018-08-03,2829.620117,2840.379883,2827.370117,2840.350098,3043690000
2018-08-06,2840.290039,2853.290039,2835.97998,2850.399902,2879020000
2018-08-07,2855.919922,2863.429932,2855.919922,2858.449951,3185440000
2018-08-08,2856.790039,2862.439941,2853.090088,2857.699951,2978070000
2018-08-09,2857.189941,2862.47998,2851.97998,2853.580078,3066180000
2018-08-10,2838.899902,2842.199951,2825.810059,2833.280029,3265590000
2018-08-13,2835.459961,2843.399902,2819.879883,2821.929932,3173630000
2018-08-14,2827.879883,2843.110107,2826.580078,2839.959961,2986500000
2018-08-15,2827.949951,2827.949951,2802.48999,2818.370117,3656680000
2018-08-16,2831.439941,2850.48999,2831.439941,2840.689941,3232000000
2018-08-17,2838.320068,2855.629883,2833.72998,2850.129883,3037640000
2018-08-20,2853.929932,2859.76001,2850.620117,2857.050049,2757150000
2018-08-21,2861.51001,2873.22998,2861.320068,2862.959961,3174010000
2018-08-22,2860.98999,2867.540039,2856.050049,2861.820068,2701250000
2018-08-23,2860.290039,2868.780029,2854.030029,2856.97998,2724450000
2018-08-24,2862.350098,2876.159912,2862.350098,2874.689941,2603010000
2018-08-27,2884.689941,2898.25,2884.689941,2896.73999,2865070000
2018-08-28,2901.449951,2903.77002,2893.5,2897.52002,2687770000
2018-08-29,2900.620117,2916.5,2898.399902,2914.040039,2805520000
2018-08-30,2908.939941,2912.459961,2895.219971,2901.129883,2810450000
2018-08-31,2898.370117,2906.320068,2891.72998,2901.52002,2887220000
2018-09-04,2896.959961,2900.179932,2885.129883,2896.719971,3087420000
2018-09-05,2891.590088,2894.209961,2876.919922,2888.600098,3248780000
2018-09-06,2888.639893,2892.050049,2867.290039,2878.050049,3144240000
2018-09-07,2868.26001,2883.810059,2864.120117,2871.679932,2976580000
2018-09-10,2881.389893,2886.929932,2875.939941,2877.129883,2751100000
2018-09-11,2871.570068,2892.52002,2866.780029,2887.889893,2904500000
2018-09-12,2888.290039,2894.649902,2879.199951,2888.919922,3341280000
2018-09-13,2896.850098,2906.76001,2896.389893,2904.179932,3274090000
2018-09-14,2906.379883,2908.300049,2895.77002,2904.97998,3179410000
2018-09-17,2903.830078,2904.649902,2886.159912,2888.800049,2967980000
2018-09-18,2890.73999,2911.169922,2890.429932,2904.310059,3091190000
2018-09-19,2906.600098,2912.360107,2903.820068,2907.949951,3302460000
2018-09-20,2919.72998,2934.800049,2919.72998,2930.75,3406520000
2018-09-21,2936.76001,2940.909912,2927.110107,2929.669922,5652470000
2018-09-24,2921.830078,2923.790039,2912.629883,2919.370117,3392030000
2018-09-25,2921.75,2923.949951,2913.699951,2915.560059,3330880000
2018-09-26,2916.97998,2931.149902,2903.280029,2905.969971,3417540000
2018-09-27,2911.649902,2927.219971,2909.27002,2914.0,3101360000
2018-09-28,2910.030029,2920.530029,2907.5,2913.97998,3461680000
2018-10-01,2926.290039,2937.060059,2917.909912,2924.590088,3375890000
2018-10-02,2923.800049,2931.419922,2919.370117,2923.429932,3432620000
2018-10-03,2931.689941,2939.860107,2921.360107,2925.51001,3625510000
2018-10-04,2919.350098,2919.780029,2883.919922,2901.610107,3510370000
2018-10-05,2902.540039,2909.639893,2869.290039,2885.570068,3340820000
2018-10-08,2877.530029,2889.449951,2862.080078,2884.429932,3381820000
2018-10-09,2882.51001,2894.830078,2874.27002,2880.340088,3531690000
2018-10-10,2873.899902,2874.02002,2784.860107,2785.679932,4554260000
2018-10-11,2776.870117,2795.139893,2710.51001,2728.370117,4914090000
2018-10-12,2770.540039,2775.77002,2729.439941,2767.129883,4024010000
2018-10-15,2763.830078,2775.98999,2749.030029,2750.790039,3327160000
2018-10-16,2767.050049,2813.459961,2766.909912,2809.919922,3460260000
2018-10-17,2811.669922,2816.939941,2781.810059,2809.209961,3347090000
2018-10-18,2802.0,2806.040039,2755.179932,2768.780029,3639300000
2018-10-19,2775.659912,2797.77002,2760.27002,2767.780029,3593940000
2018-10-22,2773.939941,2778.939941,2749.219971,2755.879883,3331270000
2018-10-23,2721.030029,2753.590088,2691.429932,2740.689941,4373710000
2018-10-24,2737.870117,2742.590088,2651.889893,2656.100098,4738670000
2018-10-25,2674.879883,2722.699951,2667.840088,2705.570068,4663930000
2018-10-26,2667.860107,2692.379883,2628.159912,2658.689941,4804330000
2018-10-29,2682.649902,2706.850098,2603.540039,2641.25,4701260000
2018-10-30,2640.679932,2685.429932,2635.340088,2682.629883,5125600000
2018-10-31,2705.600098,2736.689941,2705.600098,2711.73999,5133380000
2018-11-01,2717.580078,2741.669922,2708.850098,2740.370117,4730250000
2018-11-02,2745.449951,2756.550049,2700.439941,2723.060059,4261230000
2018-11-05,2726.370117,2744.27002,2717.939941,2738.310059,3650910000
2018-11-06,2738.399902,2756.820068,2737.080078,2755.449951,3543800000
2018-11-07,2774.129883,2815.149902,2774.129883,2813.889893,3929080000
2018-11-08,2806.379883,2814.75,2794.98999,2806.830078,3673550000
2018-11-09,2794.100098,2794.100098,2764.23999,2781.01001,4029030000
2018-11-12,2773.929932,2775.98999,2722.0,2726.219971,3701570000
2018-11-13,2730.050049,2754.600098,2714.97998,2722.179932,4112820000
2018-11-14,2737.899902,2746.800049,2685.75,2701.580078,4449060000
2018-11-15,2693.52002,2735.379883,2670.75,2730.199951,4204960000
2018-11-16,2718.540039,2746.75,2712.159912,2736.27002,3996970000
2018-11-19,2730.73999,2733.159912,2681.090088,2690.72998,3806940000
2018-11-20,2654.600098,2669.439941,2631.52002,2641.889893,4370820000
2018-11-21,2657.73999,2670.72998,2649.820068,2649.929932,3237400000
2018-11-23,2633.360107,2647.550049,2631.090088,2632.560059,1651680000
2018-11-26,2649.969971,2674.350098,2649.969971,2673.449951,3523520000
2018-11-27,2663.75,2682.530029,2655.889893,2682.169922,3494380000
2018-11-28,2691.449951,2744.0,2684.379883,2743.790039,3984540000
2018-11-29,2736.969971,2753.75,2722.939941,2737.800049,3599200000
2018-11-30,2737.76001,2760.879883,2732.76001,2760.169922,4668310000
2018-12-03,2790.5,2800.179932,2773.379883,2790.370117,4221580000
2018-12-04,2782.429932,2785.929932,2697.179932,2700.060059,4515710000
2018-12-06,2663.51001,2696.149902,2621.530029,2695.949951,5180430000
2018-12-07,2691.26001,2708.540039,2623.139893,2633.080078,4242240000
2018-12-10,2630.860107,2647.51001,2583.22998,2637.719971,4162880000
2018-12-11,2664.439941,2674.350098,2621.300049,2636.780029,3963440000
2018-12-12,2658.22998,2685.439941,2650.26001,2651.070068,4029300000
2018-12-13,2658.699951,2670.189941,2637.27002,2650.540039,3978340000
2018-12-14,2629.679932,2635.070068,2593.840088,2599.949951,4064370000
2018-12-17,2590.75,2601.129883,2530.540039,2545.939941,4661420000
2018-12-18,2559.899902,2573.98999,2528.709961,2546.159912,4519190000
2018-12-19,2547.050049,2585.290039,2488.959961,2506.959961,5152830000
2018-12-20,2496.77002,2509.629883,2441.179932,2467.419922,5619780000
2018-12-21,2465.379883,2504.409912,2408.550049,2416.620117,7657890000
2018-12-24,2400.560059,2410.340088,2351.100098,2351.100098,2613670000
2018-12-26,2363.120117,2467.76001,2346.580078,2467.699951,4249740000
2018-12-27,2442.5,2489.100098,2397.939941,2488.830078,4139010000
2018-12-28,2498.77002,2520.27002,2472.889893,2485.73999,3728440000
2018-12-31,2498.939941,2509.23999,2482.820068,2506.850098,3461920000
2019-01-02,2476.959961,2519.48999,2467.469971,2510.030029,3733160000
2019-01-03,2491.919922,2493.139893,2443.959961,2447.889893,3858830000
2019-01-04,2474.330078,2538.070068,2474.330078,2531.939941,4234140000
2019-01-07,2535.610107,2566.159912,2524.560059,2549.689941,4133120000
2019-01-08,2568.110107,2579.820068,2547.560059,2574.409912,4120060000
2019-01-09,2580.0,2595.320068,2568.889893,2584.959961,4088740000
2019-01-10,2573.51001,2597.820068,2562.02002,2596.639893,3721300000
2019-01-11,2588.110107,2596.27002,2577.399902,2596.26001,3447460000
2019-01-14,2580.310059,2589.320068,2570.409912,2582.610107,3689370000
2019-01-15,2585.100098,2613.080078,2585.100098,2610.300049,3601180000
2019-01-16,2614.75,2625.76001,2612.679932,2616.100098,3882180000
2019-01-17,2609.280029,2645.060059,2606.360107,2635.959961,3802410000
2019-01-18,2651.27002,2675.469971,2647.580078,2670.709961,4009010000
2019-01-22,2657.879883,2657.879883,2617.27002,2632.899902,3923950000
2019-01-23,2643.47998,2653.189941,2612.860107,2638.699951,3358770000
2019-01-24,2638.840088,2647.199951,2627.01001,2642.330078,3449230000
2019-01-25,2657.439941,2672.379883,2657.330078,2664.76001,3821000000
2019-01-28,2644.969971,2644.969971,2624.060059,2643.850098,3630820000
2019-01-29,2644.889893,2650.929932,2631.050049,2640.0,3518070000
2019-01-30,2653.620117,2690.439941,2648.340088,2681.050049,3883270000
2019-01-31,2685.48999,2708.949951,2678.649902,2704.100098,4953800000
2019-02-01,2702.320068,2716.659912,2696.879883,2706.530029,3782490000
2019-02-04,2706.48999,2724.98999,2698.75,2724.870117,3369450000
2019-02-05,2728.340088,2738.97998,2724.030029,2737.699951,3597620000
2019-02-06,2735.050049,2738.080078,2724.149902,2731.610107,3486590000
2019-02-07,2717.530029,2719.320068,2687.26001,2706.050049,4114040000
2019-02-08,2692.360107,2708.070068,2681.830078,2707.879883,3649510000
2019-02-11,2712.399902,2718.050049,2703.790039,2709.800049,3395330000
2019-02-12,2722.610107,2748.189941,2722.610107,2744.72998,3843020000
2019-02-13,2750.300049,2761.850098,2748.629883,2753.030029,3684910000
2019-02-14,2743.5,2757.899902,2731.22998,2745.72998,3845390000
2019-02-15,2760.23999,2775.659912,2760.23999,2775.600098,3648680000
2019-02-19,2769.280029,2787.330078,2767.290039,2779.76001,3535270000
2019-02-20,2779.050049,2789.879883,2774.060059,2784.699951,3904830000
2019-02-21,2780.23999,2781.580078,2764.550049,2774.879883,3598260000
2019-02-22,2780.669922,2794.199951,2779.110107,2792.669922,3429350000
2019-02-25,2804.350098,2813.48999,2794.98999,2796.110107,3860260000
2019-02-26,2792.360107,2803.120117,2789.469971,2793.899902,3676200000
2019-02-27,2787.5,2795.76001,2775.129883,2792.379883,3771790000
2019-02-28,2788.110107,2793.72998,2782.51001,2784.48999,4445780000
2019-03-01,2798.219971,2808.02002,2787.379883,2803.689941,3994950000
2019-03-04,2814.370117,2816.879883,2767.659912,2792.810059,3949730000
2019-03-05,2794.409912,2796.439941,2782.969971,2789.649902,3631380000
2019-03-06,2790.27002,2790.27002,2768.689941,2771.449951,3800180000
2019-03-07,2766.530029,2767.25,2739.090088,2748.929932,3932150000
2019-03-08,2730.790039,2744.129883,2722.27002,2743.070068,3424300000
2019-03-11,2747.610107,2784.0,2747.610107,2783.300049,3764850000
2019-03-12,2787.340088,2798.320068,2786.72998,2791.52002,3432340000
2019-03-13,2799.780029,2821.23999,2799.780029,2810.919922,3782250000
2019-03-14,2810.379883,2815.0,2803.459961,2808.47998,3505670000
2019-03-15,2810.790039,2830.72998,2810.790039,2822.47998,5969780000
2019-03-18,2822.610107,2835.409912,2821.98999,2832.939941,3620770000
2019-03-19,2840.76001,2852.419922,2823.27002,2832.570068,3650740000
2019-03-20,2831.340088,2843.540039,2812.429932,2824.22998,3779160000
2019-03-21,2819.719971,2860.310059,2817.379883,2854.879883,3612620000
2019-03-22,2844.52002,2846.159912,2800.469971,2800.709961,4253730000
2019-03-25,2796.01001,2809.790039,2785.02002,2798.360107,3406110000
2019-03-26,2812.659912,2829.870117,2803.98999,2818.459961,3288570000
2019-03-27,2819.719971,2825.560059,2787.719971,2805.370117,3422400000
2019-03-28,2809.399902,2819.709961,2798.77002,2815.439941,3185460000
2019-03-29,2828.27002,2836.030029,2819.22998,2834.399902,3752520000
2019-04-01,2848.629883,2869.399902,2848.629883,2867.189941,3560090000
2019-04-02,2868.23999,2872.899902,2858.75,2867.23999,3267210000
2019-04-03,2876.090088,2885.25,2865.169922,2873.399902,3570000000
2019-04-04,2873.98999,2881.280029,2867.139893,2879.389893,3038740000
2019-04-05,2884.159912,2893.23999,2882.98999,2892.73999,3155970000
2019-04-08,2888.459961,2895.949951,2880.780029,2895.77002,3056460000
2019-04-09,2886.580078,2886.879883,2873.330078,2878.199951,3032480000
2019-04-10,2881.370117,2889.709961,2879.129883,2888.209961,3092230000
2019-04-11,2891.919922,2893.419922,2881.98999,2888.320068,2970650000
2019-04-12,2900.860107,2910.540039,2898.370117,2907.409912,3726050000
2019-04-15,2908.320068,2909.600098,2896.47998,2905.580078,3114530000
2019-04-16,2912.26001,2916.060059,2900.709961,2907.060059,3403120000
2019-04-17,2916.040039,2918.0,2895.449951,2900.449951,3648100000
2019-04-18,2904.810059,2908.399902,2891.899902,2905.030029,3507100000
2019-04-22,2898.780029,2909.51001,2896.350098,2907.969971,3010130000
2019-04-23,2909.98999,2936.310059,2908.530029,2933.679932,3674480000
2019-04-24,2934.0,2936.830078,2926.050049,2927.25,3468480000
2019-04-25,2928.98999,2933.100098,2912.840088,2926.169922,3440010000
2019-04-26,2925.810059,2939.879883,2917.560059,2939.879883,3264390000
2019-04-29,2940.580078,2949.52002,2939.350098,2943.030029,3150390000
2019-04-30,2937.139893,2948.219971,2924.110107,2945.830078,3939760000
2019-05-01,2952.330078,2954.129883,2923.360107,2923.72998,3669330000
2019-05-02,2922.159912,2931.679932,2900.5,2917.52002,3802290000
2019-05-03,2929.209961,2947.850098,2929.209961,2945.639893,3357180000
2019-05-06,2908.889893,2937.320068,2898.209961,2932.469971,3203260000
2019-05-07,2913.030029,2913.030029,2862.600098,2884.050049,3793060000
2019-05-08,2879.610107,2897.959961,2873.280029,2879.419922,3543110000
2019-05-09,2859.840088,2875.969971,2836.399902,2870.719971,3659050000
2019-05-10,2863.100098,2891.310059,2825.389893,2881.399902,3566780000
2019-05-13,2840.189941,2840.189941,2801.429932,2811.870117,3900270000
2019-05-14,2820.120117,2852.540039,2820.120117,2834.409912,3354860000
2019-05-15,2820.379883,2858.679932,2815.080078,2850.959961,3140900000
2019-05-16,2855.800049,2892.149902,2855.800049,2876.320068,3338470000
2019-05-17,2858.600098,2885.47998,2854.22998,2859.530029,3316040000
2019-05-20,2841.939941,2853.860107,2831.290039,2840.22998,3293750000
2019-05-21,2854.02002,2868.879883,2854.02002,2864.360107,3223050000
2019-05-22,2856.060059,2865.469971,2851.110107,2856.27002,3194000000
2019-05-23,2836.699951,2836.699951,2805.48999,2822.23999,3899320000
2019-05-24,2832.409912,2841.360107,2820.189941,2826.060059,2889230000
2019-05-28,2830.030029,2840.51001,2801.580078,2802.389893,4146980000
2019-05-29,2790.25,2792.030029,2766.060059,2783.02002,3701110000
2019-05-30,2786.939941,2799.0,2776.73999,2788.860107,3276030000
2019-05-31,2766.149902,2768.97998,2750.52002,2752.060059,3982670000
2019-06-03,2751.530029,2763.070068,2728.810059,2744.449951,3952360000
2019-06-04,2762.639893,2804.48999,2762.639893,2803.27002,3814130000
2019-06-05,2818.090088,2827.280029,2800.919922,2826.149902,3570760000
2019-06-06,2828.51001,2852.100098,2822.449951,2843.48999,3445140000
2019-06-07,2852.870117,2884.969971,2852.870117,2873.340088,3244380000
2019-06-10,2885.830078,2904.77002,2885.51001,2886.72998,3209890000
2019-06-11,2903.27002,2910.610107,2878.530029,2885.719971,3551000000
2019-06-12,2882.72998,2888.570068,2874.679932,2879.840088,3039870000
2019-06-13,2886.23999,2895.23999,2881.98999,2891.639893,3100640000
2019-06-14,2886.820068,2894.449951,2879.620117,2886.97998,2992810000
2019-06-17,2889.75,2897.27002,2887.300049,2889.669922,2828400000
2019-06-18,2906.709961,2930.790039,2905.439941,2917.75,3441540000
2019-06-19,2920.550049,2931.73999,2911.429932,2926.459961,3300220000
2019-06-20,2949.600098,2958.060059,2931.5,2954.179932,3943060000
2019-06-21,2952.709961,2964.149902,2946.870117,2950.459961,5003540000
2019-06-24,2951.419922,2954.919922,2944.050049,2945.350098,3136960000
2019-06-25,2945.780029,2946.52002,2916.01001,2917.379883,3579430000
2019-06-26,2926.070068,2932.590088,2912.98999,2913.780029,3511350000
2019-06-27,2919.659912,2929.300049,2918.570068,2924.919922,3162500000
2019-06-28,2932.939941,2943.97998,2929.050049,2941.76001,5422650000
2019-07-01,2971.409912,2977.929932,2952.219971,2964.330078,3524860000
2019-07-02,2964.659912,2973.209961,2955.919922,2973.01001,3224490000
2019-07-03,2978.080078,2995.840088,2977.959961,2995.820068,1963570000
2019-07-05,2984.25,2994.030029,2967.969971,2990.409912,2434680000
2019-07-08,2979.77002,2980.76001,2970.090088,2975.949951,2922360000
2019-07-09,2965.52002,2981.899902,2963.439941,2979.629883,3033330000
2019-07-10,2989.300049,3002.97998,2984.620117,2993.070068,3157800000
2019-07-11,2999.620117,3002.330078,2988.800049,2999.909912,3155710000
2019-07-12,3003.360107,3013.919922,3001.870117,3013.77002,2984140000
2019-07-15,3017.800049,3017.800049,3008.77002,3014.300049,2876100000
2019-07-16,3012.129883,3015.02002,3001.149902,3004.040039,3297030000
2019-07-17,3005.100098,3005.26001,2984.25,2984.419922,3185650000
2019-07-18,2978.870117,2998.280029,2973.090088,2995.110107,3369820000
2019-07-19,3004.26001,3006.02002,2975.860107,2976.610107,3285890000
2019-07-22,2981.929932,2990.709961,2976.649902,2985.030029,3016200000
2019-07-23,2994.73999,3005.899902,2988.560059,3005.469971,3333810000
2019-07-24,2998.77002,3019.590088,2996.820068,3019.560059,3433220000
2019-07-25,3016.26001,3016.310059,2997.23999,3003.669922,3657050000
2019-07-26,3013.25,3027.97998,3012.590088,3025.860107,3260170000
2019-07-29,3024.469971,3025.610107,3014.300049,3020.969971,3224490000
2019-07-30,3007.659912,3017.189941,3000.939941,3013.179932,3632770000
2019-07-31,3016.219971,3017.399902,2958.080078,2980.379883,4626330000
2019-08-01,2980.320068,3013.590088,2945.22998,2953.560059,4793810000
2019-08-02,2943.899902,2945.5,2914.110107,2932.050049,3882810000
2019-08-05,2898.070068,2898.070068,2822.120117,2844.73999,4542850000
2019-08-06,2861.179932,2884.399902,2847.419922,2881.77002,4156640000
2019-08-07,2858.649902,2892.169922,2825.709961,2883.97998,4512720000
2019-08-08,2896.209961,2938.719971,2894.469971,2938.090088,4118530000
2019-08-09,2930.51001,2935.75,2900.149902,2918.649902,3356850000
2019-08-12,2907.070068,2907.580078,2873.139893,2882.699951,3328570000
2019-08-13,2880.719971,2943.310059,2877.050049,2926.320068,3857190000
2019-08-14,2894.149902,2894.149902,2839.639893,2840.600098,4325150000
2019-08-15,2846.199951,2856.669922,2825.51001,2847.600098,4041720000
2019-08-16,2864.73999,2893.629883,2864.73999,2888.679932,3524080000
2019-08-19,2913.47998,2931.0,2913.47998,2923.649902,3221050000
2019-08-20,2919.01001,2923.629883,2899.600098,2900.51001,3067710000
2019-08-21,2922.040039,2928.72998,2917.909912,2924.429932,3016540000
2019-08-22,2930.939941,2939.080078,2904.51001,2922.949951,2893660000
2019-08-23,2911.070068,2927.01001,2834.969971,2847.110107,3942520000
2019-08-26,2866.699951,2879.27002,2856.0,2878.379883,2859790000
2019-08-27,2893.139893,2898.790039,2860.590088,2869.159912,3537490000
2019-08-28,2861.280029,2890.030029,2853.050049,2887.939941,3102480000
2019-08-29,2910.370117,2930.5,2905.669922,2924.580078,3177150000
2019-08-30,2937.090088,2940.429932,2913.320068,2926.459961,3009910000
2019-09-03,2909.01001,2914.389893,2891.850098,2906.27002,3427830000
2019-09-04,2924.669922,2938.840088,2921.860107,2937.780029,3167900000
2019-09-05,2960.600098,2985.860107,2960.600098,2976.0,3902600000
2019-09-06,2980.330078,2985.030029,2972.51001,2978.709961,3209340000
2019-09-09,2988.429932,2989.429932,2969.389893,2978.429932,4031120000
2019-09-10,2971.01001,2979.389893,2957.01001,2979.389893,4393040000
2019-09-11,2981.409912,3000.929932,2975.310059,3000.929932,3934370000
2019-09-12,3009.080078,3020.73999,3000.919922,3009.570068,3796990000
2019-09-13,3012.209961,3017.330078,3002.899902,3007.389893,3557010000
2019-09-16,2996.409912,3002.189941,2990.669922,2997.959961,4285860000
2019-09-17,2995.669922,3006.209961,2993.72998,3005.699951,3673250000
2019-09-18,3001.5,3007.830078,2978.570068,3006.72998,3458800000
2019-09-19,3010.360107,3021.98999,3003.159912,3006.790039,3265660000
2019-09-20,3008.419922,3016.370117,2984.679932,2992.070068,6103440000
2019-09-23,2983.5,2999.149902,2982.22998,2991.780029,3187250000
2019-09-24,3002.429932,3007.97998,2957.72998,2966.600098,3872800000
2019-09-25,2968.350098,2989.820068,2952.860107,2984.870117,3331200000
2019-09-26,2985.72998,2987.280029,2963.709961,2977.620117,3084910000
2019-09-27,2985.469971,2987.310059,2945.530029,2961.790039,3246480000
2019-09-30,2967.070068,2983.850098,2967.070068,2976.73999,3249130000
2019-10-01,2983.689941,2992.530029,2938.699951,2940.25,3560750000
2019-10-02,2924.780029,2924.780029,2874.929932,2887.610107,3914180000
2019-10-03,2885.379883,2911.129883,2855.939941,2910.629883,3515130000
2019-10-04,2918.560059,2953.73999,2918.560059,2952.01001,3005600000
2019-10-07,2944.22998,2959.75,2935.679932,2938.790039,2959050000
2019-10-08,2920.399902,2925.469971,2892.659912,2893.060059,3370700000
2019-10-09,2911.100098,2929.320068,2907.409912,2919.399902,2735350000
2019-10-10,2918.550049,2948.459961,2917.120117,2938.129883,3234400000
2019-10-11,2963.070068,2993.280029,2963.070068,2970.27002,3581320000
2019-10-14,2965.810059,2972.840088,2962.939941,2966.149902,2559270000
2019-10-15,2973.610107,3003.280029,2973.610107,2995.679932,3345090000
2019-10-16,2989.679932,2997.540039,2985.199951,2989.689941,3230320000
2019-10-17,3000.77002,3008.290039,2991.790039,2997.949951,3103470000
2019-10-18,2996.840088,3000.0,2976.310059,2986.199951,3268970000
2019-10-21,2996.47998,3007.330078,2995.350098,3006.719971,3271960000
2019-10-22,3010.72998,3014.570068,2995.040039,2995.98999,3527540000
2019-10-23,2994.01001,3004.780029,2991.209961,3004.52002,3413600000
2019-10-24,3014.780029,3016.070068,3000.419922,3010.290039,3696510000
2019-10-25,3003.320068,3027.389893,3001.939941,3022.550049,3379060000
2019-10-28,3032.120117,3044.080078,3032.120117,3039.419922,3524970000
2019-10-29,3035.389893,3047.870117,3034.810059,3036.889893,3594430000
2019-10-30,3039.73999,3050.100098,3025.959961,3046.77002,3779660000
2019-10-31,3046.899902,3046.899902,3023.189941,3037.560059,4149310000
2019-11-01,3050.719971,3066.949951,3050.719971,3066.909912,3956290000
2019-11-04,3078.959961,3085.199951,3074.870117,3078.27002,4178040000
2019-11-05,3080.800049,3083.949951,3072.149902,3074.620117,4490590000
2019-11-06,3075.100098,3078.340088,3065.889893,3076.780029,4465510000
2019-11-07,3087.02002,3097.77002,3080.22998,3085.179932,4151990000
2019-11-08,3081.25,3093.090088,3073.580078,3093.080078,3508160000
2019-11-11,3080.330078,3088.330078,3075.820068,3087.01001,3041120000
2019-11-12,3089.280029,3102.610107,3084.72998,3091.840088,3495560000
2019-11-13,3084.179932,3098.060059,3078.800049,3094.040039,3513720000
2019-11-14,3090.75,3098.199951,3083.26001,3096.629883,3282090000
2019-11-15,3107.919922,3120.459961,3104.600098,3120.459961,3359800000
2019-11-18,3117.909912,3124.169922,3112.060059,3122.030029,3440140000
2019-11-19,3127.449951,3127.639893,3113.469971,3120.179932,3613670000
2019-11-20,3114.659912,3118.969971,3091.409912,3108.459961,4041010000
2019-11-21,3108.48999,3110.110107,3094.550049,3103.540039,3744010000
2019-11-22,3111.409912,3112.870117,3099.26001,3110.290039,3235270000
2019-11-25,3117.439941,3133.830078,3117.439941,3133.639893,3514310000
2019-11-26,3134.850098,3142.689941,3131.0,3140.52002,4600450000
2019-11-27,3145.48999,3154.26001,3143.409912,3153.629883,3035470000
2019-11-29,3147.179932,3150.300049,3139.340088,3140.97998,1743420000
2019-12-02,3143.850098,3144.310059,3110.780029,3113.870117,3285750000
2019-12-03,3087.409912,3094.969971,3070.330078,3093.199951,3671580000
2019-12-04,3103.5,3119.379883,3102.530029,3112.76001,3702980000
2019-12-05,3119.209961,3119.449951,3103.76001,3117.429932,3360480000
2019-12-06,3134.620117,3150.600098,3134.620117,3145.909912,3483310000
2019-12-09,3141.860107,3148.870117,3135.459961,3135.959961,3400470000
2019-12-10,3135.360107,3142.120117,3126.090088,3132.52002,3346310000
2019-12-11,3135.75,3143.97998,3133.209961,3141.629883,3257650000
2019-12-12,3141.22998,3176.280029,3138.469971,3168.570068,4003200000
2019-12-13,3166.649902,3182.679932,3156.51001,3168.800049,3757650000
2019-12-16,3183.629883,3197.709961,3183.629883,3191.449951,4070200000
2019-12-17,3195.399902,3198.219971,3191.030029,3192.52002,3842940000
2019-12-18,3195.209961,3198.47998,3191.139893,3191.139893,4029950000
2019-12-19,3192.320068,3205.47998,3192.320068,3205.370117,3784360000
2019-12-20,3223.330078,3225.649902,3216.030029,3221.219971,6457480000
2019-12-23,3226.050049,3227.780029,3222.300049,3224.01001,3064530000
2019-12-24,3225.449951,3226.429932,3220.51001,3223.379883,1296530000
2019-12-26,3227.199951,3240.080078,3227.199951,3239.909912,2164540000
2019-12-27,3247.22998,3247.929932,3234.370117,3240.02002,2429150000
2019-12-30,3240.090088,3240.919922,3216.570068,3221.290039,3021720000
2019-12-31,3215.179932,3231.719971,3212.030029,3230.780029,2894760000
2020-01-02,3244.669922,3258.139893,3235.530029,3257.850098,3459930000
2020-01-03,3226.360107,3246.149902,3222.340088,3234.850098,3484700000
2020-01-06,3217.550049,3246.840088,3214.639893,3246.280029,3702460000
2020-01-07,3241.860107,3244.909912,3232.429932,3237.179932,3435910000
2020-01-08,3238.590088,3267.070068,3236.669922,3253.050049,3726840000
2020-01-09,3266.030029,3275.580078,3263.669922,3274.699951,3641230000
2020-01-10,3281.810059,3282.98999,3260.860107,3265.350098,3214580000
2020-01-13,3271.129883,3288.129883,3268.429932,3288.129883,3459390000
2020-01-14,3285.350098,3294.25,3277.189941,3283.149902,3687620000
2020-01-15,3282.27002,3298.659912,3280.689941,3289.290039,3721490000
2020-01-16,3302.969971,3317.110107,3302.820068,3316.810059,3540580000
2020-01-17,3323.659912,3329.879883,3318.860107,3329.620117,3726220000
2020-01-21,3321.030029,3329.790039,3316.610107,3320.790039,4104840000
2020-01-22,3330.02002,3337.77002,3320.040039,3321.75,3623780000
2020-01-23,3315.77002,3326.879883,3301.870117,3325.540039,3766710000
2020-01-24,3333.100098,3333.179932,3281.530029,3295.469971,3708780000
2020-01-27,3247.159912,3258.850098,3234.5,3243.629883,3831050000
2020-01-28,3255.350098,3285.780029,3253.219971,3276.23999,3531570000
2020-01-29,3289.459961,3293.469971,3271.889893,3273.399902,3600250000
2020-01-30,3256.449951,3285.909912,3242.800049,3283.659912,3790350000
2020-01-31,3282.330078,3282.330078,3214.679932,3225.52002,4529700000
2020-02-03,3235.659912,3268.439941,3235.659912,3248.919922,3760460000
2020-02-04,3280.610107,3306.919922,3280.610107,3297.590088,3996900000
2020-02-05,3324.909912,3337.580078,3313.75,3334.689941,4121480000
2020-02-06,3344.919922,3347.959961,3334.389893,3345.780029,3887250000
2020-02-07,3335.540039,3341.419922,3322.120117,3327.709961,3733920000
2020-02-10,3318.280029,3352.26001,3317.77002,3352.090088,3462730000
2020-02-11,3365.870117,3375.629883,3352.719971,3357.75,3762940000
2020-02-12,3370.5,3381.469971,3369.719971,3379.449951,3930910000
2020-02-13,3365.899902,3385.090088,3360.52002,3373.939941,3500890000
2020-02-14,3378.080078,3380.689941,3366.149902,3380.159912,3419700000
2020-02-18,3369.040039,3375.01001,3355.610107,3370.290039,3750400000
2020-02-19,3380.389893,3393.52002,3378.830078,3386.149902,3614200000
2020-02-20,3380.449951,3389.149902,3341.02002,3373.22998,4019180000
2020-02-21,3360.5,3360.76001,3328.449951,3337.75,3908780000
2020-02-24,3257.610107,3259.810059,3214.649902,3225.889893,4851160000
2020-02-25,3238.939941,3246.98999,3118.77002,3128.209961,5596760000
2020-02-26,3139.899902,3182.51001,3108.98999,3116.389893,5484650000
2020-02-27,3062.540039,3097.070068,2977.389893,2978.76001,7064710000
2020-02-28,2916.899902,2959.719971,2855.840088,2954.219971,8569570000
2020-03-02,2974.280029,3090.959961,2945.189941,3090.22998,6381330000
2020-03-03,3096.459961,3136.719971,2976.629883,3003.370117,6376510000
2020-03-04,3045.75,3130.969971,3034.379883,3130.120117,5073020000
2020-03-05,3075.699951,3083.040039,2999.830078,3023.939941,5579290000
2020-03-06,2954.199951,2985.929932,2901.540039,2972.370117,6555240000
2020-03-09,2863.889893,2863.889893,2734.429932,2746.560059,8441290000
2020-03-10,2813.47998,2882.590088,2734.0,2882.22998,7642040000
2020-03-11,2825.600098,2825.600098,2707.219971,2741.379883,7431200000
2020-03-12,2630.860107,2660.949951,2478.860107,2480.639893,8850810000
2020-03-13,2569.98999,2711.330078,2492.370117,2711.02002,8299070000
2020-03-16,2508.590088,2562.97998,2380.939941,2386.129883,7805450000
2020-03-17,2425.659912,2553.929932,2367.040039,2529.189941,8370250000
2020-03-18,2436.5,2453.570068,2280.52002,2398.100098,8799300000
2020-03-19,2393.47998,2466.969971,2319.780029,2409.389893,7956100000
2020-03-20,2431.939941,2453.01001,2295.560059,2304.919922,9053950000
2020-03-23,2290.709961,2300.72998,2191.860107,2237.399902,7411380000
2020-03-24,2344.439941,2449.709961,2344.439941,2447.330078,7563150000
2020-03-25,2457.77002,2571.419922,2407.530029,2475.560059,8300010000
2020-03-26,2501.290039,2637.01001,2500.719971,2630.070068,7766990000
2020-03-27,2555.870117,2615.909912,2520.02002,2541.469971,6201670000
2020-03-30,2558.97998,2631.800049,2545.280029,2626.649902,5751120000
2020-03-31,2614.689941,2641.389893,2571.149902,2584.590088,6576210000
2020-04-01,2498.080078,2522.75,2447.48999,2470.5,5964000000
2020-04-02,2458.540039,2533.219971,2455.790039,2526.899902,6464190000
2020-04-03,2514.919922,2538.179932,2459.959961,2488.649902,6096970000
2020-04-06,2578.280029,2676.850098,2574.570068,2663.679932,6403840000
2020-04-07,2738.649902,2756.889893,2657.669922,2659.409912,7050410000
2020-04-08,2685.0,2760.75,2663.300049,2749.97998,5875710000
2020-04-09,2776.98999,2818.570068,2762.360107,2789.820068,7899550000
2020-04-13,2782.459961,2782.459961,2721.169922,2761.629883,5319530000
2020-04-14,2805.100098,2851.850098,2805.100098,2846.060059,5615730000
2020-04-15,2795.639893,2801.879883,2761.540039,2783.360107,5208000000
2020-04-16,2799.340088,2806.51001,2764.320068,2799.550049,5228810000
2020-04-17,2842.429932,2879.219971,2830.879883,2874.560059,5804810000
2020-04-20,2845.620117,2868.97998,2820.429932,2823.159912,5228630000
2020-04-21,2784.810059,2785.540039,2727.100098,2736.560059,5121010000
2020-04-22,2787.889893,2815.100098,2775.949951,2799.310059,5084920000
2020-04-23,2810.419922,2844.899902,2794.26001,2797.800049,5773530000
2020-04-24,2812.639893,2842.709961,2791.76001,2836.73999,5382810000
2020-04-27,2854.649902,2887.719971,2852.889893,2878.47998,5203930000
2020-04-28,2909.959961,2921.149902,2860.709961,2863.389893,5691160000
2020-04-29,2918.459961,2954.860107,2912.159912,2939.51001,6645640000
2020-04-30,2930.909912,2930.909912,2892.469971,2912.429932,6544980000
2020-05-01,2869.090088,2869.090088,2821.610107,2830.709961,4759810000
2020-05-04,2815.01001,2844.23999,2797.850098,2842.73999,4735930000
2020-05-05,2868.879883,2898.22998,2863.550049,2868.439941,5140290000
2020-05-06,2883.139893,2891.110107,2847.649902,2848.419922,4892570000
2020-05-07,2878.26001,2901.919922,2876.47998,2881.189941,5178790000
2020-05-08,2908.830078,2932.159912,2902.879883,2929.800049,4876030000
2020-05-11,2915.459961,2944.25,2903.439941,2930.189941,4819730000
2020-05-12,2939.5,2945.820068,2869.590088,2870.120117,5119630000
2020-05-13,2865.860107,2874.139893,2793.149902,2820.0,6151650000
2020-05-14,2794.540039,2852.800049,2766.639893,2852.5,5651130000
2020-05-15,2829.949951,2865.01001,2816.780029,2863.699951,5507700000
2020-05-18,2913.860107,2968.090088,2913.860107,2953.909912,6373670000
2020-05-19,2948.590088,2964.209961,2922.350098,2922.939941,4984330000
2020-05-20,2953.629883,2980.290039,2953.629883,2971.610107,5005380000
2020-05-21,2969.949951,2978.5,2938.570068,2948.51001,4976620000
2020-05-22,2948.050049,2956.76001,2933.590088,2955.449951,3970860000
2020-05-26,3004.080078,3021.719971,2988.169922,2991.77002,5848500000
2020-05-27,3015.649902,3036.25,2969.75,3036.129883,6398000000
2020-05-28,3046.610107,3068.669922,3023.399902,3029.72998,5447020000
2020-05-29,3025.169922,3049.169922,2998.610107,3044.310059,7297550000
2020-06-01,3038.780029,3062.179932,3031.540039,3055.72998,4684170000
2020-06-02,3064.780029,3081.070068,3051.639893,3080.820068,5197150000
2020-06-03,3098.899902,3130.939941,3098.899902,3122.870117,6005560000
2020-06-04,3111.560059,3128.909912,3090.409912,3112.350098,6451290000
2020-06-05,3163.840088,3211.719971,3163.840088,3193.929932,8639300000
2020-06-08,3199.919922,3233.129883,3196.0,3232.389893,8498300000
2020-06-09,3213.320068,3222.709961,3193.110107,3207.179932,6410930000
2020-06-10,3213.419922,3223.27002,3181.48999,3190.139893,6598870000
2020-06-11,3123.530029,3123.530029,2999.48999,3002.100098,7037320000
2020-06-12,3071.040039,3088.419922,2984.469971,3041.310059,5845330000
2020-06-15,2993.76001,3079.76001,2965.659912,3066.590088,5757480000
2020-06-16,3131.0,3153.449951,3076.060059,3124.73999,5845810000
2020-06-17,3136.129883,3141.159912,3108.030029,3113.48999,4560450000
2020-06-18,3101.639893,3120.0,3093.51001,3115.340088,4448690000
2020-06-19,3140.290039,3155.530029,3083.110107,3097.73999,8346650000
2020-06-22,3094.419922,3120.919922,3079.389893,3117.860107,4686690000
2020-06-23,3138.699951,3154.899902,3127.120117,3131.290039,4711850000
2020-06-24,3114.399902,3115.01001,3032.129883,3050.330078,5597680000
2020-06-25,3046.600098,3086.25,3024.01001,3083.76001,4847690000
2020-06-26,3073.199951,3073.72998,3004.629883,3009.050049,8107850000
2020-06-29,3018.590088,3053.889893,2999.73999,3053.23999,4473970000
2020-06-30,3050.199951,3111.51001,3047.830078,3100.290039,4705850000
2020-07-01,3105.919922,3128.439941,3101.169922,3115.860107,4449230000
2020-07-02,3143.639893,3165.810059,3124.52002,3130.01001,4197720000
2020-07-06,3155.290039,3182.590088,3155.290039,3179.719971,4759160000
2020-07-07,3166.439941,3184.149902,3142.929932,3145.320068,4571330000
2020-07-08,3153.070068,3171.800049,3136.530029,3169.939941,4937310000
2020-07-09,3176.169922,3179.780029,3115.699951,3152.050049,4843650000
2020-07-10,3152.469971,3186.820068,3136.219971,3185.040039,4524190000
2020-07-13,3205.080078,3235.320068,3149.429932,3155.219971,4902440000
2020-07-14,3141.110107,3200.949951,3127.659912,3197.52002,4507140000
2020-07-15,3225.97998,3238.280029,3200.76001,3226.560059,4686830000
2020-07-16,3208.360107,3220.389893,3198.590088,3215.570068,3972860000
2020-07-17,3224.209961,3233.52002,3205.649902,3224.72998,4012850000
2020-07-20,3224.290039,3258.610107,3215.159912,3251.840088,3979340000
2020-07-21,3268.52002,3277.290039,3247.77002,3257.300049,4556610000
2020-07-22,3254.860107,3279.320068,3253.100098,3276.02002,4267160000
2020-07-23,3271.639893,3279.98999,3222.659912,3235.659912,4296760000
2020-07-24,3218.580078,3227.26001,3200.050049,3215.629883,3689410000
2020-07-27,3219.840088,3241.429932,3214.25,3239.409912,3970310000
2020-07-28,3234.27002,3243.719971,3216.169922,3218.439941,4053180000
2020-07-29,3227.219971,3264.73999,3227.219971,3258.439941,4478200000
2020-07-30,3231.76001,3250.919922,3204.129883,3246.219971,4264920000
2020-07-31,3270.449951,3272.169922,3220.26001,3271.120117,5007530000
2020-08-03,3288.26001,3302.72998,3284.530029,3294.610107,4438940000
2020-08-04,3289.919922,3306.840088,3286.370117,3306.51001,4414380000
2020-08-05,3317.370117,3330.77002,3317.370117,3327.77002,4535060000
2020-08-06,3323.169922,3351.030029,3318.139893,3349.159912,4278930000
2020-08-07,3340.050049,3352.540039,3328.719971,3351.280029,4110030000
2020-08-10,3356.040039,3363.290039,3335.439941,3360.469971,4327920000
2020-08-11,3370.340088,3381.01001,3326.439941,3333.689941,4880540000
2020-08-12,3355.459961,3387.889893,3355.459961,3380.350098,3772250000
2020-08-13,3372.949951,3387.23999,3363.350098,3373.429932,3438730000
2020-08-14,3368.659912,3378.51001,3361.639893,3372.850098,3200060000
2020-08-17,3380.860107,3387.590088,3379.219971,3381.98999,3460330000
2020-08-18,3387.040039,3395.060059,3370.149902,3389.780029,3669550000
2020-08-19,3392.51001,3399.540039,3369.659912,3374.850098,3679480000
2020-08-20,3360.47998,3390.800049,3354.689941,3385.51001,3431040000
2020-08-21,3386.01001,3399.959961,3379.310059,3397.159912,3505010000
2020-08-24,3418.090088,3432.090088,3413.129883,3431.280029,3743410000
2020-08-25,3435.949951,3444.209961,3425.840088,3443.620117,3627650000
2020-08-26,3449.969971,3481.070068,3444.149902,3478.72998,3780530000
2020-08-27,3485.139893,3501.379883,3468.350098,3484.550049,3955890000
2020-08-28,3494.689941,3509.22998,3484.320068,3508.01001,3868510000
2020-08-31,3509.72998,3514.77002,3493.25,3500.310059,4348280000
2020-09-01,3507.439941,3528.030029,3494.600098,3526.649902,4101490000
2020-09-02,3543.76001,3588.110107,3535.22998,3580.840088,4295640000
2020-09-03,3564.73999,3564.850098,3427.409912,3455.060059,4911830000
2020-09-04,3453.600098,3479.149902,3349.629883,3426.959961,4438720000
2020-09-08,3371.879883,3379.969971,3329.27002,3331.840088,4694330000
2020-09-09,3369.820068,3424.77002,3366.840088,3398.959961,3932520000
2020-09-10,3412.560059,3425.550049,3329.25,3339.189941,4208630000
2020-09-11,3352.699951,3368.949951,3310.469971,3340.969971,3710090000
2020-09-14,3363.560059,3402.929932,3363.560059,3383.540039,3839580000
2020-09-15,3407.72998,3419.47998,3389.25,3401.199951,4057190000
2020-09-16,3411.22998,3428.919922,3384.449951,3385.48999,4718900000
2020-09-17,3346.860107,3375.169922,3328.820068,3357.01001,4379840000
2020-09-18,3357.379883,3362.27002,3292.399902,3319.469971,7076400000
2020-09-21,3285.570068,3285.570068,3229.100098,3281.060059,4836070000
2020-09-22,3295.75,3320.310059,3270.949951,3315.570068,3974510000
2020-09-23,3320.110107,3323.350098,3232.570068,3236.919922,4378650000
2020-09-24,3226.139893,3278.699951,3209.449951,3246.590088,4601920000
2020-09-25,3236.659912,3306.879883,3228.439941,3298.459961,3803330000
2020-09-28,3333.899902,3360.73999,3332.909912,3351.600098,3950910000
2020-09-29,3350.919922,3357.919922,3327.540039,3335.469971,3661590000
2020-09-30,3341.209961,3393.560059,3340.469971,3363.0,4738640000
2020-10-01,3385.870117,3397.179932,3361.389893,3380.800049,4076340000
2020-10-02,3338.939941,3369.100098,3323.689941,3348.419922,3975180000
2020-10-05,3367.27002,3409.570068,3367.27002,3408.600098,3692720000
2020-10-06,3408.73999,3431.560059,3354.540039,3360.969971,4453390000
2020-10-07,3384.560059,3426.26001,3384.560059,3419.439941,3814750000
2020-10-08,3434.280029,3447.280029,3428.149902,3446.830078,3867640000
2020-10-09,3459.669922,3482.340088,3458.070068,3477.139893,3944090000
2020-10-12,3500.02002,3549.850098,3499.610107,3534.219971,3435760000
2020-10-13,3534.01001,3534.01001,3500.860107,3511.929932,3611100000
2020-10-14,3515.469971,3527.939941,3480.550049,3488.669922,3858510000
2020-10-15,3453.719971,3489.080078,3440.889893,3483.340088,3724550000
2020-10-16,3493.5,3515.76001,3480.449951,3483.810059,4688030000
2020-10-19,3493.659912,3502.419922,3419.929932,3426.919922,4091080000
2020-10-20,3439.379883,3476.929932,3435.649902,3443.120117,3917850000
2020-10-21,3439.909912,3464.860107,3433.060059,3435.560059,4103960000
2020-10-22,3438.5,3460.530029,3415.340088,3453.48999,4172060000
2020-10-23,3464.899902,3466.459961,3440.449951,3465.389893,3651600000
2020-10-26,3441.419922,3441.419922,3364.860107,3400.969971,4002210000
2020-10-27,3403.149902,3409.51001,3388.709961,3390.679932,3962400000
2020-10-28,3342.47998,3342.47998,3268.889893,3271.030029,5139970000
2020-10-29,3277.169922,3341.050049,3259.820068,3310.110107,4911860000
2020-10-30,3293.590088,3304.929932,3233.939941,3269.959961,4843930000
2020-11-02,3296.199951,3330.139893,3279.73999,3310.23999,4314690000
2020-11-03,3336.25,3389.48999,3336.25,3369.159912,4241380000
2020-11-04,3406.459961,3486.25,3405.169922,3443.439941,4790400000
2020-11-05,3485.73999,3529.050049,3485.73999,3510.449951,4858150000
2020-11-06,3508.340088,3521.580078,3484.340088,3509.439941,4842460000
2020-11-09,3583.040039,3645.98999,3547.47998,3550.5,8570510000
2020-11-10,3543.26001,3557.219971,3511.909912,3545.530029,6037470000
2020-11-11,3563.219971,3581.159912,3557.0,3572.659912,4635560000
2020-11-12,3562.669922,3569.02002,3518.580078,3537.01001,4909660000
2020-11-13,3552.570068,3593.659912,3552.570068,3585.149902,4719580000
2020-11-16,3600.159912,3628.51001,3600.159912,3626.909912,5295510000
2020-11-17,3610.310059,3623.110107,3588.679932,3609.530029,4812180000
2020-11-18,3612.090088,3619.090088,3567.330078,3567.790039,5284810000
2020-11-19,3559.409912,3585.219971,3543.840088,3581.870117,4363370000
2020-11-20,3579.310059,3581.22998,3556.850098,3557.540039,4236370000
2020-11-23,3566.820068,3589.810059,3552.77002,3577.590088,5057550000
2020-11-24,3594.52002,3642.310059,3594.52002,3635.409912,6280290000
2020-11-25,3635.5,3635.5,3617.76001,3629.649902,4910440000
2020-11-27,3638.550049,3644.310059,3629.330078,3638.350098,2778390000
2020-11-30,3634.179932,3634.179932,3594.389893,3621.629883,6308410000
2020-12-01,3645.870117,3678.449951,3645.870117,3662.449951,5418480000
2020-12-02,3653.780029,3670.959961,3644.840088,3669.01001,5041250000
2020-12-03,3668.280029,3682.72998,3657.169922,3666.719971,5065340000
2020-12-04,3670.939941,3699.199951,3670.939941,3699.120117,5099620000
2020-12-07,3694.72998,3697.409912,3678.879883,3691.959961,4804500000
2020-12-08,3683.050049,3708.449951,3678.830078,3702.25,4584390000
2020-12-09,3705.97998,3712.389893,3660.540039,3672.820068,5232800000
2020-12-10,3659.129883,3678.48999,3645.179932,3668.100098,4658480000
2020-12-11,3656.080078,3665.909912,3633.399902,3663.459961,4375470000
2020-12-14,3675.27002,3697.610107,3645.840088,3647.48999,4623850000
2020-12-15,3666.409912,3695.290039,3659.620117,3694.620117,4387080000
2020-12-16,3696.25,3711.27002,3688.570068,3701.169922,4067040000
2020-12-17,3713.649902,3725.120117,3710.870117,3722.47998,4192810000
2020-12-18,3722.389893,3726.699951,3685.840088,3709.409912,7097100000
2020-12-21,3684.280029,3702.899902,3636.47998,3694.919922,4748580000
2020-12-22,3698.080078,3698.26001,3676.159912,3687.26001,4053310000
2020-12-23,3693.419922,3711.23999,3689.280029,3690.01001,3779160000
2020-12-24,3694.030029,3703.820068,3689.320068,3703.060059,1883780000
2020-12-28,3723.030029,3740.51001,3723.030029,3735.360107,3535460000
2020-12-29,3750.01001,3756.120117,3723.310059,3727.040039,3393290000
2020-12-30,3736.189941,3744.629883,3730.209961,3732.040039,3154850000
2020-12-31,3733.27002,3760.199951,3726.879883,3756.070068,3179040000
2021-01-04,3764.610107,3769.98999,3662.709961,3700.649902,5015000000
2021-01-05,3698.02002,3737.830078,3695.070068,3726.860107,4591020000
2021-01-06,3712.199951,3783.040039,3705.340088,3748.139893,6064110000
2021-01-07,3764.709961,3811.550049,3764.709961,3803.790039,5099160000
2021-01-08,3815.050049,3826.689941,3783.600098,3824.679932,4773040000
2021-01-11,3803.139893,3817.860107,3789.02002,3799.610107,4465430000
2021-01-12,3801.620117,3810.780029,3776.51001,3801.189941,4994950000
2021-01-13,3802.22998,3820.959961,3791.5,3809.840088,4602510000
2021-01-14,3814.97998,3823.600098,3792.860107,3795.540039,5198480000
2021-01-15,3788.72998,3788.72998,3749.620117,3768.25,5369820000
2021-01-19,3781.879883,3804.530029,3780.370117,3798.909912,5014440000
2021-01-20,3816.219971,3859.75,3816.219971,3851.850098,4566190000
2021-01-21,3857.459961,3861.449951,3845.050049,3853.070068,4501760000
2021-01-22,3844.23999,3852.310059,3830.409912,3841.469971,5110890000
2021-01-25,3851.679932,3859.22998,3797.159912,3855.360107,7000840000
2021-01-26,3862.959961,3870.899902,3847.780029,3849.620117,6137500000
2021-01-27,3836.830078,3836.830078,3732.47998,3750.77002,9976520000
2021-01-28,3755.75,3830.5,3755.75,3787.379883,6992770000
2021-01-29,3778.050049,3778.050049,3694.120117,3714.23999,6643370000
2021-02-01,3731.169922,3784.320068,3725.620117,3773.860107,5436230000
2021-02-02,3791.840088,3843.090088,3791.840088,3826.310059,5514090000
2021-02-03,3840.27002,3847.51001,3816.679932,3830.169922,4864870000
2021-02-04,3836.659912,3872.419922,3836.659912,3871.73999,4879240000
2021-02-05,3878.300049,3894.560059,3874.929932,3886.830078,4879470000
2021-02-08,3892.590088,3915.77002,3892.590088,3915.590088,4648360000
2021-02-09,3910.48999,3918.350098,3902.639893,3911.22998,4568320000
2021-02-10,3920.780029,3931.5,3884.939941,3909.879883,4837070000
2021-02-11,3916.399902,3925.98999,3890.389893,3916.379883,4590960000
2021-02-12,3911.649902,3937.22998,3905.780029,3934.830078,4135060000
2021-02-16,3939.610107,3950.429932,3923.850098,3932.590088,5058990000
2021-02-17,3918.5,3933.610107,3900.429932,3931.330078,4730650000
2021-02-18,3915.860107,3921.97998,3885.030029,3913.969971,4793650000
2021-02-19,3921.159912,3930.409912,3903.070068,3906.709961,4845320000
2021-02-22,3885.550049,3902.919922,3874.709961,3876.5,5917100000
2021-02-23,3857.070068,3895.97998,3805.590088,3881.370117,6296610000
2021-02-24,3873.709961,3928.649902,3859.600098,3925.429932,6012790000
2021-02-25,3915.800049,3925.02002,3814.040039,3829.340088,6547470000
2021-02-26,3839.659912,3861.080078,3789.540039,3811.149902,6526070000
2021-03-01,3842.51001,3914.5,3842.51001,3901.820068,5114820000
2021-03-02,3903.639893,3906.409912,3868.570068,3870.290039,5536010000
2021-03-03,3863.98999,3874.469971,3818.860107,3819.719971,6173660000
2021-03-04,3818.530029,3843.669922,3723.340088,3768.469971,7195400000
2021-03-05,3793.580078,3851.689941,3730.189941,3841.939941,6851070000
2021-03-08,3844.389893,3881.060059,3819.25,3821.350098,5871710000
2021-03-09,3851.929932,3903.76001,3851.929932,3875.439941,5513560000
2021-03-10,3891.98999,3917.350098,3885.72998,3898.810059,5847380000
2021-03-11,3915.540039,3960.27002,3915.540039,3939.340088,5312880000
2021-03-12,3924.52002,3944.98999,3915.209961,3943.340088,4476280000
2021-03-15,3942.959961,3970.080078,3923.540039,3968.939941,4900100000
2021-03-16,3973.590088,3981.040039,3953.439941,3962.709961,4613080000
2021-03-17,3949.570068,3983.870117,3935.73999,3974.120117,4561660000
2021-03-18,3953.5,3969.620117,3910.860107,3915.459961,5118590000
2021-03-19,3913.139893,3930.120117,3886.75,3913.100098,7757420000
2021-03-22,3916.47998,3955.310059,3914.159912,3940.590088,4316260000
2021-03-23,3937.600098,3949.129883,3901.570068,3910.52002,4669010000
2021-03-24,3919.929932,3942.080078,3889.070068,3889.139893,4783020000
2021-03-25,3879.340088,3919.540039,3853.5,3909.52002,4948340000
2021-03-26,3917.120117,3978.189941,3917.120117,3974.540039,5483160000
2021-03-29,3969.310059,3981.830078,3943.25,3971.090088,4628180000
2021-03-30,3963.340088,3968.01001,3944.350098,3958.550049,4121510000
2021-03-31,3967.25,3994.409912,3966.97998,3972.889893,4578050000
2021-04-01,3992.780029,4020.629883,3992.780029,4019.870117,4162130000
2021-04-05,4034.439941,4083.419922,4034.439941,4077.909912,4005030000
2021-04-06,4075.570068,4086.22998,4068.139893,4073.939941,4081270000
2021-04-07,4074.290039,4083.129883,4068.310059,4079.949951,4120810000
2021-04-08,4089.949951,4098.189941,4082.540039,4097.169922,3907100000
2021-04-09,4096.109863,4129.47998,4095.51001,4128.799805,3640390000
2021-04-12,4124.709961,4131.759766,4114.819824,4127.990234,3588900000
2021-04-13,4130.100098,4148.0,4124.430176,4141.589844,3734720000
2021-04-14,4141.580078,4151.689941,4120.870117,4124.660156,3985350000
2021-04-15,4139.759766,4173.490234,4139.759766,4170.419922,4033420000
2021-04-16,4174.140137,4191.310059,4170.75,4185.470215,4163820000
2021-04-19,4179.799805,4180.810059,4150.470215,4163.259766,3810290000
2021-04-20,4159.180176,4159.180176,4118.379883,4134.939941,4342650000
2021-04-21,4128.419922,4175.02002,4126.350098,4173.419922,3887250000
2021-04-22,4170.459961,4179.569824,4123.689941,4134.97998,4245140000
2021-04-23,4138.779785,4194.169922,4138.779785,4180.169922,3569880000
2021-04-26,4185.029785,4194.189941,4182.359863,4187.620117,3748320000
2021-04-27,4188.25,4193.350098,4176.220215,4186.720215,3710700000
2021-04-28,4185.140137,4201.529785,4181.779785,4183.180176,3787360000
2021-04-29,4206.140137,4218.779785,4176.810059,4211.470215,4298680000
2021-04-30,4198.100098,4198.100098,4174.850098,4181.169922,4300880000
2021-05-03,4191.97998,4209.390137,4188.029785,4192.660156,4070220000
2021-05-04,4179.040039,4179.040039,4128.589844,4164.660156,4452460000
2021-05-05,4177.060059,4187.720215,4160.939941,4167.589844,4230920000
2021-05-06,4169.140137,4202.700195,4147.330078,4201.620117,4511000000
2021-05-07,4210.339844,4238.040039,4201.640137,4232.600098,4016080000
2021-05-10,4228.290039,4236.390137,4188.129883,4188.430176,4560700000
2021-05-11,4150.339844,4162.040039,4111.529785,4152.100098,4870710000
2021-05-12,4130.549805,4134.72998,4056.879883,4063.040039,4733070000
2021-05-13,4074.98999,4131.580078,4074.98999,4112.5,4779540000
2021-05-14,4129.580078,4183.129883,4129.580078,4173.850098,4008880000
2021-05-17,4169.919922,4171.919922,4142.689941,4163.290039,4125050000
2021-05-18,4165.939941,4169.149902,4125.990234,4127.830078,4398150000
2021-05-19,4098.450195,4116.930176,4061.409912,4115.680176,4247450000
2021-05-20,4121.970215,4172.799805,4121.970215,4159.120117,3978880000
2021-05-21,4168.609863,4188.720215,4151.720215,4155.859863,3995250000
2021-05-24,4170.160156,4209.52002,4170.160156,4197.049805,3684800000
2021-05-25,4205.939941,4213.419922,4182.52002,4188.129883,4182250000
2021-05-26,4191.589844,4202.609863,4184.109863,4195.990234,4420890000
2021-05-27,4201.939941,4213.379883,4197.779785,4200.879883,6406310000
2021-05-28,4210.77002,4218.359863,4203.569824,4204.109863,4649250000
2021-06-01,4216.52002,4234.120117,4197.589844,4202.040039,5074670000
2021-06-02,4206.819824,4217.370117,4198.27002,4208.120117,5833670000
2021-06-03,4191.430176,4204.390137,4167.930176,4192.850098,5587970000
2021-06-04,4206.049805,4233.450195,4206.049805,4229.890137,4139790000
2021-06-07,4229.339844,4232.339844,4215.660156,4226.52002,4476920000
2021-06-08,4233.810059,4236.740234,4208.410156,4227.259766,4659620000
2021-06-09,4232.990234,4237.089844,4218.740234,4219.549805,4713260000
2021-06-10,4228.560059,4249.740234,4220.339844,4239.180176,4408210000
2021-06-11,4242.899902,4248.379883,4232.25,4247.439941,3815010000
2021-06-14,4248.310059,4255.589844,4234.069824,4255.149902,4151200000
2021-06-15,4255.279785,4257.160156,4238.350098,4246.589844,4048940000
2021-06-16,4248.870117,4251.890137,4202.450195,4223.700195,4538350000
2021-06-17,4220.370117,4232.290039,4196.049805,4221.859863,5312680000
2021-06-18,4204.779785,4204.779785,4164.399902,4166.450195,6817010000
2021-06-21,4173.399902,4226.240234,4173.399902,4224.790039,4128950000
2021-06-22,4224.609863,4255.839844,4217.27002,4246.439941,3828390000
2021-06-23,4249.27002,4256.600098,4241.430176,4241.839844,3730350000
2021-06-24,4256.970215,4271.279785,4256.970215,4266.490234,3816660000
2021-06-25,4274.450195,4286.120117,4271.160156,4280.700195,7341450000
2021-06-28,4284.899902,4292.140137,4274.669922,4290.609863,4147890000
2021-06-29,4293.209961,4300.52002,4287.040039,4291.799805,3707150000
2021-06-30,4290.649902,4302.430176,4287.959961,4297.5,4266040000
2021-07-01,4300.72998,4320.660156,4300.72998,4319.939941,3788230000
2021-07-02,4326.600098,4355.430176,4326.600098,4352.339844,3225840000
2021-07-06,4356.459961,4356.459961,4314.370117,4343.540039,4309570000
2021-07-07,4351.009766,4361.879883,4329.790039,4358.129883,4037380000
2021-07-08,4321.069824,4330.879883,4289.370117,4320.819824,4347500000
2021-07-09,4329.379883,4371.600098,4329.379883,4369.549805,3531120000
2021-07-12,4372.410156,4386.680176,4364.029785,4384.629883,3384460000
2021-07-13,4381.069824,4392.370117,4366.919922,4369.209961,3695430000
2021-07-14,4380.109863,4393.680176,4362.359863,4374.299805,4006370000
2021-07-15,4369.02002,4369.02002,4340.700195,4360.029785,3905230000
2021-07-16,4367.430176,4375.089844,4322.529785,4327.160156,3985700000
2021-07-19,4296.399902,4296.399902,4233.129883,4258.490234,5157660000
2021-07-20,4265.109863,4336.839844,4262.049805,4323.060059,4438270000
2021-07-21,4331.129883,4359.700195,4331.129883,4358.689941,3810280000
2021-07-22,4361.27002,4369.870117,4350.060059,4367.47998,3358300000
2021-07-23,4381.200195,4415.180176,4381.200195,4411.790039,4540070000
2021-07-26,4409.580078,4422.72998,4405.450195,4422.299805,4275630000
2021-07-27,4416.379883,4416.379883,4372.509766,4401.459961,4241950000
2021-07-28,4402.950195,4415.470215,4387.009766,4400.640137,4215290000
2021-07-29,4403.589844,4429.970215,4403.589844,4419.149902,4044600000
2021-07-30,4395.120117,4412.25,4389.649902,4395.259766,3956740000
2021-08-02,4406.859863,4422.180176,4384.810059,4387.160156,3724090000
2021-08-03,4392.740234,4423.790039,4373.0,4423.149902,3965190000
2021-08-04,4415.950195,4416.169922,4400.22998,4402.660156,4260760000
2021-08-05,4408.859863,4429.759766,4408.859863,4429.100098,3769410000
2021-08-06,4429.069824,4440.819824,4429.069824,4436.52002,3451870000
2021-08-09,4437.77002,4439.390137,4424.740234,4432.350098,3449280000
2021-08-10,4435.790039,4445.209961,4430.029785,4436.75,3886610000
2021-08-11,4442.180176,4449.439941,4436.419922,4442.410156,3532560000
2021-08-12,4446.080078,4461.77002,4435.959961,4460.830078,3375310000
2021-08-13,4464.839844,4468.370117,4460.819824,4468.0,3016470000
2021-08-16,4461.649902,4480.259766,4437.660156,4479.709961,3370640000
2021-08-17,4462.120117,4462.120117,4417.830078,4448.080078,3836960000
2021-08-18,4440.939941,4454.319824,4397.589844,4400.27002,3755590000
2021-08-19,4382.439941,4418.609863,4367.72998,4405.799805,4398410000
2021-08-20,4410.560059,4444.350098,4406.799805,4441.669922,3652610000
2021-08-23,4450.290039,4489.879883,4450.290039,4479.529785,3576530000
2021-08-24,4484.399902,4492.810059,4482.279785,4486.22998,3979220000
2021-08-25,4490.450195,4501.709961,4485.660156,4496.189941,3444700000
2021-08-26,4493.75,4495.899902,4468.990234,4470.0,3263980000
2021-08-27,4474.100098,4513.330078,4474.100098,4509.370117,3331200000
2021-08-30,4513.759766,4537.359863,4513.759766,4528.790039,3168660000
2021-08-31,4529.75,4531.390137,4515.799805,4522.680176,4290710000
2021-09-01,4528.799805,4537.109863,4522.02002,4524.089844,4057340000
2021-09-02,4534.47998,4545.850098,4524.660156,4536.950195,3735990000
2021-09-03,4532.419922,4541.450195,4521.299805,4535.430176,3217530000
2021-09-07,4535.379883,4535.379883,4513.0,4520.029785,3822960000
2021-09-08,4518.089844,4521.790039,4493.950195,4514.069824,3750880000
2021-09-09,4513.02002,4529.899902,4492.069824,4493.279785,3735390000
2021-09-10,4506.919922,4520.470215,4457.660156,4458.580078,3623180000
2021-09-13,4474.810059,4492.990234,4445.700195,4468.72998,3914220000
2021-09-14,4479.330078,4485.680176,4435.459961,4443.049805,3670460000
2021-09-15,4447.490234,4486.870117,4438.370117,4480.700195,4032020000
2021-09-16,4477.089844,4485.870117,4443.799805,4473.75,3984560000
2021-09-17,4469.740234,4471.52002,4427.759766,4432.990234,7289530000
2021-09-20,4402.950195,4402.950195,4305.910156,4357.72998,4898070000
2021-09-21,4374.450195,4394.870117,4347.959961,4354.189941,3920920000
2021-09-22,4367.430176,4416.75,4367.430176,4395.640137,3939170000
2021-09-23,4406.75,4465.399902,4406.75,4448.97998,3916350000
2021-09-24,4438.040039,4463.120117,4430.27002,4455.47998,3384290000
2021-09-27,4442.120117,4457.299805,4436.189941,4443.109863,4058650000
2021-09-28,4419.540039,4419.540039,4346.330078,4352.629883,4416550000
2021-09-29,4362.410156,4385.569824,4355.080078,4359.459961,3712660000
2021-09-30,4370.669922,4382.549805,4306.240234,4307.540039,4448140000
2021-10-01,4317.160156,4375.189941,4288.52002,4357.040039,4010370000
2021-10-04,4348.839844,4355.509766,4278.939941,4300.459961,4307870000
2021-10-05,4309.870117,4369.22998,4309.870117,4345.720215,3902890000
2021-10-06,4319.569824,4365.569824,4290.490234,4363.549805,4009630000
2021-10-07,4383.72998,4429.970215,4383.72998,4399.759766,3843740000
2021-10-08,4406.509766,4412.02002,4386.220215,4391.339844,3280160000
2021-10-11,4385.439941,4415.879883,4360.589844,4361.189941,3281970000
2021-10-12,4368.310059,4374.890137,4342.089844,4350.649902,3558450000
2021-10-13,4358.009766,4372.870117,4329.919922,4363.799805,3620070000
2021-10-14,4386.75,4439.72998,4386.75,4438.259766,3598280000
2021-10-15,4447.689941,4475.819824,4447.689941,4471.370117,3819380000
2021-10-18,4463.720215,4488.75,4447.470215,4486.459961,3662010000
2021-10-19,4497.339844,4520.399902,4496.410156,4519.629883,3459130000
2021-10-20,4524.419922,4540.870117,4524.399902,4536.189941,3670760000
2021-10-21,4532.240234,4551.439941,4526.890137,4549.779785,3822330000
2021-10-22,4546.120117,4559.669922,4524.0,4544.899902,3758220000
2021-10-25,4553.689941,4572.620117,4537.359863,4566.47998,3899400000
2021-10-26,4578.689941,4598.529785,4569.169922,4574.790039,3879740000
2021-10-27,4580.220215,4584.569824,4551.660156,4551.680176,4226050000
2021-10-28,4562.839844,4597.549805,4562.839844,4596.419922,4132950000
2021-10-29,4572.870117,4608.080078,4567.589844,4605.379883,4510200000
2021-11-01,4610.620117,4620.339844,4595.060059,4613.669922,3971540000
2021-11-02,4613.339844,4635.149902,4613.339844,4630.649902,3975250000
2021-11-03,4630.649902,4663.459961,4621.189941,4660.569824,4319660000
2021-11-04,4662.930176,4683.0,4662.589844,4680.060059,4462300000
2021-11-05,4699.259766,4718.5,4681.319824,4697.529785,4467180000
2021-11-08,4701.47998,4714.919922,4694.390137,4701.700195,4269710000
2021-11-09,4707.25,4708.529785,4670.870117,4685.25,4117080000
2021-11-10,4670.259766,4684.850098,4630.859863,4646.709961,4503720000
2021-11-11,4659.390137,4664.549805,4648.310059,4649.27002,3926870000
2021-11-12,4655.240234,4688.470215,4650.77002,4682.850098,3728600000
2021-11-15,4689.299805,4697.419922,4672.859863,4682.799805,3488410000
2021-11-16,4679.419922,4714.950195,4679.419922,4700.899902,3972640000
2021-11-17,4701.5,4701.5,4684.410156,4688.669922,3969070000
2021-11-18,4700.720215,4708.799805,4672.779785,4704.540039,4226410000
2021-11-19,4708.439941,4717.75,4694.220215,4697.959961,4253180000
2021-11-22,4712.0,4743.830078,4682.169922,4682.939941,4441100000
2021-11-23,4678.47998,4699.390137,4652.660156,4690.700195,4277590000
2021-11-24,4675.779785,4702.870117,4659.890137,4701.459961,3418430000
2021-11-26,4664.629883,4664.629883,4585.430176,4594.620117,3517700000
2021-11-29,4628.75,4672.950195,4625.259766,4655.27002,4336410000
2021-11-30,4640.25,4646.02002,4560.0,4567.0,6625990000
2021-12-01,4602.819824,4652.939941,4510.27002,4513.040039,5366730000
2021-12-02,4504.72998,4595.459961,4504.72998,4577.100098,5077180000
2021-12-03,4589.490234,4608.029785,4495.120117,4538.430176,5240070000
2021-12-06,4548.370117,4612.600098,4540.509766,4591.669922,4770800000
2021-12-07,4631.970215,4694.040039,4631.970215,4686.75,4492400000
2021-12-08,4690.859863,4705.060059,4674.52002,4701.209961,4234600000
2021-12-09,4691.0,4695.259766,4665.97998,4667.450195,3903840000
2021-12-10,4687.640137,4713.569824,4670.240234,4712.02002,3870110000
2021-12-13,4710.299805,4710.299805,4667.600098,4668.970215,4397230000
2021-12-14,4642.990234,4660.470215,4606.52002,4634.089844,4485430000
2021-12-15,4636.459961,4712.600098,4611.220215,4709.850098,4910130000
2021-12-16,4719.129883,4731.990234,4651.890137,4668.669922,4829500000
2021-12-17,4652.5,4666.700195,4600.220215,4620.640137,7987090000
2021-12-20,4587.899902,4587.899902,4531.100098,4568.02002,4635700000
2021-12-21,4594.959961,4651.140137,4583.160156,4649.22998,4072430000
2021-12-22,4650.359863,4697.669922,4645.529785,4696.560059,3319610000
2021-12-23,4703.959961,4740.740234,4703.959961,4725.790039,2913040000
2021-12-27,4733.990234,4791.490234,4733.990234,4791.189941,2770290000
2021-12-28,4795.490234,4807.02002,4780.040039,4786.350098,2707920000
2021-12-29,4788.640137,4804.060059,4778.080078,4793.060059,2963310000
2021-12-30,4794.22998,4808.930176,4775.330078,4778.72998,3124950000
2021-12-31,4775.209961,4786.830078,4765.75,4766.180176,2677820000
2022-01-03,4778.140137,4796.640137,4758.169922,4796.560059,3831020000
2022-01-04,4804.509766,4818.620117,4774.27002,4793.540039,4683170000
2022-01-05,4787.990234,4797.700195,4699.439941,4700.580078,4887960000
2022-01-06,4693.390137,4725.009766,4671.259766,4696.049805,4295280000
2022-01-07,4697.660156,4707.950195,4662.740234,4677.029785,4181510000
2022-01-10,4655.339844,4673.02002,4582.240234,4670.290039,4511810000
2022-01-11,4669.140137,4714.129883,4638.27002,4713.069824,4101590000
2022-01-12,4728.589844,4748.830078,4706.709961,4726.350098,4048220000
2022-01-13,4733.560059,4744.129883,4650.290039,4659.029785,4251730000
2022-01-14,4637.990234,4665.129883,4614.75,4662.850098,4338490000
2022-01-18,4632.240234,4632.240234,4568.700195,4577.109863,4748700000
2022-01-19,4588.029785,4611.549805,4530.200195,4532.759766,4465740000
2022-01-20,4547.350098,4602.109863,4477.950195,4482.72998,4640870000
2022-01-21,4471.379883,4494.52002,4395.339844,4397.939941,5589100000
2022-01-24,4356.319824,4417.350098,4222.620117,4410.129883,6928110000
2022-01-25,4366.640137,4411.009766,4287.109863,4356.450195,5145050000
2022-01-26,4408.430176,4453.22998,4304.799805,4349.930176,5570640000
2022-01-27,4380.580078,4428.740234,4309.5,4326.509766,5214200000
2022-01-28,4336.189941,4432.720215,4292.459961,4431.850098,5031090000
2022-01-31,4431.790039,4516.890137,4414.02002,4515.549805,5098610000
2022-02-01,4519.569824,4550.490234,4483.529785,4546.540039,4816830000
2022-02-02,4566.390137,4595.310059,4544.319824,4589.379883,4481580000
2022-02-03,4535.410156,4542.879883,4470.390137,4477.439941,4401970000
2022-02-04,4482.790039,4539.660156,4451.5,4500.529785,4706290000
2022-02-07,4505.75,4521.859863,4471.470215,4483.870117,4228480000
2022-02-08,4480.02002,4531.319824,4465.399902,4521.540039,4459620000
2022-02-09,4547.0,4590.029785,4547.0,4587.180176,4524350000
2022-02-10,4553.240234,4588.919922,4484.310059,4504.080078,5314860000
2022-02-11,4506.27002,4526.330078,4401.410156,4418.640137,5251500000
2022-02-14,4412.609863,4426.220215,4364.839844,4401.669922,4600390000
2022-02-15,4429.279785,4472.77002,4429.279785,4471.069824,4430830000
2022-02-16,4455.75,4489.549805,4429.680176,4475.009766,4283640000
2022-02-17,4456.060059,4456.060059,4373.810059,4380.259766,4539420000
2022-02-18,4384.569824,4394.600098,4327.220215,4348.870117,4708060000
2022-02-22,4332.740234,4362.120117,4267.109863,4304.759766,5121900000
2022-02-23,4324.930176,4341.509766,4221.509766,4225.5,4797430000
2022-02-24,4155.77002,4294.72998,4114.649902,4288.700195,6752130000
2022-02-25,4298.379883,4385.339844,4286.830078,4384.649902,5177060000
2022-02-28,4354.169922,4388.839844,4315.120117,4373.939941,6071370000
2022-03-01,4363.140137,4378.450195,4279.540039,4306.259766,5846230000
2022-03-02,4322.560059,4401.47998,4322.560059,4386.540039,5337870000
2022-03-03,4401.310059,4416.779785,4345.560059,4363.490234,5039890000
2022-03-04,4342.120117,4342.120117,4284.97998,4328.870117,5797380000
2022-03-07,4327.009766,4327.009766,4199.850098,4201.089844,6940470000
2022-03-08,4202.660156,4276.939941,4157.870117,4170.700195,7243120000
2022-03-09,4223.100098,4299.399902,4223.100098,4277.879883,5662670000
2022-03-10,4252.549805,4268.279785,4209.799805,4259.52002,4980830000
2022-03-11,4279.5,4291.009766,4200.490234,4204.310059,4938640000
2022-03-14,4202.75,4247.569824,4161.720215,4173.109863,5574920000
2022-03-15,4188.819824,4271.049805,4187.899902,4262.450195,5392470000
2022-03-16,4288.140137,4358.899902,4251.990234,4357.859863,6309750000
2022-03-17,4345.109863,4412.669922,4335.649902,4411.669922,4985090000
2022-03-18,4407.339844,4465.399902,4390.569824,4463.120117,8278430000
2022-03-21,4462.399902,4481.75,4424.299805,4461.180176,4869820000
2022-03-22,4469.100098,4522.0,4469.100098,4511.609863,4754840000
2022-03-23,4493.100098,4501.069824,4455.810059,4456.240234,4550670000
2022-03-24,4469.97998,4520.580078,4465.169922,4520.160156,4131390000
2022-03-25,4522.910156,4546.029785,4501.069824,4543.060059,4305020000
2022-03-28,4541.089844,4575.649902,4517.689941,4575.52002,4312260000
2022-03-29,4602.859863,4637.299805,4589.660156,4631.600098,5085910000
2022-03-30,4624.200195,4627.77002,4581.319824,4602.450195,4385570000
2022-03-31,4599.02002,4603.069824,4530.410156,4530.410156,4823020000
2022-04-01,4540.319824,4548.700195,4507.569824,4545.859863,4562940000
2022-04-04,4547.970215,4583.5,4539.209961,4582.640137,4547350000
2022-04-05,4572.450195,4593.450195,4514.169922,4525.120117,4800620000
2022-04-06,4494.169922,4503.939941,4450.040039,4481.149902,4986830000
2022-04-07,4474.649902,4521.160156,4450.299805,4500.209961,4821490000
2022-04-08,4494.149902,4520.410156,4474.600098,4488.279785,4083200000
2022-04-11,4462.640137,4464.350098,4408.379883,4412.529785,4266290000
2022-04-12,4437.589844,4471.0,4381.339844,4397.450195,4152090000
2022-04-13,4394.299805,4453.919922,4392.700195,4446.589844,3828150000
2022-04-14,4449.120117,4460.459961,4390.77002,4392.589844,4083090000
2022-04-18,4385.629883,4410.310059,4370.299805,4391.689941,3910490000
2022-04-19,4390.629883,4471.029785,4390.629883,4462.209961,4108120000
2022-04-20,4472.259766,4488.290039,4448.759766,4459.450195,4290450000
2022-04-21,4489.169922,4512.939941,4384.470215,4393.660156,4636890000
2022-04-22,4385.830078,4385.830078,4267.620117,4271.779785,4651940000
2022-04-25,4255.339844,4299.02002,4200.819824,4296.120117,5240040000
2022-04-26,4278.140137,4278.140137,4175.040039,4175.200195,4689970000
2022-04-27,4186.52002,4240.709961,4162.899902,4183.959961,4769680000
2022-04-28,4222.580078,4308.450195,4188.629883,4287.5,4854180000
2022-04-29,4253.75,4269.680176,4124.279785,4131.930176,5084030000
2022-05-02,4130.609863,4169.810059,4062.51001,4155.379883,5163790000
2022-05-03,4159.779785,4200.100098,4147.080078,4175.47998,4582050000
2022-05-04,4181.180176,4307.660156,4148.910156,4300.169922,5136360000
2022-05-05,4270.430176,4270.430176,4106.009766,4146.870117,5077030000
2022-05-06,4128.169922,4157.689941,4067.909912,4123.339844,5116940000
2022-05-09,4081.27002,4081.27002,3975.47998,3991.23999,5954520000
2022-05-10,4035.179932,4068.820068,3958.169922,4001.050049,5885820000
2022-05-11,3990.080078,4049.090088,3928.820068,3935.179932,5816140000
2022-05-12,3903.949951,3964.800049,3858.870117,3930.080078,6286450000
2022-05-13,3963.899902,4038.879883,3963.899902,4023.889893,5183340000
2022-05-16,4013.02002,4046.459961,3983.98999,4008.01001,4415030000
2022-05-17,4052.0,4090.719971,4033.929932,4088.850098,4841410000
2022-05-18,4051.97998,4051.97998,3911.909912,3923.679932,5103220000
2022-05-19,3899.0,3945.959961,3876.580078,3900.790039,5113550000
2022-05-20,3927.76001,3943.419922,3810.320068,3901.360107,5130730000
2022-05-23,3919.419922,3981.879883,3909.040039,3973.75,4420030000
2022-05-24,3942.939941,3955.679932,3875.129883,3941.47998,4923190000
2022-05-25,3929.590088,3999.330078,3925.030029,3978.72998,4802560000
2022-05-26,3984.600098,4075.139893,3984.600098,4057.840088,4709970000
2022-05-27,4077.429932,4158.490234,4077.429932,4158.240234,4375620000
2022-05-31,4151.089844,4168.339844,4104.879883,4132.149902,6822640000
2022-06-01,4149.779785,4166.540039,4073.850098,4101.22998,4531800000
2022-06-02,4095.409912,4177.509766,4074.370117,4176.819824,4405790000
2022-06-03,4137.569824,4142.669922,4098.669922,4108.540039,3711110000
2022-06-06,4134.720215,4168.779785,4109.180176,4121.430176,4332700000
2022-06-07,4096.470215,4164.859863,4080.189941,4160.680176,4248210000
2022-06-08,4147.120117,4160.140137,4107.200195,4115.77002,4159470000
2022-06-09,4101.649902,4119.100098,4017.169922,4017.820068,4134170000
2022-06-10,3974.389893,3974.389893,3900.159912,3900.860107,4889640000
2022-06-13,3838.149902,3838.149902,3734.300049,3749.629883,5636890000
2022-06-14,3763.52002,3778.179932,3705.679932,3735.47998,5153890000
2022-06-15,3764.050049,3837.560059,3722.300049,3789.98999,5530480000
2022-06-16,3728.179932,3728.179932,3639.77002,3666.77002,5644930000
2022-06-17,3665.899902,3707.709961,3636.870117,3674.840088,8520740000
2022-06-21,3715.310059,3779.649902,3715.310059,3764.790039,5292260000
2022-06-22,3733.889893,3801.790039,3717.689941,3759.889893,5058990000
2022-06-23,3774.709961,3802.580078,3743.52002,3795.72998,5098640000
2022-06-24,3821.75,3913.649902,3821.75,3911.73999,8120260000
2022-06-27,3920.76001,3927.719971,3889.659912,3900.110107,4325310000
2022-06-28,3913.0,3945.860107,3820.139893,3821.550049,4270120000
2022-06-29,3825.090088,3836.5,3799.02002,3818.830078,4211240000
2022-06-30,3785.98999,3818.98999,3738.669922,3785.379883,4840070000
2022-07-01,3781.0,3829.820068,3752.100098,3825.330078,4046950000
2022-07-05,3792.610107,3832.189941,3742.060059,3831.389893,5076590000
2022-07-06,3831.97998,3870.909912,3809.370117,3845.080078,4417720000
2022-07-07,3858.850098,3910.629883,3858.850098,3902.620117,4057770000
2022-07-08,3888.26001,3918.5,3869.340088,3899.379883,3521620000
2022-07-11,3880.939941,3880.939941,3847.219971,3854.429932,3423480000
2022-07-12,3851.949951,3873.409912,3802.360107,3818.800049,3817210000
2022-07-13,3779.669922,3829.439941,3759.070068,3801.780029,4109390000
2022-07-14,3763.98999,3796.409912,3721.560059,3790.379883,4199690000
2022-07-15,3818.0,3863.620117,3817.179932,3863.159912,4143800000
2022-07-18,3883.790039,3902.439941,3818.629883,3830.850098,4046870000
2022-07-19,3860.72998,3939.810059,3860.72998,3936.689941,4041070000
2022-07-20,3935.320068,3974.129883,3922.030029,3959.899902,4185300000
2022-07-21,3955.469971,3999.290039,3927.639893,3998.949951,4132790000
2022-07-22,3998.429932,4012.439941,3938.860107,3961.629883,3979240000
2022-07-25,3965.719971,3975.300049,3943.459961,3966.840088,3568340000
2022-07-26,3953.219971,3953.219971,3910.73999,3921.050049,3778950000
2022-07-27,3951.429932,4039.560059,3951.429932,4023.610107,4112180000
2022-07-28,4026.129883,4078.949951,3992.969971,4072.429932,4413000000
2022-07-29,4087.330078,4140.149902,4079.219971,4130.290039,4616360000
2022-08-01,4112.379883,4144.950195,4096.02002,4118.629883,4202810000
2022-08-02,4104.209961,4140.470215,4079.810059,4091.189941,4727710000
2022-08-03,4107.959961,4167.660156,4107.959961,4155.169922,4351760000
2022-08-04,4154.850098,4161.290039,4135.419922,4151.939941,4283320000
2022-08-05,4115.870117,4151.580078,4107.310059,4145.189941,4085940000
2022-08-08,4155.930176,4186.620117,4128.970215,4140.060059,4221090000
2022-08-09,4133.109863,4137.299805,4112.089844,4122.470215,3913090000
2022-08-10,4181.02002,4211.029785,4177.259766,4210.240234,4546010000
2022-08-11,4227.399902,4257.910156,4201.410156,4207.27002,4630200000
2022-08-12,4225.02002,4280.470215,4219.779785,4280.149902,3788010000
2022-08-15,4269.370117,4301.790039,4256.899902,4297.140137,3696830000
2022-08-16,4290.459961,4325.279785,4277.77002,4305.200195,4329820000
2022-08-17,4280.399902,4302.180176,4253.080078,4274.040039,3885030000
2022-08-18,4273.129883,4292.529785,4261.97998,4283.740234,3340330000
2022-08-19,4266.310059,4266.310059,4218.700195,4228.47998,3761340000
2022-08-22,4195.080078,4195.080078,4129.859863,4137.990234,3907430000
2022-08-23,4133.089844,4159.77002,4124.029785,4128.72998,3823520000
2022-08-24,4126.549805,4156.560059,4119.970215,4140.77002,3583630000
2022-08-25,4153.259766,4200.540039,4147.589844,4199.120117,3566870000
2022-08-26,4198.740234,4203.040039,4057.659912,4057.659912,3832750000
2022-08-29,4034.580078,4062.98999,4017.419922,4030.610107,3396510000
2022-08-30,4041.25,4044.97998,3965.209961,3986.159912,3835860000
2022-08-31,4000.669922,4015.370117,3954.530029,3955.0,4542490000
2022-09-01,3936.72998,3970.22998,3903.649902,3966.850098,4152250000
2022-09-02,3994.659912,4018.429932,3906.209961,3924.26001,3665850000
2022-09-06,3930.889893,3942.550049,3886.75,3908.189941,4127340000
2022-09-07,3909.429932,3987.889893,3906.030029,3979.870117,3890320000
2022-09-08,3959.939941,4010.5,3944.810059,4006.179932,3966850000
2022-09-09,4022.939941,4076.810059,4022.939941,4067.360107,3901940000
2022-09-12,4083.669922,4119.279785,4083.669922,4110.410156,3814200000
2022-09-13,4037.120117,4037.120117,3921.280029,3932.689941,4224550000
2022-09-14,3940.72998,3961.939941,3912.179932,3946.01001,4293240000
2022-09-15,3932.409912,3959.139893,3888.280029,3901.350098,4441830000
2022-09-16,3880.949951,3880.949951,3837.080078,3873.330078,7954650000
2022-09-19,3849.909912,3900.449951,3838.5,3899.889893,3766850000
2022-09-20,3875.22998,3876.01001,3827.540039,3855.929932,4058050000
2022-09-21,3871.399902,3907.070068,3789.48999,3789.929932,4078330000
2022-09-22,3782.360107,3790.899902,3749.449951,3757.98999,4284600000
2022-09-23,3727.139893,3727.139893,3647.469971,3693.22998,5144270000
2022-09-26,3682.719971,3715.669922,3644.76001,3655.040039,4886140000
2022-09-27,3686.439941,3717.530029,3623.290039,3647.290039,4577740000
2022-09-28,3651.939941,3736.73999,3640.610107,3719.040039,4684850000
2022-09-29,3687.01001,3687.01001,3610.399902,3640.469971,4681810000
2022-09-30,3633.47998,3671.439941,3584.129883,3585.620117,5645360000
2022-10-03,3609.780029,3698.350098,3604.929932,3678.429932,4806680000
2022-10-04,3726.459961,3791.919922,3726.459961,3790.929932,5146580000
2022-10-05,3753.25,3806.909912,3722.659912,3783.280029,4293180000
2022-10-06,3771.969971,3797.929932,3739.219971,3744.52002,4252100000
2022-10-07,3706.73999,3706.73999,3620.72998,3639.659912,4449660000
2022-10-10,3647.51001,3652.169922,3588.100098,3612.389893,3834320000
2022-10-11,3595.860107,3640.659912,3568.449951,3588.840088,4759030000
2022-10-12,3590.830078,3608.340088,3573.860107,3577.030029,4006830000
2022-10-13,3520.370117,3685.409912,3491.580078,3669.909912,5021680000
2022-10-14,3690.409912,3712.0,3579.679932,3583.070068,4243030000
2022-10-17,3638.649902,3689.72998,3638.649902,3677.949951,4352780000
2022-10-18,3746.26001,3762.790039,3686.530029,3719.97998,4483740000
2022-10-19,3703.110107,3728.580078,3666.51001,3695.159912,4223800000
2022-10-20,3689.050049,3736.0,3656.439941,3665.780029,4496620000
2022-10-21,3657.100098,3757.889893,3647.419922,3752.75,5078020000
2022-10-24,3762.01001,3810.73999,3741.649902,3797.340088,4747930000
2022-10-25,3799.439941,3862.850098,3799.439941,3859.110107,4843120000
2022-10-26,3825.969971,3886.149902,3824.070068,3830.600098,4817310000
2022-10-27,3834.689941,3859.949951,3803.790039,3807.300049,4687320000
2022-10-28,3808.26001,3905.419922,3808.26001,3901.060059,4459410000
2022-10-31,3881.850098,3893.72998,3863.179932,3871.97998,4820620000
2022-11-01,3901.790039,3911.790039,3843.800049,3856.100098,4481210000
2022-11-02,3852.899902,3894.439941,3758.679932,3759.689941,4899000000
2022-11-03,3733.25,3750.590088,3698.149902,3719.889893,4625290000
2022-11-04,3766.97998,3796.340088,3708.840088,3770.550049,5400180000
2022-11-07,3780.709961,3813.949951,3764.699951,3806.800049,4341620000
2022-11-08,3817.02002,3859.399902,3786.280029,3828.110107,4607640000
2022-11-09,3810.939941,3818.199951,3744.219971,3748.570068,4645010000
2022-11-10,3859.889893,3958.330078,3859.889893,3956.370117,5781260000
2022-11-11,3963.719971,4001.47998,3944.820068,3992.929932,5593310000
2022-11-14,3977.969971,4008.969971,3956.399902,3957.25,4561930000
2022-11-15,4006.409912,4028.840088,3953.169922,3991.72998,5015310000
2022-11-16,3976.820068,3983.090088,3954.340088,3958.790039,4165320000
2022-11-17,3919.26001,3954.330078,3906.540039,3946.560059,4051780000
2022-11-18,3966.389893,3979.889893,3935.97998,3965.340088,4037360000
2022-11-21,3956.22998,3962.0,3933.340088,3949.939941,3850690000
2022-11-22,3965.51001,4005.879883,3956.879883,4003.580078,3887990000
2022-11-23,4000.300049,4033.780029,3998.659912,4027.26001,3279720000
2022-11-25,4023.340088,4034.02002,4020.76001,4026.120117,1706460000
2022-11-28,4005.360107,4012.27002,3955.77002,3963.939941,3615430000
2022-11-29,3964.189941,3976.77002,3937.649902,3957.629883,3546040000
2022-11-30,3957.179932,4080.110107,3938.580078,4080.110107,6579360000
2022-12-01,4087.139893,4100.509766,4050.870117,4076.570068,4527130000
2022-12-02,4040.169922,4080.47998,4026.629883,4071.699951,4012620000
2022-12-05,4052.02002,4052.449951,3984.48999,3998.840088,4280820000
2022-12-06,3996.629883,4001.51001,3918.389893,3941.26001,4368380000
2022-12-07,3933.280029,3957.570068,3922.679932,3933.919922,4118050000
2022-12-08,3947.790039,3974.189941,3935.830078,3963.51001,4006900000
2022-12-09,3954.169922,3977.02002,3933.040039,3934.379883,3888260000
2022-12-12,3939.290039,3990.709961,3935.300049,3990.560059,3904130000
2022-12-13,4069.379883,4100.959961,3993.030029,4019.649902,5079360000
2022-12-14,4015.540039,4053.76001,3965.649902,3995.320068,4472340000
2022-12-15,3958.370117,3958.370117,3879.449951,3895.75,4493900000
2022-12-16,3890.909912,3890.909912,3827.909912,3852.360107,7493660000
2022-12-19,3853.790039,3854.860107,3800.040039,3817.659912,3969610000
2022-12-20,3810.469971,3838.23999,3795.620117,3821.620117,3985370000
2022-12-21,3839.48999,3889.820068,3839.48999,3878.439941,3775200000
2022-12-22,3853.26001,3853.26001,3764.48999,3822.389893,3956950000
2022-12-23,3815.110107,3845.800049,3797.01001,3844.820068,2819280000
2022-12-27,3843.340088,3846.649902,3813.219971,3829.25,3030300000
2022-12-28,3829.560059,3848.320068,3780.780029,3783.219971,3083520000
2022-12-29,3805.449951,3858.189941,3805.449951,3849.280029,3003680000
2022-12-30,3829.060059,3839.850098,3800.340088,3839.5,2979870000
2023-01-03,3853.290039,3878.459961,3794.330078,3824.139893,3959140000
2023-01-04,3840.360107,3873.159912,3815.77002,3852.969971,4414080000
2023-01-05,3839.73999,3839.73999,3802.419922,3808.100098,3893450000
2023-01-06,3823.370117,3906.189941,3809.560059,3895.080078,3923560000
2023-01-09,3910.820068,3950.570068,3890.419922,3892.090088,4311770000
2023-01-10,3888.570068,3919.830078,3877.290039,3919.25,3851030000
2023-01-11,3932.350098,3970.070068,3928.540039,3969.610107,4303360000
2023-01-12,3977.570068,3997.76001,3937.560059,3983.169922,4440260000
2023-01-13,3960.600098,4003.949951,3947.669922,3999.090088,3939700000
2023-01-17,3999.280029,4015.389893,3984.570068,3990.969971,4235560000
2023-01-18,4002.25,4014.159912,3926.590088,3928.860107,4298710000
2023-01-19,3911.840088,3922.939941,3885.540039,3898.850098,3991500000
2023-01-20,3909.040039,3972.959961,3897.860107,3972.610107,4013360000
2023-01-23,3978.139893,4039.310059,3971.639893,4019.810059,3945210000
2023-01-24,4001.73999,4023.919922,3989.790039,4016.949951,3320430000
2023-01-25,3982.709961,4019.550049,3949.060059,4016.219971,3724020000
2023-01-26,4036.080078,4061.570068,4013.290039,4060.429932,3809590000
2023-01-27,4053.719971,4094.209961,4048.699951,4070.560059,3907760000
2023-01-30,4049.27002,4063.850098,4015.550049,4017.77002,3802000000
2023-01-31,4020.850098,4077.159912,4020.439941,4076.600098,4679320000
2023-02-01,4070.070068,4148.950195,4037.199951,4119.209961,4856930000
2023-02-02,4158.680176,4195.439941,4141.879883,4179.759766,5624360000
2023-02-03,4136.689941,4182.359863,4123.359863,4136.47998,4694510000
2023-02-06,4119.569824,4124.629883,4093.379883,4111.080078,4114240000
2023-02-07,4105.350098,4176.540039,4088.389893,4164.0,4355860000
2023-02-08,4153.470215,4156.850098,4111.669922,4117.859863,4029820000
2023-02-09,4144.25,4156.22998,4069.669922,4081.5,4270200000
2023-02-10,4068.919922,4094.360107,4060.790039,4090.459961,3891520000
2023-02-13,4096.620117,4138.899902,4092.669922,4137.290039,3448620000
2023-02-14,4126.700195,4159.77002,4095.01001,4136.129883,3929200000
2023-02-15,4119.5,4148.109863,4103.97998,4147.600098,4075980000
2023-02-16,4114.75,4136.540039,4089.48999,4090.409912,4143660000
2023-02-17,4077.389893,4081.51001,4047.949951,4079.090088,4045480000
2023-02-21,4052.350098,4052.350098,3995.189941,3997.340088,4121590000
2023-02-22,4001.830078,4017.370117,3976.899902,3991.050049,4079320000
2023-02-23,4018.600098,4028.300049,3969.189941,4012.320068,3952940000
2023-02-24,3973.23999,3978.25,3943.080078,3970.040039,3877700000
2023-02-27,3992.360107,4018.050049,3973.550049,3982.23999,3836950000
2023-02-28,3977.189941,3997.5,3968.97998,3970.149902,5043400000
2023-03-01,3963.340088,3971.72998,3939.050049,3951.389893,4249480000
2023-03-02,3938.679932,3990.840088,3928.159912,3981.350098,4244900000
2023-03-03,3998.02002,4048.290039,3995.169922,4045.639893,4084730000
2023-03-06,4055.149902,4078.48999,4044.610107,4048.419922,4000870000
2023-03-07,4048.26001,4050.0,3980.310059,3986.370117,3922500000
2023-03-08,3987.550049,4000.409912,3969.76001,3992.01001,3535570000
2023-03-09,3998.659912,4017.810059,3908.699951,3918.320068,4445260000
2023-03-10,3912.77002,3934.050049,3846.320068,3861.590088,5518190000
2023-03-13,3835.120117,3905.050049,3808.860107,3855.76001,6558020000
2023-03-14,3894.01001,3937.290039,3873.629883,3919.290039,5665870000
2023-03-15,3876.73999,3894.26001,3838.23999,3891.929932,6594010000
2023-03-16,3878.929932,3964.459961,3864.110107,3960.280029,5695790000
2023-03-17,3958.689941,3958.909912,3901.27002,3916.639893,9354280000
2023-03-20,3917.469971,3956.620117,3916.889893,3951.570068,5347140000
2023-03-21,3975.889893,4009.080078,3971.189941,4002.870117,4920240000
2023-03-22,4002.040039,4039.48999,3936.169922,3936.969971,4533010000
2023-03-23,3959.209961,4007.659912,3919.050049,3948.719971,4991600000
2023-03-24,3939.209961,3972.73999,3909.159912,3970.98999,4583970000
2023-03-27,3982.929932,4003.830078,3970.48999,3977.530029,4233540000
2023-03-28,3974.129883,3979.199951,3951.530029,3971.27002,4014600000
2023-03-29,3999.530029,4030.590088,3999.530029,4027.810059,4145250000
2023-03-30,4046.73999,4057.850098,4032.100098,4050.830078,3930860000
2023-03-31,4056.179932,4110.75,4056.179932,4109.310059,4525120000
2023-04-03,4102.200195,4127.660156,4098.790039,4124.509766,4234700000
2023-04-04,4128.029785,4133.129883,4086.870117,4100.600098,4227800000
2023-04-05,4094.5,4099.689941,4072.560059,4090.379883,3968020000
2023-04-06,4081.149902,4107.319824,4069.840088,4105.02002,3486690000
2023-04-10,4085.199951,4109.5,4072.550049,4109.109863,3423650000
2023-04-11,4110.290039,4124.259766,4102.609863,4108.939941,3665830000
2023-04-12,4121.720215,4134.370117,4086.939941,4091.949951,3633120000
2023-04-13,4100.040039,4150.259766,4099.399902,4146.220215,3596590000
2023-04-14,4140.109863,4163.189941,4113.200195,4137.640137,3575690000
2023-04-17,4137.169922,4151.720215,4123.180176,4151.319824,3611180000
2023-04-18,4164.259766,4169.47998,4140.359863,4154.870117,3536640000
2023-04-19,4139.330078,4162.569824,4134.490234,4154.52002,3572560000
2023-04-20,4130.47998,4148.569824,4114.569824,4129.790039,3772080000
2023-04-21,4132.140137,4138.02002,4113.859863,4133.52002,3611750000
2023-04-24,4132.069824,4142.410156,4117.77002,4137.040039,3290940000
2023-04-25,4126.430176,4126.430176,4071.379883,4071.629883,3978640000
2023-04-26,4087.780029,4089.669922,4049.350098,4055.98999,3837030000
2023-04-27,4075.290039,4138.240234,4075.290039,4135.350098,3750550000
2023-04-28,4129.629883,4170.060059,4127.180176,4169.47998,4087800000
2023-05-01,4166.790039,4186.919922,4164.120117,4167.870117,3321370000
2023-05-02,4164.100098,4164.100098,4089.719971,4119.580078,4486130000
2023-05-03,4122.25,4148.299805,4088.860107,4090.75,4246510000
2023-05-04,4082.550049,4082.610107,4048.280029,4061.219971,4920090000
2023-05-05,4084.72998,4147.02002,4084.72998,4136.25,4186270000
2023-05-08,4136.97998,4142.299805,4123.810059,4138.120117,3641640000
2023-05-09,4124.25,4130.350098,4116.649902,4119.169922,3810140000
2023-05-10,4143.740234,4154.279785,4098.919922,4137.640137,4057160000
2023-05-11,4132.240234,4132.799805,4109.290039,4130.620117,3752900000
2023-05-12,4138.540039,4143.740234,4099.120117,4124.080078,3533740000
2023-05-15,4126.649902,4141.25,4110.27002,4136.279785,3562170000
2023-05-16,4127.950195,4135.540039,4109.859863,4109.899902,3654200000
2023-05-17,4122.850098,4164.669922,4113.620117,4158.77002,4039080000
2023-05-18,4157.680176,4202.200195,4153.5,4198.049805,3980500000
2023-05-19,4204.149902,4212.910156,4180.200195,4191.97998,4041900000
2023-05-22,4190.779785,4209.220215,4179.680176,4192.629883,3728520000
2023-05-23,4176.799805,4185.680176,4142.540039,4145.580078,4155320000
2023-05-24,4132.959961,4132.959961,4103.97998,4115.240234,0
2023-05-25,4155.709961,4165.740234,4129.72998,4151.279785,4147760000
2023-05-26,4156.160156,4212.870117,4156.160156,4205.450195,3715460000
2023-05-30,4226.709961,4231.100098,4192.180176,4205.52002,4228510000
2023-05-31,4190.740234,4195.439941,4166.149902,4179.830078,5980670000
2023-06-01,4183.029785,4232.430176,4171.640137,4221.02002,4391860000
2023-06-02,4241.009766,4290.669922,4241.009766,4282.370117,4454200000
2023-06-05,4282.990234,4299.279785,4266.819824,4273.790039,3813290000
2023-06-06,4271.339844,4288.330078,4263.089844,4283.850098,3996560000
2023-06-07,4285.470215,4299.189941,4263.959961,4267.52002,4537800000
2023-06-08,4268.689941,4298.009766,4261.069824,4293.930176,3826740000
2023-06-09,4304.879883,4322.620117,4291.700195,4298.859863,3786510000
2023-06-12,4308.319824,4340.129883,4304.370117,4338.930176,3945670000
2023-06-13,4352.609863,4375.370117,4349.310059,4369.009766,4275400000
2023-06-14,4366.290039,4391.819824,4337.850098,4372.589844,4252110000
2023-06-15,4365.330078,4439.200195,4362.600098,4425.839844,4176690000
2023-06-16,4440.950195,4448.470215,4407.439941,4409.589844,6848600000
2023-06-20,4396.109863,4400.149902,4367.189941,4388.709961,4055790000
2023-06-21,4380.009766,4386.220215,4360.140137,4365.689941,3709330000
2023-06-22,4355.399902,4382.25,4351.819824,4381.890137,3511000000
2023-06-23,4354.169922,4366.549805,4341.339844,4348.330078,6053620000
2023-06-26,4344.839844,4362.060059,4328.080078,4328.819824,3415030000
2023-06-27,4337.359863,4384.419922,4335.0,4378.410156,3573500000
2023-06-28,4367.47998,4390.350098,4360.220215,4376.859863,3739330000
2023-06-29,4374.939941,4398.390137,4371.970215,4396.439941,3696660000
2023-06-30,4422.439941,4458.47998,4422.439941,4450.379883,3923450000
2023-07-03,4450.47998,4456.459961,4442.290039,4455.589844,2034280000
2023-07-05,4442.040039,4454.060059,4436.609863,4446.819824,3482620000
2023-07-06,4422.620117,4422.620117,4385.049805,4411.589844,3682020000
2023-07-07,4404.540039,4440.390137,4397.399902,4398.950195,3630480000
2023-07-10,4394.22998,4412.600098,4389.919922,4409.529785,3429600000
2023-07-11,4415.549805,4443.640137,4408.459961,4439.259766,3624220000
2023-07-12,4467.689941,4488.339844,4463.22998,4472.160156,3920290000
2023-07-13,4491.5,4517.379883,4489.359863,4510.040039,3839530000
2023-07-14,4514.609863,4527.759766,4499.560059,4505.419922,3647450000
2023-07-17,4508.859863,4532.850098,4504.899902,4522.790039,3538240000
2023-07-18,4521.779785,4562.299805,4514.589844,4554.97998,4090010000
2023-07-19,4563.870117,4578.430176,4557.47998,4565.720215,4115670000
2023-07-20,4554.379883,4564.740234,4527.560059,4534.870117,3761770000
2023-07-21,4550.160156,4555.0,4535.790039,4536.339844,3570190000
2023-07-24,4543.390137,4563.410156,4541.290039,4554.640137,3856250000
2023-07-25,4555.189941,4580.620117,4552.419922,4567.459961,3812470000
2023-07-26,4558.959961,4582.470215,4547.580078,4566.75,3990290000
2023-07-27,4598.259766,4607.069824,4528.560059,4537.410156,4553210000
2023-07-28,4565.75,4590.160156,4564.009766,4582.22998,3981010000
2023-07-31,4584.819824,4594.220215,4573.140137,4588.959961,4503600000
2023-08-01,4578.830078,4584.620117,4567.529785,4576.72998,4042370000
2023-08-02,4550.930176,4550.930176,4505.75,4513.390137,4270710000
2023-08-03,4494.27002,4519.490234,4485.540039,4501.890137,4149120000
2023-08-04,4513.959961,4540.339844,4474.549805,4478.029785,4143310000
2023-08-07,4491.580078,4519.839844,4491.149902,4518.439941,3493920000
2023-08-08,4498.029785,4503.310059,4464.390137,4499.379883,3884910000
2023-08-09,4501.569824,4502.439941,4461.330078,4467.709961,3803100000
2023-08-10,4487.160156,4527.370117,4457.919922,4468.830078,4504370000
2023-08-11,4450.689941,4476.22998,4443.97998,4464.049805,3753290000
2023-08-14,4458.129883,4490.330078,4453.439941,4489.720215,3896410000
2023-08-15,4478.870117,4478.870117,4432.189941,4437.859863,3832250000
2023-08-16,4433.790039,4449.950195,4403.549805,4404.330078,3753910000
2023-08-17,4416.319824,4421.169922,4364.830078,4370.359863,3943700000
2023-08-18,4344.879883,4381.819824,4335.310059,4369.709961,3940400000
2023-08-21,4380.279785,4407.549805,4360.299805,4399.77002,3726850000
2023-08-22,4415.330078,4418.589844,4382.77002,4387.549805,3522760000
2023-08-23,4396.439941,4443.180176,4396.439941,4436.009766,3837270000
2023-08-24,4455.160156,4458.299805,4375.549805,4376.310059,3723470000
2023-08-25,4389.379883,4418.459961,4356.290039,4405.709961,3296180000
2023-08-28,4426.029785,4439.560059,4414.97998,4433.310059,2957230000
2023-08-29,4432.75,4500.140137,4431.680176,4497.629883,3354820000
2023-08-30,4500.339844,4521.649902,4493.589844,4514.870117,3064110000
2023-08-31,4517.009766,4532.259766,4507.390137,4507.660156,3946360000
2023-09-01,4530.600098,4541.25,4501.350098,4515.77002,3246260000
2023-09-05,4510.060059,4514.290039,4496.009766,4496.830078,3526250000
2023-09-06,4490.350098,4490.350098,4442.379883,4465.47998,3418850000
2023-09-07,4434.549805,4457.810059,4430.459961,4451.140137,3763760000
2023-09-08,4451.299805,4473.529785,4448.379883,4457.490234,3259290000
2023-09-11,4480.97998,4490.77002,4467.890137,4487.459961,3369920000
2023-09-12,4473.27002,4487.109863,4456.830078,4461.899902,3435740000
2023-09-13,4462.649902,4479.390137,4453.52002,4467.439941,3529430000
2023-09-14,4487.779785,4511.990234,4478.689941,4505.100098,3648720000
2023-09-15,4497.97998,4497.97998,4447.209961,4450.319824,6932230000
2023-09-18,4445.129883,4466.359863,4442.109863,4453.529785,3161230000
2023-09-19,4445.410156,4449.850098,4416.609863,4443.950195,3614880000
2023-09-20,4452.810059,4461.029785,4401.379883,4402.200195,3308450000
2023-09-21,4374.359863,4375.700195,4329.169922,4330.0,3662340000
2023-09-22,4341.740234,4357.399902,4316.490234,4320.060059,3349570000
2023-09-25,4310.620117,4338.509766,4302.700195,4337.439941,3195650000
2023-09-26,4312.879883,4313.009766,4265.97998,4273.529785,3472340000
2023-09-27,4282.629883,4292.069824,4238.629883,4274.509766,3875880000
2023-09-28,4269.649902,4317.27002,4264.379883,4299.700195,3846230000
2023-09-29,4328.180176,4333.149902,4274.859863,4288.049805,3865960000
2023-10-02,4284.52002,4300.580078,4260.209961,4288.390137,3938660000
2023-10-03,4269.75,4281.149902,4216.450195,4229.450195,3953830000
2023-10-04,4233.830078,4268.5,4220.47998,4263.75,3777600000
2023-10-05,4259.310059,4267.129883,4225.910156,4258.189941,3581470000
2023-10-06,4234.790039,4324.100098,4219.549805,4308.5,3902030000
2023-10-09,4289.02002,4341.72998,4283.790039,4335.660156,3174630000
2023-10-10,4339.75,4385.459961,4339.640137,4358.240234,3520240000
2023-10-11,4366.589844,4378.640137,4345.339844,4376.950195,3601660000
2023-10-12,4380.939941,4385.850098,4325.430176,4349.609863,3713140000
2023-10-13,4360.490234,4377.100098,4311.970215,4327.779785,3566560000
2023-10-16,4342.370117,4383.330078,4342.370117,4373.629883,3409960000
2023-10-17,4345.22998,4393.569824,4337.540039,4373.200195,3794850000
2023-10-18,4357.350098,4364.200195,4303.839844,4314.600098,3686030000
2023-10-19,4321.359863,4339.540039,4269.689941,4278.0,3969730000
2023-10-20,4273.850098,4276.560059,4223.029785,4224.160156,4004030000
2023-10-23,4210.399902,4255.839844,4189.220215,4217.040039,3776100000
2023-10-24,4235.790039,4259.379883,4219.430176,4247.680176,3821820000
2023-10-25,4232.419922,4232.419922,4181.419922,4186.77002,3869370000
2023-10-26,4175.990234,4183.600098,4127.899902,4137.22998,4277640000
2023-10-27,4152.930176,4156.700195,4103.779785,4117.370117,4019500000
2023-10-30,4139.390137,4177.470215,4132.939941,4166.819824,3911140000
2023-10-31,4171.330078,4195.549805,4153.120117,4193.799805,4249470000
2023-11-01,4201.27002,4245.640137,4197.740234,4237.859863,4224900000
2023-11-02,4268.259766,4319.720215,4268.259766,4317.779785,4669780000
2023-11-03,4334.22998,4373.620117,4334.22998,4358.339844,4570960000
2023-11-06,4364.27002,4372.209961,4347.529785,4365.97998,3656340000
2023-11-07,4366.209961,4386.259766,4355.410156,4378.379883,3791230000
2023-11-08,4384.370117,4391.200195,4359.759766,4382.779785,3729510000
2023-11-09,4391.410156,4393.399902,4343.939941,4347.350098,3900780000
2023-11-10,4364.149902,4418.029785,4353.339844,4415.240234,3665080000
2023-11-13,4406.660156,4421.759766,4393.819824,4411.549805,3326240000
2023-11-14,4458.970215,4508.669922,4458.970215,4495.700195,4700350000
2023-11-15,4505.299805,4521.169922,4495.310059,4502.879883,4347170000
2023-11-16,4497.080078,4511.990234,4487.830078,4508.240234,3964520000
2023-11-17,4509.549805,4520.120117,4499.660156,4514.02002,3777240000
2023-11-20,4511.700195,4557.109863,4510.359863,4547.379883,3644790000
2023-11-21,4538.77002,4542.140137,4525.509766,4538.189941,3511080000
2023-11-22,4553.040039,4568.430176,4545.049805,4556.620117,3042810000
2023-11-24,4555.839844,4560.310059,4552.799805,4559.339844,1639500000
2023-11-27,4554.859863,4560.52002,4546.319824,4550.430176,3403990000
2023-11-28,4545.549805,4568.140137,4540.509766,4554.890137,3586240000
2023-11-29,4571.839844,4587.640137,4547.149902,4550.580078,4418760000
2023-11-30,4554.870117,4569.890137,4537.240234,4567.799805,5399300000
2023-12-01,4559.430176,4599.390137,4554.709961,4594.629883,4397120000
2023-12-04,4564.370117,4572.370117,4546.720215,4569.779785,4369910000
2023-12-05,4557.25,4578.560059,4551.680176,4567.180176,3909950000
2023-12-06,4586.22998,4590.740234,4546.5,4549.339844,4245680000
2023-12-07,4568.839844,4590.919922,4565.220215,4585.589844,3818880000
2023-12-08,4576.200195,4609.22998,4574.060059,4604.370117,3707010000
2023-12-11,4593.390137,4623.709961,4593.390137,4622.439941,3823210000
2023-12-12,4618.299805,4643.930176,4608.089844,4643.700195,3808380000
2023-12-13,4646.200195,4709.689941,4643.22998,4707.089844,5063650000
2023-12-14,4721.040039,4738.569824,4694.339844,4719.549805,6314040000
2023-12-15,4714.22998,4725.529785,4704.689941,4719.189941,8218980000
2023-12-18,4725.580078,4749.52002,4725.580078,4740.560059,4060340000
2023-12-19,4743.720215,4768.689941,4743.720215,4768.370117,4026970000
2023-12-20,4764.72998,4778.009766,4697.819824,4698.350098,4201320000
2023-12-21,4724.290039,4748.709961,4708.350098,4746.75,3431180000
2023-12-22,4753.919922,4772.939941,4736.77002,4754.629883,3046770000
2023-12-26,4758.859863,4784.720215,4758.450195,4774.75,2513910000
2023-12-27,4773.450195,4785.390137,4768.899902,4781.580078,2748450000
2023-12-28,4786.439941,4793.299805,4780.97998,4783.350098,2698860000
2023-12-29,4782.879883,4788.430176,4751.990234,4769.830078,3126060000
2024-01-02,4745.200195,4754.330078,4722.669922,4742.830078,3743050000
2024-01-03,4725.069824,4729.290039,4699.709961,4704.810059,3950760000
2024-01-04,4697.419922,4726.779785,4687.529785,4688.680176,3715480000
2024-01-05,4690.569824,4721.490234,4682.109863,4697.240234,3844370000
2024-01-08,4703.700195,4764.540039,4699.819824,4763.540039,3742320000
2024-01-09,4741.930176,4765.470215,4730.350098,4756.5,3529960000
2024-01-10,4759.939941,4790.799805,4756.200195,4783.450195,3498680000
2024-01-11,4792.129883,4798.5,4739.580078,4780.240234,3759890000
2024-01-12,4791.180176,4802.399902,4768.97998,4783.830078,3486340000
2024-01-16,4772.350098,4782.339844,4747.120117,4765.97998,4260550000
2024-01-17,4739.129883,4744.22998,4714.819824,4739.209961,3928600000
2024-01-18,4760.100098,4785.790039,4740.569824,4780.939941,4019000000
2024-01-19,4796.279785,4842.069824,4785.870117,4839.810059,4287200000
2024-01-22,4853.419922,4868.410156,4844.049805,4850.430176,4297610000
2024-01-23,4856.799805,4866.47998,4844.370117,4864.600098,3912800000
2024-01-24,4888.560059,4903.680176,4865.939941,4868.549805,4330030000
2024-01-25,4886.660156,4898.149902,4869.339844,4894.160156,4020430000
2024-01-26,4888.910156,4906.689941,4881.470215,4890.970215,3353400000
2024-01-29,4892.950195,4929.310059,4887.399902,4927.930176,3525160000
2024-01-30,4925.890137,4931.089844,4916.27002,4924.970215,3836130000
2024-01-31,4899.189941,4906.75,4845.149902,4845.649902,4696120000
2024-02-01,4861.109863,4906.970215,4853.52002,4906.189941,4386090000
2024-02-02,4916.060059,4975.290039,4907.990234,4958.609863,3974350000
2024-02-05,4957.189941,4957.189941,4918.089844,4942.810059,4023640000
2024-02-06,4950.160156,4957.77002,4934.879883,4954.22998,4440880000
2024-02-07,4973.049805,4999.890137,4969.049805,4995.060059,4895590000
2024-02-08,4995.160156,5000.399902,4987.089844,4997.910156,4341860000
2024-02-09,5004.169922,5030.060059,5000.339844,5026.609863,3912990000
2024-02-12,5026.830078,5048.390137,5016.830078,5021.839844,3805740000
2024-02-13,4967.939941,4971.299805,4920.310059,4953.169922,4302190000
2024-02-14,4976.439941,5002.52002,4956.450195,5000.620117,3845600000
2024-02-15,5003.140137,5032.720215,4999.439941,5029.72998,4137970000
2024-02-16,5031.129883,5038.700195,4999.52002,5005.569824,3833270000
2024-02-20,4989.319824,4993.709961,4955.02002,4975.509766,4034880000
2024-02-21,4963.029785,4983.209961,4946.0,4981.799805,3788390000
2024-02-22,5038.830078,5094.390137,5038.830078,5087.029785,4051710000
2024-02-23,5100.919922,5111.060059,5081.459961,5088.799805,3672790000
2024-02-26,5093.0,5097.660156,5068.910156,5069.529785,3683930000
2024-02-27,5074.600098,5080.689941,5057.290039,5078.180176,3925950000
2024-02-28,5067.200195,5077.370117,5058.350098,5069.759766,3789370000
2024-02-29,5085.359863,5104.990234,5061.890137,5096.27002,5219740000
2024-03-01,5098.509766,5140.330078,5094.160156,5137.080078,4748110000
2024-03-04,5130.990234,5149.669922,5127.180176,5130.950195,4758440000
2024-03-05,5110.52002,5114.540039,5056.819824,5078.649902,4418410000
2024-03-06,5108.029785,5127.970215,5092.220215,5104.759766,4559050000
2024-03-07,5132.379883,5165.620117,5128.209961,5157.359863,4137980000
2024-03-08,5164.459961,5189.259766,5117.5,5123.689941,4208870000
2024-03-11,5111.959961,5124.660156,5091.140137,5117.939941,3896430000
2024-03-12,5134.299805,5179.870117,5114.47998,5175.27002,4080510000
2024-03-13,5173.490234,5179.140137,5151.879883,5165.310059,4282890000
2024-03-14,5175.140137,5176.850098,5123.299805,5150.47998,4687970000
2024-03-15,5123.310059,5136.859863,5104.350098,5117.089844,7753670000
2024-03-18,5154.77002,5175.600098,5145.470215,5149.419922,4036220000
2024-03-19,5139.089844,5180.310059,5131.589844,5178.509766,4031760000
2024-03-20,5181.689941,5226.189941,5171.549805,5224.620117,4064850000
2024-03-21,5253.430176,5261.100098,5240.660156,5241.529785,4207730000
2024-03-22,5242.47998,5246.089844,5229.870117,5234.180176,3374700000
2024-03-25,5219.52002,5229.089844,5216.089844,5218.189941,3331360000
2024-03-26,5228.850098,5235.160156,5203.419922,5203.580078,3871790000
2024-03-27,5226.310059,5249.259766,5213.919922,5248.490234,3850500000
2024-03-28,5248.029785,5264.850098,5245.819824,5254.350098,3998270000
2024-04-01,5257.970215,5263.950195,5229.200195,5243.77002,3325930000
2024-04-02,5204.290039,5208.339844,5184.049805,5205.810059,3886590000
2024-04-03,5194.370117,5228.75,5194.370117,5211.490234,3703250000
2024-04-04,5244.049805,5256.589844,5146.060059,5147.209961,4075680000
2024-04-05,5158.950195,5222.180176,5157.209961,5204.339844,3386780000
2024-04-08,5211.370117,5219.569824,5197.350098,5202.390137,3278180000
2024-04-09,5217.029785,5224.810059,5160.779785,5209.910156,3400680000
2024-04-10,5167.879883,5178.430176,5138.700195,5160.640137,3845930000
2024-04-11,5172.950195,5211.779785,5138.77002,5199.060059,3509380000
2024-04-12,5171.509766,5175.029785,5107.939941,5123.410156,3963220000
2024-04-15,5149.669922,5168.430176,5052.470215,5061.819824,3950210000
2024-04-16,5064.589844,5079.839844,5039.830078,5051.410156,4006200000
2024-04-17,5068.970215,5077.959961,5007.25,5022.209961,3596130000
2024-04-18,5031.52002,5056.660156,5001.890137,5011.120117,3619760000
2024-04-19,5005.439941,5019.02002,4953.560059,4967.22998,3878750000
2024-04-22,4987.330078,5038.839844,4969.399902,5010.600098,3820250000
2024-04-23,5028.850098,5076.120117,5027.959961,5070.549805,3751400000
2024-04-24,5084.859863,5089.47998,5047.02002,5071.629883,3656740000
2024-04-25,5019.879883,5057.75,4990.580078,5048.419922,3958050000
2024-04-26,5084.649902,5114.620117,5073.140137,5099.959961,3604140000
2024-04-29,5114.129883,5123.490234,5088.649902,5116.169922,3447450000
2024-04-30,5103.779785,5110.830078,5035.310059,5035.689941,4082470000
2024-05-01,5029.029785,5096.120117,5013.450195,5018.390137,4544170000
2024-05-02,5049.319824,5073.209961,5011.049805,5064.200195,4381660000
2024-05-03,5122.779785,5139.120117,5101.220215,5127.790039,3924990000
2024-05-06,5142.419922,5181.0,5142.419922,5180.740234,3683250000
2024-05-07,5187.200195,5200.22998,5178.959961,5187.700195,3987890000
2024-05-08,5168.97998,5191.950195,5165.859863,5187.669922,3842100000
2024-05-09,5189.029785,5215.299805,5180.410156,5214.080078,3727370000
2024-05-10,5225.490234,5239.660156,5209.680176,5222.680176,3617900000
2024-05-13,5233.080078,5237.259766,5211.160156,5221.419922,4255710000
2024-05-14,5221.100098,5250.370117,5217.97998,5246.680176,4763580000
2024-05-15,5263.259766,5311.759766,5263.259766,5308.149902,4360810000
2024-05-16,5310.069824,5325.490234,5296.189941,5297.100098,3817470000
2024-05-17,5303.100098,5305.450195,5283.589844,5303.27002,3578120000
2024-05-20,5305.350098,5325.319824,5302.399902,5308.129883,3420100000
2024-05-21,5298.689941,5324.319824,5297.870117,5321.410156,3662240000
2024-05-22,5319.279785,5323.180176,5286.009766,5307.009766,3847130000
2024-05-23,5340.259766,5341.879883,5256.930176,5267.839844,3869520000
2024-05-24,5281.450195,5311.649902,5278.390137,5304.720215,3005510000
2024-05-28,5315.910156,5315.910156,5280.890137,5306.040039,3751540000
2024-05-29,5278.72998,5282.27002,5262.700195,5266.950195,3552750000
2024-05-30,5259.77002,5260.209961,5222.100098,5235.47998,3818750000
2024-05-31,5243.209961,5280.330078,5191.680176,5277.509766,5437160000
2024-06-03,5297.149902,5302.109863,5234.319824,5283.399902,4046920000
2024-06-04,5278.240234,5298.799805,5257.629883,5291.339844,3707900000
2024-06-05,5314.47998,5354.160156,5297.640137,5354.029785,3591460000
2024-06-06,5357.799805,5362.350098,5335.359863,5352.959961,3609990000
2024-06-07,5343.810059,5375.080078,5331.330078,5346.990234,3692760000
2024-06-10,5341.220215,5365.790039,5331.52002,5360.790039,3622280000
2024-06-11,5353.0,5375.950195,5327.25,5375.319824,3568030000
2024-06-12,5409.129883,5447.25,5409.129883,5421.029785,3962840000
2024-06-13,5441.930176,5441.930176,5402.509766,5433.740234,3530380000
2024-06-14,5424.080078,5432.390137,5403.75,5431.600098,3438650000
2024-06-17,5431.109863,5488.5,5420.399902,5473.22998,3447840000
2024-06-18,5476.149902,5490.379883,5471.319824,5487.029785,3544330000
2024-06-20,5499.990234,5505.529785,5455.560059,5473.169922,3847060000
2024-06-21,5466.77002,5478.310059,5452.029785,5464.620117,6773800000
2024-06-24,5459.580078,5490.660156,5447.589844,5447.870117,3696750000
2024-06-25,5460.72998,5472.879883,5446.560059,5469.299805,3591960000
2024-06-26,5460.709961,5483.140137,5451.870117,5477.899902,3563920000
2024-06-27,5473.589844,5490.810059,5467.540039,5482.870117,3589530000
2024-06-28,5488.47998,5523.640137,5451.120117,5460.47998,7199220000
2024-07-01,5471.080078,5479.549805,5446.529785,5475.089844,3488760000
2024-07-02,5461.839844,5509.689941,5458.430176,5509.009766,3329950000
2024-07-03,5507.439941,5539.27002,5507.419922,5537.02002,2179470000
2024-07-05,5537.910156,5570.330078,5531.629883,5567.189941,3253080000
2024-07-08,5572.75,5583.109863,5562.509766,5572.850098,3185670000
2024-07-09,5584.240234,5590.75,5574.569824,5576.97998,3232920000
2024-07-10,5591.259766,5635.390137,5586.439941,5633.910156,3336100000
2024-07-11,5635.209961,5642.450195,5576.529785,5584.540039,4020950000
2024-07-12,5590.759766,5655.560059,5590.439941,5615.350098,3700280000
2024-07-15,5638.160156,5666.939941,5614.75,5631.220215,3620470000
2024-07-16,5644.089844,5669.669922,5639.02002,5667.200195,4041760000
2024-07-17,5610.069824,5622.490234,5584.810059,5588.27002,4246450000
2024-07-18,5608.560059,5614.049805,5522.810059,5544.589844,4007510000
2024-07-19,5543.370117,5557.5,5497.040039,5505.0,3760570000
2024-07-22,5544.540039,5570.359863,5529.040039,5564.410156,3375180000
2024-07-23,5565.299805,5585.339844,5550.899902,5555.740234,3500210000
2024-07-24,5505.839844,5508.040039,5419.97998,5427.129883,3945550000
2024-07-25,5428.700195,5491.589844,5390.950195,5399.220215,4592120000
2024-07-26,5433.669922,5488.319824,5430.700195,5459.100098,3638770000
2024-07-29,5476.549805,5487.740234,5444.439941,5463.540039,3379970000
2024-07-30,5478.72998,5489.459961,5401.700195,5436.439941,3777740000
2024-07-31,5505.589844,5551.509766,5493.75,5522.299805,4546910000
2024-08-01,5537.839844,5566.160156,5410.419922,5446.680176,4703620000
2024-08-02,5376.629883,5383.890137,5302.029785,5346.560059,5156450000
2024-08-05,5151.140137,5250.890137,5119.259766,5186.330078,5333250000
2024-08-06,5206.419922,5312.339844,5193.560059,5240.029785,4690190000
2024-08-07,5293.129883,5330.640137,5195.540039,5199.5,4558260000
2024-08-08,5252.569824,5328.029785,5233.850098,5319.310059,4016830000
2024-08-09,5314.660156,5358.669922,5300.839844,5344.160156,3516400000
2024-08-12,5351.879883,5371.200195,5324.370117,5344.390137,3360160000
2024-08-13,5376.97998,5436.5,5376.97998,5434.430176,3648980000
2024-08-14,5442.359863,5463.220215,5415.910156,5455.209961,3380050000
2024-08-15,5501.129883,5546.22998,5501.129883,5543.220215,3723310000
2024-08-16,5530.5,5561.97998,5525.169922,5554.25,3357690000
2024-08-19,5557.22998,5608.299805,5550.740234,5608.25,3222050000
2024-08-20,5602.879883,5620.509766,5585.5,5597.120117,2994420000
2024-08-21,5603.089844,5632.680176,5591.569824,5620.850098,3119670000
2024-08-22,5637.77002,5643.220215,5560.950195,5570.640137,2981530000
2024-08-23,5602.490234,5641.819824,5585.160156,5634.609863,3291940000
2024-08-26,5639.660156,5651.620117,5602.339844,5616.839844,2938570000
2024-08-27,5602.890137,5631.180176,5593.47998,5625.799805,2798990000
2024-08-28,5624.509766,5627.029785,5560.950195,5592.180176,3053450000
2024-08-29,5607.299805,5646.950195,5583.709961,5591.959961,3065640000
2024-08-30,5612.740234,5651.370117,5581.790039,5648.399902,4185850000
2024-09-03,5623.890137,5623.890137,5504.330078,5528.930176,3866350000
2024-09-04,5506.680176,5552.990234,5503.660156,5520.069824,3478140000
2024-09-05,5520.080078,5546.299805,5480.540039,5503.410156,3521650000
2024-09-06,5507.330078,5522.470215,5402.620117,5408.419922,3822800000
2024-09-09,5442.069824,5484.200195,5434.490234,5471.049805,3825940000
2024-09-10,5490.509766,5497.910156,5441.720215,5495.52002,3848180000
2024-09-11,5496.419922,5560.410156,5406.959961,5554.129883,3839450000
2024-09-12,5557.47998,5600.709961,5535.5,5595.759766,3655070000
2024-09-13,5603.339844,5636.27002,5601.649902,5626.02002,3500790000
2024-09-16,5615.209961,5636.049805,5604.529785,5633.089844,3437070000
2024-09-17,5655.509766,5670.810059,5614.049805,5634.580078,3443600000
2024-09-18,5641.680176,5689.75,5615.080078,5618.259766,3691390000
2024-09-19,5702.629883,5733.569824,5686.419922,5713.640137,4024530000
2024-09-20,5709.640137,5715.140137,5674.490234,5702.549805,7867260000
2024-09-23,5711.899902,5725.359863,5704.220215,5718.569824,3529550000
2024-09-24,5727.660156,5735.319824,5698.990234,5732.930176,3872710000
2024-09-25,5733.649902,5741.029785,5712.060059,5722.259766,3624910000
2024-09-26,5762.220215,5767.370117,5721.009766,5745.370117,4391180000
2024-09-27,5755.359863,5763.779785,5727.339844,5738.169922,3898530000
2024-09-30,5726.52002,5765.140137,5703.529785,5762.47998,4425730000
2024-10-01,5757.72998,5757.72998,5681.279785,5708.75,4025180000
2024-10-02,5698.140137,5719.629883,5674.0,5709.540039,3829050000
2024-10-03,5698.189941,5718.779785,5677.370117,5699.939941,3597450000
2024-10-04,5737.47998,5753.209961,5702.830078,5751.069824,3479400000
2024-10-07,5737.799805,5739.339844,5686.850098,5695.939941,3637790000
2024-10-08,5719.140137,5757.600098,5714.560059,5751.129883,3393400000
2024-10-09,5751.799805,5796.799805,5745.02002,5792.040039,3650340000
2024-10-10,5778.359863,5795.029785,5764.759766,5780.049805,3208790000
2024-10-11,5775.089844,5822.129883,5775.089844,5815.029785,3208720000
2024-10-14,5829.810059,5871.410156,5829.569824,5859.850098,3005250000
2024-10-15,5866.740234,5870.359863,5804.47998,5815.259766,3882120000
2024-10-16,5816.580078,5846.52002,5808.339844,5842.470215,3467230000
2024-10-17,5875.620117,5878.459961,5840.25,5841.470215,3480010000
2024-10-18,5859.430176,5872.169922,5846.109863,5864.669922,3374490000
2024-10-21,5857.819824,5866.919922,5824.790039,5853.97998,3407010000
2024-10-22,5832.700195,5863.040039,5821.169922,5851.200195,3342080000
2024-10-23,5834.5,5834.850098,5762.410156,5797.419922,3532650000
2024-10-24,5817.799805,5817.799805,5784.919922,5809.859863,3543030000
2024-10-25,5826.75,5862.819824,5799.97998,5808.120117,3501280000
2024-10-28,5833.930176,5842.919922,5823.080078,5823.52002,3691280000
2024-10-29,5819.680176,5847.189941,5802.169922,5832.919922,3879100000
2024-10-30,5832.649902,5850.939941,5811.279785,5813.669922,3851120000
2024-10-31,5775.339844,5775.339844,5702.859863,5705.450195,4425660000
2024-11-01,5723.220215,5772.52002,5723.220215,5728.799805,3796450000
2024-11-04,5725.149902,5741.430176,5696.509766,5712.689941,3602060000
2024-11-05,5722.430176,5783.439941,5722.100098,5782.759766,3768310000
2024-11-06,5864.890137,5936.140137,5864.890137,5929.040039,6329530000
2024-11-07,5947.209961,5983.839844,5947.209961,5973.100098,4925740000
2024-11-08,5976.759766,6012.450195,5976.759766,5995.540039,4666740000
2024-11-11,6008.859863,6017.310059,5986.689941,6001.350098,4333000000
2024-11-12,6003.600098,6009.919922,5960.080078,5983.990234,4243400000
2024-11-13,5985.75,6008.189941,5965.910156,5985.379883,4220180000
2024-11-14,5989.680176,5993.879883,5942.279785,5949.169922,4184570000
2024-11-15,5912.790039,5915.319824,5853.009766,5870.620117,4590960000
2024-11-18,5874.169922,5908.120117,5865.950195,5893.620117,3983860000
2024-11-19,5870.049805,5923.509766,5855.290039,5916.97998,4036940000
2024-11-20,5914.339844,5920.669922,5860.560059,5917.109863,3772620000
2024-11-21,5940.580078,5963.319824,5887.259766,5948.709961,4230120000
2024-11-22,5944.359863,5972.899902,5944.359863,5969.339844,4141420000
2024-11-25,5992.279785,6020.75,5963.910156,5987.370117,5633150000
2024-11-26,6000.029785,6025.419922,5992.27002,6021.629883,3835170000
2024-11-27,6014.109863,6020.160156,5984.870117,5998.740234,3363340000
2024-11-29,6003.97998,6044.169922,6003.97998,6032.379883,2444420000
2024-12-02,6040.109863,6053.580078,6035.330078,6047.149902,4412470000
2024-12-03,6042.970215,6052.069824,6033.390137,6049.879883,4095000000
2024-12-04,6069.390137,6089.839844,6061.060059,6086.490234,4003390000
2024-12-05,6089.029785,6094.549805,6072.899902,6075.109863,4212020000
2024-12-06,6081.379883,6099.970215,6079.97998,6090.27002,3924830000
2024-12-09,6083.009766,6088.509766,6048.629883,6052.850098,4556460000
2024-12-10,6057.589844,6065.399902,6029.890137,6034.910156,4048410000
2024-12-11,6060.149902,6092.589844,6060.149902,6084.189941,4269950000
2024-12-12,6074.290039,6079.680176,6051.25,6051.25,3678010000
2024-12-13,6068.169922,6078.580078,6035.77002,6051.089844,3584960000
2024-12-16,6063.790039,6085.189941,6059.140137,6074.080078,4391100000
2024-12-17,6052.549805,6057.680176,6035.189941,6050.609863,4544500000
2024-12-18,6047.649902,6070.669922,5867.790039,5872.160156,5246960000
2024-12-19,5912.709961,5935.52002,5866.069824,5867.080078,4896880000
2024-12-20,5842.0,5982.060059,5832.299805,5930.850098,8223220000
2024-12-23,5940.25,5978.25,5902.569824,5974.069824,3593280000
2024-12-24,5984.629883,6040.100098,5981.439941,6040.040039,1757720000
2024-12-26,6024.970215,6049.75,6007.370117,6037.589844,2904530000
2024-12-27,6006.169922,6006.169922,5932.950195,5970.839844,3159610000
2024-12-30,5920.669922,5940.790039,5869.160156,5906.939941,3433250000
2024-12-31,5919.740234,5929.740234,5868.859863,5881.629883,3128350000
2025-01-02,5903.259766,5935.089844,5829.529785,5868.549805,3621680000
2025-01-03,5891.069824,5949.339844,5888.660156,5942.470215,3667340000
2025-01-06,5982.810059,6021.040039,5960.009766,5975.379883,4940120000
2025-01-07,5993.259766,6000.680176,5890.680176,5909.029785,4517330000
2025-01-08,5910.660156,5927.890137,5874.779785,5918.25,4441740000
2025-01-10,5890.350098,5890.350098,5807.779785,5827.040039,4751930000
2025-01-13,5782.02002,5838.609863,5773.310059,5836.220215,4421200000
2025-01-14,5859.27002,5871.919922,5805.419922,5842.910156,4142280000
2025-01-15,5905.209961,5960.609863,5905.209961,5949.910156,4544570000
2025-01-16,5963.609863,5964.689941,5930.720215,5937.339844,4285810000
2025-01-17,5995.399902,6014.959961,5978.439941,5996.660156,4366830000
2025-01-21,6014.120117,6051.509766,6006.879883,6049.240234,4702920000
2025-01-22,6081.390137,6100.810059,6076.129883,6086.370117,4323040000
2025-01-23,6076.319824,6118.72998,6074.669922,6118.709961,4432250000
2025-01-24,6121.430176,6128.180176,6088.740234,6101.240234,4214250000
2025-01-27,5969.040039,6017.169922,5962.919922,6012.279785,5198750000
2025-01-28,6026.970215,6074.540039,5994.629883,6067.700195,4473640000
2025-01-29,6057.700195,6062.830078,6012.959961,6039.310059,4115310000
2025-01-30,6050.75,6086.640137,6027.459961,6071.169922,4634620000
2025-01-31,6096.790039,6120.910156,6030.930176,6040.529785,4843770000
2025-02-03,5969.649902,6022.129883,5923.930176,5994.569824,4797210000
2025-02-04,5998.140137,6042.47998,5990.870117,6037.879883,4410160000
2025-02-05,6020.450195,6062.859863,6007.060059,6061.47998,4756250000
2025-02-06,6072.220215,6084.029785,6046.830078,6083.569824,4847120000
2025-02-07,6083.129883,6101.279785,6019.959961,6025.990234,4766900000
2025-02-10,6046.399902,6073.379883,6044.839844,6066.439941,4458760000
2025-02-11,6049.319824,6076.279785,6042.339844,6068.5,4324880000
2025-02-12,6025.080078,6063.0,6003.0,6051.970215,4627960000
2025-02-13,6060.589844,6116.910156,6050.950195,6115.069824,4763800000
2025-02-14,6115.52002,6127.470215,6107.620117,6114.629883,4335190000
2025-02-18,6121.600098,6129.629883,6099.509766,6129.580078,4684980000
2025-02-19,6117.759766,6147.430176,6111.149902,6144.149902,4562330000
2025-02-20,6134.5,6134.5,6084.589844,6117.52002,4813690000
2025-02-21,6114.100098,6114.819824,6008.560059,6013.129883,5434560000
2025-02-24,6026.689941,6043.649902,5977.830078,5983.25,4990120000
2025-02-25,5982.72998,5992.649902,5908.490234,5955.25,5374690000
2025-02-26,5970.870117,6009.819824,5932.689941,5956.060059,4869580000
2025-02-27,5981.879883,5993.689941,5858.779785,5861.569824,5057680000
2025-02-28,5856.740234,5959.399902,5837.660156,5954.5,6441140000
2025-03-03,5968.330078,5986.089844,5810.910156,5849.720215,5613850000
2025-03-04,5811.97998,5865.080078,5732.589844,5778.149902,6138110000
2025-03-05,5781.359863,5860.589844,5742.350098,5842.629883,5285970000
2025-03-06,5785.870117,5812.080078,5711.640137,5738.52002,5165080000
2025-03-07,5726.009766,5783.009766,5666.290039,5770.200195,5705140000
2025-03-10,5705.370117,5705.370117,5564.02002,5614.560059,6409370000
2025-03-11,5603.649902,5636.299805,5528.410156,5572.069824,6221240000
2025-03-12,5624.839844,5642.189941,5546.089844,5599.299805,5219830000
2025-03-13,5594.450195,5597.779785,5504.649902,5521.52002,5018980000
2025-03-14,5563.850098,5645.27002,5563.850098,5638.939941,4863180000
2025-03-17,5635.600098,5703.52002,5631.120117,5675.120117,5031770000
2025-03-18,5654.529785,5654.529785,5597.759766,5614.660156,4666270000
2025-03-19,5632.370117,5715.330078,5622.200195,5675.290039,4660090000
2025-03-20,5646.919922,5711.149902,5632.330078,5662.890137,4678420000
2025-03-21,5630.72998,5670.839844,5603.100098,5667.560059,9367460000
2025-03-24,5718.080078,5775.140137,5718.080078,5767.569824,4517990000
2025-03-25,5775.959961,5786.950195,5760.419922,5776.649902,4467340000
2025-03-26,5771.660156,5783.620117,5694.410156,5712.200195,4183140000
2025-03-27,5695.640137,5732.279785,5670.939941,5693.310059,4403460000
2025-03-28,5679.200195,5685.890137,5572.419922,5580.939941,4513330000
2025-03-31,5527.910156,5627.560059,5488.72998,5611.850098,5257250000
2025-04-01,5597.529785,5650.569824,5558.52002,5633.069824,4434500000
2025-04-02,5580.759766,5695.310059,5571.47998,5670.970215,4243830000
2025-04-03,5492.740234,5499.529785,5390.830078,5396.52002,7210470000
2025-04-04,5292.140137,5292.140137,5069.899902,5074.080078,8853500000
2025-04-07,4953.790039,5246.569824,4835.040039,5062.25,8691980000
2025-04-08,5193.569824,5267.470215,4910.419922,4982.77002,7408140000
2025-04-09,4965.279785,5481.339844,4948.430176,5456.899902,9489600000
2025-04-10,5353.149902,5353.149902,5115.27002,5268.049805,6677140000
2025-04-11,5255.560059,5381.459961,5220.77002,5363.359863,5602550000
2025-04-14,5441.959961,5459.459961,5358.02002,5405.970215,5031440000
2025-04-15,5411.990234,5450.410156,5386.439941,5396.629883,4317110000
2025-04-16,5335.75,5367.240234,5220.790039,5275.700195,4607750000
2025-04-17,5305.450195,5328.310059,5255.580078,5282.700195,4714880000
2025-04-21,5232.939941,5232.939941,5101.629883,5158.200195,4226340000
2025-04-22,5207.669922,5309.609863,5207.669922,5287.759766,4666950000
2025-04-23,5395.919922,5469.689941,5356.169922,5375.859863,5371390000
2025-04-24,5381.379883,5489.399902,5371.959961,5484.77002,4697710000
2025-04-25,5489.72998,5528.109863,5455.859863,5525.209961,4236580000
2025-04-28,5529.220215,5553.660156,5468.640137,5528.75,4257880000
2025-04-29,5508.870117,5571.950195,5505.700195,5560.830078,4747150000
2025-04-30,5499.439941,5581.839844,5433.240234,5569.060059,5449490000
2025-05-01,5625.140137,5658.910156,5597.350098,5604.140137,4935270000
2025-05-02,5645.879883,5700.700195,5642.279785,5686.669922,4854380000
2025-05-05,5655.319824,5683.379883,5634.47998,5650.379883,4358260000
2025-05-06,5605.870117,5649.580078,5586.040039,5606.910156,4717260000
2025-05-07,5614.180176,5654.72998,5578.640137,5631.279785,4987440000
2025-05-08,5663.600098,5720.100098,5635.379883,5663.939941,5627400000
2025-05-09,5679.649902,5691.689941,5644.149902,5659.910156,4645090000
2025-05-12,5807.200195,5845.370117,5786.080078,5844.189941,6014580000
2025-05-13,5854.149902,5906.640137,5845.02002,5886.549805,5516290000
2025-05-14,5896.740234,5906.549805,5872.109863,5892.580078,5233450000
2025-05-15,5869.819824,5924.209961,5865.160156,5916.930176,4991290000
2025-05-16,5929.089844,5958.620117,5907.359863,5958.379883,4850850000
2025-05-19,5902.879883,5968.609863,5895.689941,5963.600098,4144010000
2025-05-20,5944.660156,5953.060059,5909.259766,5940.459961,4416850000
2025-05-21,5910.180176,5938.370117,5830.910156,5844.609863,5254250000
2025-05-22,5841.259766,5878.080078,5825.819824,5842.009766,5157050000
2025-05-23,5781.890137,5829.509766,5767.410156,5802.819824,4662820000
2025-05-27,5854.069824,5924.330078,5854.069824,5921.540039,5366380000
2025-05-28,5925.540039,5939.919922,5881.879883,5888.549805,4665050000
2025-05-29,5939.959961,5943.129883,5873.799805,5912.169922,4569750000
2025-05-30,5903.669922,5922.140137,5843.660156,5911.689941,6378540000
2025-06-02,5896.680176,5937.399902,5861.430176,5935.939941,4832240000
2025-06-03,5938.560059,5981.350098,5929.0,5970.370117,5026680000
2025-06-04,5978.939941,5990.47998,5966.109863,5970.810059,4767050000
2025-06-05,5985.669922,5999.700195,5921.200195,5939.299805,5091850000
2025-06-06,5987.060059,6016.870117,5978.629883,6000.359863,4355710000
2025-06-09,6004.629883,6021.310059,5994.180176,6005.879883,4642360000
2025-06-10,6009.910156,6043.009766,6000.279785,6038.810059,4882880000
2025-06-11,6049.379883,6059.399902,6002.319824,6022.240234,5111550000
2025-06-12,6009.899902,6045.430176,6003.879883,6045.259766,4669500000
2025-06-13,6000.560059,6026.160156,5963.209961,5976.970215,5258910000
2025-06-16,6004.0,6050.830078,6004.0,6033.109863,5111710000
2025-06-17,6012.149902,6023.25,5974.799805,5982.720215,4955700000
2025-06-18,5987.930176,6018.25,5971.890137,5980.870117,5106470000
2025-06-20,5999.669922,6018.200195,5952.560059,5967.839844,7451500000
2025-06-23,5969.669922,6028.77002,5943.22998,6025.169922,5597000000
2025-06-24,6061.209961,6101.759766,6059.25,6092.180176,5443690000
2025-06-25,6104.22998,6108.509766,6080.089844,6092.160156,5171110000
2025-06-26,6112.089844,6146.52002,6107.27002,6141.02002,5308140000
2025-06-27,6150.700195,6187.680176,6132.350098,6173.069824,7889350000
2025-06-30,6193.359863,6215.080078,6174.970215,6204.950195,5782900000
2025-07-01,6187.25,6210.779785,6177.970215,6198.009766,6275310000
2025-07-02,6193.879883,6227.600098,6188.290039,6227.419922,5645710000
2025-07-03,6246.459961,6284.649902,6246.459961,6279.350098,3378110000
2025-07-07,6259.040039,6262.069824,6201.0,6229.97998,5236740000
2025-07-08,6234.029785,6242.700195,6217.75,6225.52002,5739030000
2025-07-09,6243.330078,6269.160156,6231.430176,6263.259766,4813340000
2025-07-10,6266.799805,6290.220215,6251.439941,6280.459961,5367350000
2025-07-11,6255.680176,6269.439941,6237.600098,6259.75,4656210000
2025-07-14,6255.149902,6273.310059,6239.220215,6268.560059,4722250000
2025-07-15,6295.290039,6302.040039,6241.680176,6243.759766,5133670000
2025-07-16,6254.5,6268.120117,6201.589844,6263.700195,5177460000
2025-07-17,6263.399902,6304.689941,6262.27002,6297.359863,5512290000
2025-07-18,6312.950195,6315.609863,6285.27002,6296.790039,5184700000
2025-07-21,6304.740234,6336.080078,6303.790039,6305.600098,5010840000
2025-07-22,6306.600098,6316.120117,6281.709961,6309.620117,5662040000
2025-07-23,6326.899902,6360.640137,6317.490234,6358.910156,5642510000
2025-07-24,6368.600098,6381.310059,6360.569824,6363.350098,5282720000
2025-07-25,6370.009766,6395.819824,6368.529785,6388.640137,4470720000
2025-07-28,6397.689941,6401.069824,6375.790039,6389.77002,4565620000
2025-07-29,6405.620117,6409.259766,6363.919922,6370.859863,5076120000
2025-07-30,6381.22998,6396.540039,6336.379883,6362.899902,5375070000
2025-07-31,6427.02002,6427.02002,6327.640137,6339.390137,6077080000
2025-08-01,6287.279785,6287.279785,6212.689941,6238.009766,5827150000
2025-08-04,6271.709961,6330.689941,6271.709961,6329.939941,4842580000
2025-08-05,6336.629883,6346.0,6289.370117,6299.189941,5517410000
2025-08-06,6309.299805,6352.830078,6301.109863,6345.060059,5408560000
2025-08-07,6374.319824,6389.709961,6310.319824,6340.0,5306090000
2025-08-08,6355.220215,6395.160156,6355.220215,6389.450195,4769910000
2025-08-11,6389.669922,6407.25,6364.060059,6373.450195,4652400000
2025-08-12,6395.169922,6446.549805,6385.759766,6445.759766,5135300000
2025-08-13,6462.669922,6480.279785,6445.02002,6466.580078,5195950000
2025-08-14,6453.459961,6473.919922,6441.069824,6468.540039,4462050000
2025-08-15,6477.379883,6481.339844,6441.850098,6449.799805,4575060000
2025-08-18,6445.02002,6455.350098,6437.700195,6449.149902,4162290000
2025-08-19,6446.240234,6456.47998,6400.220215,6411.370117,4377440000
2025-08-20,6406.620117,6408.399902,6343.859863,6395.779785,4470390000
2025-08-21,6380.830078,6393.649902,6352.709961,6370.169922,4013560000
2025-08-22,6384.589844,6478.890137,6384.589844,6466.910156,5046860000
2025-08-25,6457.669922,6466.890137,6438.060059,6439.319824,4059070000
2025-08-26,6435.490234,6468.370117,6429.209961,6465.939941,4867680000
2025-08-27,6462.259766,6487.060059,6457.839844,6481.399902,4143680000
2025-08-28,6483.839844,6508.22998,6466.959961,6501.859863,4283760000
2025-08-29,6489.279785,6491.759766,6444.569824,6460.259766,4234840000
2025-09-02,6401.509766,6416.540039,6360.580078,6415.540039,4784000000
2025-09-03,6445.819824,6453.669922,6416.169922,6448.259766,4465360000
2025-09-04,6456.600098,6502.540039,6445.97998,6502.080078,4670770000
2025-09-05,6529.080078,6532.649902,6443.97998,6481.5,5066120000
2025-09-08,6498.089844,6508.669922,6483.290039,6495.149902,5211500000
2025-09-09,6503.330078,6518.22998,6483.080078,6512.609863,4798350000
2025-09-10,6550.290039,6555.970215,6516.339844,6532.040039,5253010000
2025-09-11,6554.410156,6592.890137,6545.799805,6587.470215,5426460000
2025-09-12,6590.660156,6600.209961,6579.490234,6584.290039,4641640000
2025-09-15,6603.490234,6619.620117,6602.069824,6615.279785,5045020000
2025-09-16,6624.129883,6626.990234,6600.109863,6606.759766,5359510000
2025-09-17,6604.870117,6624.390137,6551.149902,6600.350098,5805340000
2025-09-18,6626.850098,6656.799805,6611.890137,6631.959961,5292400000
2025-09-19,6647.109863,6671.819824,6630.310059,6664.359863,9125960000
2025-09-22,6654.279785,6698.879883,6648.069824,6693.75,5642620000
2025-09-23,6692.439941,6699.52002,6645.580078,6656.919922,5633620000
2025-09-24,6669.790039,6672.660156,6621.759766,6637.970215,5459180000
2025-09-25,6608.189941,6619.0,6569.220215,6604.720215,5874670000
2025-09-26,6615.379883,6648.970215,6604.430176,6643.700195,5103110000
2025-09-29,6661.580078,6677.310059,6644.490234,6661.209961,5358760000
2025-09-30,6656.189941,6691.25,6641.0,6688.459961,6057210000
2025-10-01,6664.919922,6718.47998,6656.200195,6711.200195,6037950000
2025-10-02,6731.310059,6731.939941,6693.22998,6715.350098,5416130000
2025-10-03,6722.140137,6750.870117,6705.669922,6715.790039,5713110000
2025-10-06,6733.859863,6749.52002,6717.779785,6740.279785,5604460000
2025-10-07,6746.140137,6754.490234,6699.959961,6714.589844,5546150000
2025-10-08,6723.870117,6755.640137,6718.089844,6753.720215,5383130000
2025-10-09,6760.5,6764.580078,6716.169922,6735.109863,5385020000
2025-10-10,6740.490234,6762.399902,6550.779785,6552.509766,5385020000
2025-10-13,6622.529785,6668.680176,6620.709961,6654.720215,5303960000
2025-10-14,6602.490234,6680.700195,6555.069824,6644.310059,5666920000
2025-10-15,6688.27001953125,6724.1201171875,6612.10986328125,6671.06005859375,5633060000
2025-10-16,6689.02001953125,6709.33984375,6593.990234375,6629.06982421875,6048180000
