Date,Open,High,Low,Close,Volume
1995-01-03,380.9,382.4,383.4,380.7,54.28K
1995-01-04,375.3,379.2,379.9,375.2,26.82K
1995-01-05,376.6,376,376.7,374.7,28.33K
1995-01-06,372.2,376.5,377.1,372,25.42K
1995-01-09,374,373.4,374.2,372.5,16.61K
1995-01-10,375.1,375.2,375.9,374.2,23.06K
1995-01-11,377.3,376,377.4,376,55.80K
1995-01-12,381.4,378.2,382.7,378.1,18.75K
1995-01-13,379.3,380.3,380.5,379.2,12.25K
1995-01-16,378.3,377.6,378.4,377.6,29.16K
1995-01-17,380.6,378.1,381.4,377.8,42.79K
1995-01-18,382.6,384.2,384.9,382.5,32.77K
1995-01-19,383.6,384.2,384.2,381.7,36.33K
1995-01-20,385.4,383.5,385.6,383.1,57.59K
1995-01-23,381.4,385.8,386,379.9,19.76K
1995-01-24,381.8,381.4,382.2,380.8,28.71K
1995-01-25,380.9,381.8,382.5,380.6,25.51K
1995-01-26,381.7,380.7,382,380.7,37.95K
1995-01-27,376.8,380.1,380.6,375,14.78K
1995-01-30,379.4,379.1,379.8,378.3,26.20K
1995-01-31,377.7,378.9,379,376.8,21.69K
1995-02-01,378.7,378.7,379.7,378.5,15.52K
1995-02-02,379.1,377.8,379.2,377.8,18.02K
1995-02-03,378.8,379.3,379.4,377.7,14.55K
1995-02-06,378.3,378.3,378.8,377,11.24K
1995-02-07,377.3,377.8,378,377.1,16.50K
1995-02-08,378.3,377.1,378.4,377,19.56K
1995-02-09,378.8,378.5,379.8,378.3,15.71K
1995-02-10,378.4,378.8,379.3,378.2,22.96K
1995-02-13,377.9,377.9,378.3,376.4,11.95K
1995-02-14,378.4,378.2,379,378,24.10K
1995-02-15,378.6,379.2,379.9,378.4,17.81K
1995-02-16,378.6,378.6,379.5,378.5,29.51K
1995-02-17,380.6,378.3,381.7,378.3,11.13K
1995-02-21,380.6,381.2,381.5,380.5,27.07K
1995-02-22,381.5,381,382.4,380.8,12.59K
1995-02-23,381,380.8,381.9,380.8,43.87K
1995-02-24,378.2,381.5,381.8,376.3,22.19K
1995-02-27,378,378.6,378.8,377,14.00K
1995-02-28,378.3,377.3,378.7,377.1,35.04K
1995-03-01,376.2,377.4,377.8,374.5,31.46K
1995-03-02,378,375.9,379,375.8,22.89K
1995-03-03,377.8,377.3,378.9,376.9,29.26K
1995-03-06,380.2,378.5,380.8,378.3,107.63K
1995-03-07,385.4,380.9,386.1,380.9,49.35K
1995-03-08,380.9,384.2,384.4,380.3,31.66K
1995-03-09,382.4,382,383.8,381.4,28.25K
1995-03-10,383.1,383.1,383.8,381.8,49.45K
1995-03-13,386.1,384.1,388.4,384.1,21.07K
1995-03-14,386.7,386,386.8,385.4,26.59K
1995-03-15,387.2,388.2,388.9,386.8,22.45K
1995-03-16,385.6,385.1,385.8,383.7,33.53K
1995-03-17,384.2,383.3,384.8,381.8,15.26K
1995-03-20,383.5,382.7,384,382.4,18.63K
1995-03-21,382.8,383.5,384.2,382.5,17.84K
1995-03-22,383.5,381.8,383.7,381.6,24.84K
1995-03-23,384.3,383.8,384.9,383.6,30.84K
1995-03-24,382.7,384.2,384.5,382,18.74K
1995-03-27,382.3,382.7,383.3,382,23.82K
1995-03-28,383.2,383,383.5,382,19.67K
1995-03-29,382.9,383.3,384.8,382.2,14.38K
1995-03-30,388.6,384,391.3,384,108.14K
1995-03-31,394.3,389.1,402,388.2,32.40K
1995-04-03,394.9,395.2,397.2,394.3,30.60K
1995-04-04,395.1,393.2,396,393.1,36.03K
1995-04-05,397.2,396.6,398.2,394.2,31.25K
1995-04-06,396.5,396.1,398,395.3,28.68K
1995-04-07,395.7,395.5,397.2,393.5,29.13K
1995-04-10,392.6,393.6,394.8,391.4,23.28K
1995-04-11,393,392.2,394.3,391.9,13.45K
1995-04-12,392.7,392.4,393.9,392.4,18.91K
1995-04-13,392.4,391.5,392.8,391,28.69K
1995-04-17,396.5,394.7,397.4,393.7,32.26K
1995-04-18,397.8,396.9,398,395.1,45.24K
1995-04-19,397.4,399.3,400.8,396.5,26.80K
1995-04-20,394.7,395.2,397.5,394,25.80K
1995-04-21,392.7,393.2,394.8,391.7,14.78K
1995-04-24,393.1,393.3,394.4,392.8,23.02K
1995-04-25,392.3,392.5,393.4,391.3,52.67K
1995-04-26,388,391.3,392.5,387.5,29.66K
1995-04-27,389.9,388.5,390,387.9,31.32K
1995-04-28,388.5,391.7,392.4,387.3,15.37K
1995-05-01,389.8,389.9,389.9,388.1,28.22K
1995-05-02,390.6,391,391.7,389.1,17.61K
1995-05-03,391.4,390.6,391.6,389.8,33.95K
1995-05-04,393,392,393.9,391.4,28.57K
1995-05-05,392.4,392.8,393.2,390.1,10.44K
1995-05-08,390.9,392.5,392.5,390.8,71.97K
1995-05-09,384.6,390.7,391.7,383,31.25K
1995-05-10,384.5,384.4,385.4,383.2,21.73K
1995-05-11,384.4,383.6,385.7,383.6,25.61K
1995-05-12,384.3,385,386,383.3,14.54K
1995-05-15,385.6,384.8,385.8,384.5,16.21K
1995-05-16,385.5,384.7,385.9,384.4,22.62K
1995-05-17,384.2,384,385.4,383.5,23.09K
1995-05-18,384.2,383,384.7,382.7,18.77K
1995-05-19,383.1,384.3,384.8,383,27.90K
1995-05-22,382.8,381.5,383.7,381.5,15.17K
1995-05-23,383.8,382.3,383.8,382.3,27.27K
1995-05-24,384.7,383.8,385.2,383.6,36.88K
1995-05-25,385.9,384.5,387.2,384.5,32.11K
1995-05-26,386.6,386.1,388.8,386,18.15K
1995-05-30,387.9,389.5,390.2,387.8,26.63K
1995-05-31,387.6,387.8,388.4,386.5,34.21K
1995-06-01,388.3,386.6,388.9,386.5,25.41K
1995-06-02,387,388.1,388.8,386.8,12.88K
1995-06-05,387.7,386.9,387.8,386.3,15.66K
1995-06-06,387.8,387.5,388.4,387.2,24.36K
1995-06-07,389.5,388.2,389.9,387.7,17.16K
1995-06-08,389.5,389.2,389.7,388.1,37.93K
1995-06-09,391.1,389.7,392,389.2,11.16K
1995-06-12,390.2,390.6,391,389.7,19.03K
1995-06-13,389.4,390.5,390.9,389.1,31.62K
1995-06-14,390.6,390.1,392.3,389.4,56.07K
1995-06-15,393.9,390.8,394.5,390.6,24.05K
1995-06-16,392.7,393.9,395,392.4,11.90K
1995-06-19,394.2,393.3,394.5,393.2,13.88K
1995-06-20,393.4,393.6,394.2,392.8,16.77K
1995-06-21,392.5,393.3,393.9,392.1,19.00K
1995-06-22,391.9,392.2,392.9,390.8,11.08K
1995-06-23,392.1,391.7,392.5,391.1,15.40K
1995-06-26,391.8,391.2,392.2,390.4,11.08K
1995-06-27,391,391.5,392,390.8,37.51K
1995-06-28,388.8,391.3,391.6,388,15.20K
1995-06-29,389.4,388.7,389.9,388.5,45.80K
1995-06-30,385.6,388.8,389.2,384.2,26.04K
1995-07-05,385.2,385.2,386,384,16.59K
1995-07-06,385.2,385.5,385.7,384.6,22.74K
1995-07-07,386.7,385.6,387.7,385.3,6.73K
1995-07-10,386.6,386.7,387.3,386.5,11.39K
1995-07-11,386.7,385.8,396.3,385.6,55.75K
1995-07-12,390.2,386.8,391.8,386.6,18.11K
1995-07-13,389.4,390.6,391.5,389.3,22.31K
1995-07-14,389.6,389.1,390.6,388.8,20.45K
1995-07-17,389.9,388.9,390.5,388.5,15.94K
1995-07-18,390.1,390.3,390.8,389.1,56.92K
1995-07-19,388.4,390.3,392.5,386,26.11K
1995-07-20,386.3,388,388.8,386.2,26.82K
1995-07-21,386.6,386.7,387.2,384.7,15.22K
1995-07-24,387.3,386.8,387.6,386.2,18.07K
1995-07-25,386.2,387.1,387.5,385.9,20.42K
1995-07-26,386.5,385.7,386.7,385.7,34.83K
1995-07-27,383.2,386.2,386.6,383,22.36K
1995-07-28,389.3,389.2,389.5,388,16.36K
1995-07-31,388.4,389.5,389.9,388,27.41K
1995-08-01,388.9,388.2,389.3,387.3,13.51K
1995-08-02,388.9,388.7,389.2,388.1,21.20K
1995-08-03,390.3,389.4,390.3,388.7,11.44K
1995-08-04,389.3,390.3,390.5,388.9,9.86K
1995-08-07,389.6,389.2,390.3,389.2,13.59K
1995-08-08,390.4,390,391,389.6,13.61K
1995-08-09,390.3,390.6,391.2,390,11.15K
1995-08-10,390,389.6,390.3,389.4,11.74K
1995-08-11,389.3,389.3,389.8,388.8,12.03K
1995-08-14,389.9,389,390.2,388.8,41.57K
1995-08-15,390.9,390,393.5,389.8,48.57K
1995-08-16,387.9,389.3,390.7,386,33.21K
1995-08-17,389,389.6,391,387.5,18.41K
1995-08-18,389.9,389.5,390.8,388.6,26.65K
1995-08-21,389.7,390.8,396,389.1,18.14K
1995-08-22,388.1,388.8,389.6,387.8,13.50K
1995-08-23,388.4,388.5,388.6,387.1,15.92K
1995-08-24,387.9,388.5,389.4,387.6,11.54K
1995-08-25,387.8,387.5,388.2,387.2,6.45K
1995-08-28,387.8,387.5,387.8,387.4,17.81K
1995-08-29,386.9,387.5,387.8,386.9,23.77K
1995-08-30,385.8,386.6,386.9,385.8,29.36K
1995-08-31,386.9,386,387.6,385.4,32.58K
1995-09-01,384.7,386.4,387,383.2,15.44K
1995-09-05,384.1,384.1,384.2,383.1,16.89K
1995-09-06,384.2,384.1,384.7,383.3,24.81K
1995-09-07,386.7,385.1,386.8,384,15.81K
1995-09-08,385.6,386.8,387.4,385.5,10.39K
1995-09-11,386.6,386.2,386.8,385.8,44.60K
1995-09-12,389.1,387.3,389.7,386.4,32.66K
1995-09-13,388.2,389.5,390,387.9,23.16K
1995-09-14,389.5,388.5,390,388.1,22.36K
1995-09-15,389,389,389.7,388.3,33.03K
1995-09-18,389.7,388.9,390.6,388.7,25.02K
1995-09-19,389.3,389.5,389.8,388,17.58K
1995-09-20,387.7,388.6,389.5,387.3,33.72K
1995-09-21,388.1,386.7,389,386.3,27.61K
1995-09-22,386.1,388.1,388.1,385.6,9.30K
1995-09-25,386.3,385.7,386.7,385.2,12.74K
1995-09-26,386.9,386.7,387.4,386.1,19.05K
1995-09-27,386.5,386.7,387.5,386.1,14.27K
1995-09-28,386.4,386.6,387.4,386.2,11.77K
1995-09-29,386.5,386.3,387.1,386.3,25.35K
1995-10-02,384.8,385.9,386.8,384.7,11.02K
1995-10-03,385.2,384.8,385.5,384.8,15.45K
1995-10-04,385.6,385.9,386.2,385,11.37K
1995-10-05,385.1,385.8,386.3,385.1,15.47K
1995-10-06,386.1,385.4,386.5,385.1,14.40K
1995-10-09,387.8,387.3,388,386.2,25.65K
1995-10-10,387.6,387.6,388.7,387.3,13.30K
1995-10-11,387.4,387.4,387.7,387.1,11.73K
1995-10-12,387,387.4,387.4,387,14.16K
1995-10-13,386.4,386.6,387,386,6.65K
1995-10-16,386.1,386.4,386.7,386,14.07K
1995-10-17,386,385.8,386.3,385.4,10.21K
1995-10-18,385.9,386.1,386.3,385.7,45.14K
1995-10-19,383.8,385.3,386.1,382.6,14.15K
1995-10-20,384.1,383.4,384.3,383.4,6.19K
1995-10-23,384.2,384.7,384.7,384,5.64K
1995-10-24,384.2,384.2,384.5,383.8,16.62K
1995-10-25,384.5,384.3,385.2,384.1,14.34K
1995-10-26,384.3,384.5,384.9,384.1,19.36K
1995-10-27,383.9,384.1,384.7,383.1,7.47K
1995-10-30,383.8,383.7,384.1,383.5,13.81K
1995-10-31,384.3,384,384.3,383.9,15.54K
1995-11-01,383.8,384.1,384.3,383.5,15.82K
1995-11-02,384.2,383.6,384.3,383.4,10.51K
1995-11-03,383.7,384.4,384.6,383.6,6.19K
1995-11-06,383.7,383.5,383.9,383.2,54.46K
1995-11-07,386.6,383.6,387,383.6,19.55K
1995-11-08,386.2,386.6,386.8,386,35.83K
1995-11-09,387.4,386.2,387.8,385.6,102.66K
1995-11-10,390.5,387.9,391.5,387,50.70K
1995-11-13,388.1,390.5,390.7,387.2,54.46K
1995-11-14,386.5,387.4,388.4,384.5,32.40K
1995-11-15,385.6,386.5,387.6,385.5,24.50K
1995-11-16,386.2,385.2,386.5,385.2,18.20K
1995-11-17,387.5,387.1,387.7,386.2,10.71K
1995-11-20,387.1,386.9,387.5,386.5,31.62K
1995-11-21,385.4,387.5,387.8,385.3,55.09K
1995-11-22,382.1,385.6,386,381.5,37.56K
1995-11-27,384.9,384.6,385.6,382.9,27.81K
1995-11-28,387.9,387.5,390.5,385.1,14.56K
1995-11-29,389.2,388.5,390.4,388.3,23.31K
1995-11-30,388.6,388.4,389.3,388,16.02K
1995-12-01,387.4,387.6,388.8,387,14.27K
1995-12-04,387.3,387.1,388,386.8,20.99K
1995-12-05,388.7,387.5,389.1,387.2,32.78K
1995-12-06,390.3,389.3,391.5,388.7,31.86K
1995-12-07,390.5,390.1,392.4,389.1,17.27K
1995-12-08,391.4,390.6,391.8,390.3,17.22K
1995-12-11,390,391.4,392.3,389.7,14.42K
1995-12-12,389.8,390.1,390.2,389.7,23.31K
1995-12-13,387.9,389.1,390.1,387.5,20.49K
1995-12-14,387.3,387.9,388.1,387.3,18.25K
1995-12-15,387.6,387.7,387.8,386.7,18.69K
1995-12-18,388.6,388,388.9,387.4,18.33K
1995-12-19,388.4,389.4,389.7,388.3,12.38K
1995-12-20,389.6,388,389.9,388,15.98K
1995-12-21,388.7,389.7,390,388.1,4.21K
1995-12-22,388.2,388.7,388.7,387.8,2.03K
1995-12-26,388.6,388.5,388.8,388.5,16.91K
1995-12-27,387.7,388.3,388.7,387.5,8.80K
1995-12-28,387.8,387.4,388.1,387.3,9.35K
1995-12-29,388.1,387.6,388.3,386.7,41.45K
1996-01-02,391.9,392,392,388,102.22K
1996-01-03,396.2,392,396.3,391.6,37.22K
1996-01-04,395.4,396,396,394.1,49.60K
1996-01-05,396.5,397.8,399.2,395.5,
1996-01-08,396.5,396.4,397.7,396.4,27.50K
1996-01-09,396.9,397.8,398.4,394.8,74.48K
1996-01-10,400.2,397.8,403,396.8,40.32K
1996-01-11,399.3,400.5,401.5,398.8,45.44K
1996-01-12,396.7,400.2,400.9,396.2,32.34K
1996-01-15,396.1,394.4,397.2,393.8,28.83K
1996-01-16,398.8,397.3,398.9,396.3,37.65K
1996-01-17,400,399.5,400.3,397.1,24.44K
1996-01-18,397.6,397.6,400.8,397.1,46.65K
1996-01-19,399.9,396.8,401.3,396.3,62.12K
1996-01-22,403.5,402,403.7,399.9,50.80K
1996-01-23,403.6,403.5,405.3,402.6,36.59K
1996-01-24,403.5,403.8,404.5,401.5,59.30K
1996-01-25,406.7,402.7,408.4,402.6,48.03K
1996-01-26,405.8,406.8,409.5,405.2,43.63K
1996-01-29,405.8,405.7,406.7,404.2,36.35K
1996-01-30,407,408.8,410.4,405.8,38.46K
1996-01-31,408.5,406.5,408.8,406.1,63.68K
1996-02-01,413.7,409.2,414,409.1,69.53K
1996-02-02,417.7,415.6,419.6,415.6,35.48K
1996-02-05,415.9,418,418,415.6,45.01K
1996-02-06,414.6,415.2,415.3,412.5,83.96K
1996-02-07,411.4,414.6,417.6,409.5,23.31K
1996-02-08,411.5,410.9,412,409.3,49.88K
1996-02-09,407.8,411.6,411.6,406.5,63.67K
1996-02-12,403.3,407.9,407.9,402.1,44.68K
1996-02-13,405.1,404.6,406,402.7,34.44K
1996-02-14,406.5,406,406.8,404.3,26.19K
1996-02-15,405.7,407.2,407.5,404.7,30.29K
1996-02-16,407.5,405.5,409.2,405.5,60.88K
1996-02-20,401.1,407.2,407.2,399.2,62.55K
1996-02-21,404,401.3,404.2,397.5,35.57K
1996-02-22,401.5,403.9,403.9,400.9,31.01K
1996-02-23,399.9,400.8,400.8,398.1,21.42K
1996-02-26,400.6,402,402,400,32.29K
1996-02-27,399.6,400.8,401.7,398.7,38.72K
1996-02-28,402.1,399.9,402.4,398.3,24.82K
1996-02-29,401.2,402.1,403.6,401.1,28.79K
1996-03-01,400.2,401.1,401.8,399,80.36K
1996-03-04,395.2,400,400,393.8,31.66K
1996-03-05,394.6,395,395.4,393.6,17.63K
1996-03-06,394.4,394.6,395.3,393.6,39.73K
1996-03-07,396.4,394.6,396.7,392.3,55.88K
1996-03-08,398.2,396.7,399.7,395.1,21.07K
1996-03-11,396.7,397.7,397.7,396.2,29.05K
1996-03-12,397.5,396.8,398.4,396.8,16.87K
1996-03-13,397.7,397.3,398.7,397.3,19.15K
1996-03-14,396.5,397.6,397.6,396.2,18.02K
1996-03-15,396.9,396.6,397.5,395.9,25.26K
1996-03-18,396.3,396.4,396.4,394.6,14.31K
1996-03-19,396,396.4,396.4,395.6,24.47K
1996-03-20,396.5,396,396.8,395.2,37.34K
1996-03-21,398.7,396.5,399.2,395.6,28.45K
1996-03-22,398.9,398.6,399.5,397.6,24.26K
1996-03-25,399,399,399.2,398.3,42.22K
1996-03-26,400.5,399.7,401.8,399.7,29.42K
1996-03-27,400.4,400.8,401.2,399.9,30.76K
1996-03-28,399.7,401.2,402.5,399.4,35.42K
1996-03-29,398.4,399.3,400.3,396.9,18.92K
1996-04-01,397.7,398.1,398.1,396.9,26.28K
1996-04-02,396.6,397.7,397.7,395.7,32.29K
1996-04-03,396.8,396.5,398.3,396.3,18.78K
1996-04-04,397.6,396.8,397.8,395.7,32.39K
1996-04-08,400.7,397.8,401,397.1,43.70K
1996-04-09,397.1,400.4,400.4,396.2,22.15K
1996-04-10,397.5,396.7,397.9,396.2,46.72K
1996-04-11,398.3,398,399.2,396.3,22.31K
1996-04-12,397.1,398.1,398.1,396.1,28.91K
1996-04-15,395.5,395.9,395.9,394.7,48.52K
1996-04-16,393.5,392.5,396.3,392.5,24.61K
1996-04-17,393,393.6,393.8,392.7,29.72K
1996-04-18,392.4,393.3,394,391.8,16.13K
1996-04-19,392.7,392.9,393.3,391.5,18.38K
1996-04-22,393.6,392.7,394.1,392.7,13.85K
1996-04-23,393.4,393.6,394.5,393.3,14.98K
1996-04-24,392.7,393.5,393.6,392.4,40.75K
1996-04-25,395.3,393.2,396.8,393.2,41.47K
1996-04-26,392.2,395.6,395.6,391.6,12.95K
1996-04-29,392.4,392.2,393.1,392,28.23K
1996-04-30,393.5,392.6,394,392.5,40.39K
1996-05-01,394.9,393.5,396.2,393,35.37K
1996-05-02,395.7,394.9,395.8,393.6,33.00K
1996-05-03,394.1,395.7,396.8,393.8,19.98K
1996-05-06,395.7,394.5,396,394.4,23.97K
1996-05-07,395.8,395.8,395.8,394.8,49.75K
1996-05-08,394.8,396,398,394.4,18.60K
1996-05-09,394.5,394.7,395.4,393.9,39.19K
1996-05-10,392,394.6,395.1,391.8,19.45K
1996-05-13,392.7,392.2,393.1,392.2,27.18K
1996-05-14,392.9,393.1,393.7,391.5,22.14K
1996-05-15,393.5,392.9,393.9,392.9,19.19K
1996-05-16,393.5,393.1,393.6,392.4,23.04K
1996-05-17,393,393.1,393.7,392.3,23.04K
1996-05-20,391.3,393.1,393.3,391.1,41.33K
1996-05-21,391.4,391.4,392.4,389.8,24.23K
1996-05-22,392,391.5,392.2,391.1,15.44K
1996-05-23,391.8,391.3,392,391.3,17.99K
1996-05-24,390.9,391.4,391.4,390.6,23.79K
1996-05-28,391.6,390.6,392.6,390.6,26.00K
1996-05-29,391.2,391.7,392.2,391,28.74K
1996-05-30,394,394.2,394.9,393.5,37.19K
1996-05-31,394.4,393.7,395.5,393.1,14.07K
1996-06-03,393.6,394.3,394.3,393.5,50.25K
1996-06-04,390.8,393.2,393.9,390.2,34.78K
1996-06-05,388.9,390.9,390.9,388.8,42.69K
1996-06-06,388.4,388.6,388.6,386.2,33.58K
1996-06-07,387.6,388.2,389.8,387.4,13.23K
1996-06-10,388.5,387.8,388.6,387.8,40.51K
1996-06-11,386.9,387.9,387.9,385.1,17.52K
1996-06-12,386.8,386.9,387.7,386.5,13.41K
1996-06-13,386.5,386.3,387.3,386.3,25.77K
1996-06-14,387.1,386.5,387.6,383,11.51K
1996-06-17,387.3,386.9,387.6,386.3,19.24K
1996-06-18,387.7,387.4,388.1,386.6,23.54K
1996-06-19,386.5,387.8,388.7,386.4,10.56K
1996-06-20,386.3,386.5,386.6,385.9,27.80K
1996-06-21,386.8,386.1,386.9,384.6,15.33K
1996-06-24,386.7,386.8,387,385.5,23.24K
1996-06-25,385.6,387,387.4,385.5,30.64K
1996-06-26,384.7,385.6,386,384.6,25.58K
1996-06-27,383.6,384.7,385.2,383.4,30.15K
1996-06-28,381.6,383.6,384,381.5,18.90K
1996-07-01,382.7,382.3,384,382.3,13.53K
1996-07-02,383.3,382.9,383.5,382.5,9.50K
1996-07-03,382.5,383.4,383.9,382.4,21.48K
1996-07-08,382.1,383.5,384.4,381.5,25.40K
1996-07-09,383.5,383.3,385,383.3,28.26K
1996-07-10,383.4,383.7,385.4,383,26.32K
1996-07-11,384.6,383.5,385.2,383.4,22.59K
1996-07-12,384.4,384.8,385.3,383.7,31.53K
1996-07-15,385.7,384,385.8,383.6,50.96K
1996-07-16,384.2,385.8,387,384,14.35K
1996-07-17,384.2,384.6,384.8,383.6,17.81K
1996-07-18,384.6,384.2,385.3,384.2,26.28K
1996-07-19,385.3,384.6,386,384.6,28.18K
1996-07-22,385.5,385.4,386.6,385,35.07K
1996-07-23,385.5,385.5,386.6,384.2,33.19K
1996-07-24,386.3,385.5,386.5,385,21.16K
1996-07-25,385.7,386.1,386.6,385.4,23.65K
1996-07-26,385.7,385.6,386.5,385.3,35.86K
1996-07-29,385,385.7,385.7,384.6,31.50K
1996-07-30,390.3,390.2,391.2,390.2,32.05K
1996-07-31,393.1,391,393.3,391,19.00K
1996-08-01,392.1,392.9,392.9,391.8,21.99K
1996-08-02,393.2,392.4,393.6,392,39.73K
1996-08-05,395,394.2,396.2,394.2,10.86K
1996-08-06,394.4,394.8,394.8,393.9,10.86K
1996-08-07,394.1,394.4,394.4,393.7,10.43K
1996-08-08,394.4,394.2,394.4,393.4,20.89K
1996-08-09,393.3,394.2,394.7,392.9,15.66K
1996-08-12,393.4,393.5,394,392.8,19.62K
1996-08-13,393.2,393.2,393.5,392.9,29.45K
1996-08-14,391.7,392.7,392.7,391.2,14.97K
1996-08-15,391.7,391.6,392.5,391.1,8.54K
1996-08-16,391.4,391.7,391.7,390.9,16.18K
1996-08-19,392.4,392.4,392.7,391.2,10.27K
1996-08-20,392.9,392.7,393,392.2,9.94K
1996-08-21,391.8,392.8,392.8,391.7,17.06K
1996-08-22,392.5,391.8,393.4,391.7,15.93K
1996-08-23,393.2,392.6,393.7,392.1,17.17K
1996-08-26,394.5,393.3,394.6,393.3,11.76K
1996-08-27,394,394.4,394.4,393.6,13.61K
1996-08-28,393,394,394,392.9,16.41K
1996-08-29,392.4,393,393.1,391.7,26.21K
1996-08-30,391.3,392.1,392.1,390,18.63K
1996-09-03,390.5,391.5,391.5,390.4,25.10K
1996-09-04,389.7,390.4,390.4,389.4,12.91K
1996-09-05,389.6,389.8,390.4,389.3,23.17K
1996-09-06,388.8,389.5,389.9,388.6,57.47K
1996-09-09,387.2,389,389.1,385.8,18.89K
1996-09-10,386.8,387.1,387.1,386,20.57K
1996-09-11,386.6,386.8,387.7,386.2,32.95K
1996-09-12,385.8,386.2,386.2,384.6,22.95K
1996-09-13,385.6,386,386.7,385.5,12.70K
1996-09-16,386.3,385.7,386.4,385.6,12.60K
1996-09-17,386.1,386.4,387,386,19.77K
1996-09-18,386.3,386.6,386.6,385.5,18.25K
1996-09-19,385.6,386.3,386.6,385.4,35.64K
1996-09-20,383.9,385.5,385.8,383.3,9.09K
1996-09-23,384.4,384,384.7,383.8,15.65K
1996-09-24,385.7,384.8,385.8,384.8,14.75K
1996-09-25,385.3,385.9,385.9,385,40.97K
1996-09-26,383.6,384.6,384.6,382.6,34.13K
1996-09-27,382.8,383.3,383.7,381.9,23.18K
1996-09-30,380.5,381.9,381.9,380.1,30.10K
1996-10-01,381,380.8,381.5,379.8,25.87K
1996-10-02,382.3,381.6,383.3,381.6,15.76K
1996-10-03,382.7,382.5,382.8,381,16.11K
1996-10-04,382.6,382.7,383.5,382.3,16.34K
1996-10-07,382.6,382.3,383.8,382.2,15.70K
1996-10-08,383.4,382.9,384.3,382.9,27.89K
1996-10-09,383.5,383.3,384.4,382.6,24.13K
1996-10-10,384.5,383.7,385.3,383.6,16.80K
1996-10-11,383.4,383.9,383.9,382.8,6.55K
1996-10-14,383.8,383.3,384.1,383.1,9.02K
1996-10-15,383.3,383.6,383.6,383,18.63K
1996-10-16,383,384,384.3,382.8,18.19K
1996-10-17,382.6,382.9,382.9,382.1,10.62K
1996-10-18,382.1,382.3,382.3,381.6,29.09K
1996-10-21,383.9,382.2,384,381.8,44.17K
1996-10-22,386.1,384.4,386.5,384.4,10.94K
1996-10-23,385.9,386,386.3,385.4,16.73K
1996-10-24,384.9,385.7,385.7,384.5,12.95K
1996-10-25,384.6,384.7,384.9,384,7.95K
1996-10-28,384.6,384.5,384.9,384.4,12.93K
1996-10-29,381.6,383.9,383.9,381.5,19.92K
1996-10-30,381.3,381.6,381.9,380.6,45.03K
1996-10-31,379.1,380.8,381.3,378.5,29.84K
1996-11-01,379.2,378.8,379.5,377.8,7.99K
1996-11-04,379.6,379.3,379.9,379.3,11.96K
1996-11-05,379.6,379.6,380.5,379.4,20.88K
1996-11-06,378.7,379.5,379.5,378.3,42.40K
1996-11-07,379.6,378.7,382,378.7,30.60K
1996-11-08,380.5,379.6,380.5,378.3,27.25K
1996-11-11,382.8,380.9,382.8,380.4,31.47K
1996-11-12,383.4,382.8,383.8,382.3,46.42K
1996-11-13,384.2,383.6,385.8,382.8,30.99K
1996-11-14,381.8,384,384.4,381.4,24.44K
1996-11-15,381.1,382,382.1,379.8,19.09K
1996-11-18,379.7,380.3,380.3,379.4,21.43K
1996-11-19,378.4,379.9,379.9,378.2,23.14K
1996-11-20,379,378.7,380.4,378.5,49.93K
1996-11-21,376.5,378.8,379,375.8,35.43K
1996-11-22,376.3,376.6,377.6,376.3,33.39K
1996-11-25,374.5,376.5,376.5,373.4,31.98K
1996-11-26,374.7,374.5,374.9,373.2,9.13K
1996-11-27,373,374.5,375.3,372.5,2.12K
1996-12-02,370.9,373.9,373.9,370.7,44.38K
1996-12-03,370.4,370.8,371.2,367.7,37.17K
1996-12-04,372.5,370.5,373.5,370,42.36K
1996-12-05,373,372.7,374.4,369.5,41.73K
1996-12-06,370.8,372.8,376.1,370,12.01K
1996-12-09,369.7,370.6,371.1,369.6,12.84K
1996-12-10,370.5,369.7,371.3,369.4,21.59K
1996-12-11,370.6,370.7,372,369.5,18.72K
1996-12-12,370.8,370.7,371.1,369.7,11.64K
1996-12-13,370.4,370.8,371.9,370.2,11.37K
1996-12-16,369.9,370,370.5,369.1,32.30K
1996-12-17,370.5,370.2,371.8,369,13.44K
1996-12-18,371.3,370.4,371.6,370.4,8.50K
1996-12-19,371.1,371.3,371.7,370.7,11.28K
1996-12-20,370.5,370.7,371.4,370.2,12.90K
1996-12-23,370.6,370.4,371.1,370.4,3.53K
1996-12-24,370.6,370.7,370.8,370.3,4.02K
1996-12-26,371.1,370.8,371.4,370.8,8.51K
1996-12-27,371.1,371,371.7,370.8,7.72K
1996-12-30,371.2,371.2,371.7,371,15.94K
1996-12-31,369.2,371.3,371.5,368.5,32.49K
1997-01-02,366.6,369.2,369.4,366.5,42.72K
1997-01-03,362,366.5,366.7,361.8,38.69K
1997-01-06,358.7,362.4,362.5,357.6,40.34K
1997-01-07,359.7,358.8,360.7,358.8,43.32K
1997-01-08,356.8,359.9,359.9,355.3,39.19K
1997-01-09,358.8,356.8,359.2,355,24.91K
1997-01-10,360.2,359.1,360.6,358.4,35.34K
1997-01-13,359.7,360,361.7,359.1,42.87K
1997-01-14,354.7,359.6,359.6,354,44.55K
1997-01-15,353.2,354.8,356.5,352.6,28.84K
1997-01-16,355,353.3,356.5,353.1,32.04K
1997-01-17,356.4,355.4,357.1,355,20.40K
1997-01-20,354.6,356.1,356.4,353.4,36.72K
1997-01-21,353.8,354.6,356.3,352.7,42.48K
1997-01-22,351.7,353.8,353.9,349.8,59.34K
1997-01-23,352.5,351.8,352.8,347.3,36.81K
1997-01-24,353.4,352.8,355.3,352.8,38.86K
1997-01-27,357.3,353.5,357.8,353.2,35.70K
1997-01-28,354,357.4,358.2,353.2,28.62K
1997-01-29,351.8,354,354,351,13.55K
1997-01-30,347.5,353,353,347.3,32.93K
1997-01-31,346,347.7,348.7,345.4,28.10K
1997-02-03,348.5,346.3,348.8,345.6,29.89K
1997-02-04,346.4,348.6,349.2,346.1,22.97K
1997-02-05,346.4,346.2,346.7,344.3,24.66K
1997-02-06,345.1,346.4,347.1,344,43.08K
1997-02-07,344,344.5,345.1,339.4,14.08K
1997-02-10,343.1,343.9,345.1,342.4,26.81K
1997-02-11,341.9,342.9,343.4,340.3,73.94K
1997-02-12,345.4,341.6,348,338.5,28.38K
1997-02-13,343,345,346.1,342.8,64.66K
1997-02-14,346.7,343,348.6,342.7,19.43K
1997-02-18,347.7,346.2,349.5,346,28.73K
1997-02-19,347.6,347.7,349.1,347.3,62.91K
1997-02-20,352.6,347.3,354,346.5,51.89K
1997-02-21,354.1,352.5,356.8,352.5,18.57K
1997-02-24,355.2,354,357.2,353.8,26.58K
1997-02-25,356.1,355.2,357.1,353.9,44.70K
1997-02-26,356,356,358.7,354.5,92.64K
1997-02-27,361,355.9,364.5,355.7,52.96K
1997-02-28,365.1,361.1,365.5,359.8,34.47K
1997-03-03,363.8,365.1,366,363.5,32.17K
1997-03-04,360.5,363.7,364.5,360.1,54.59K
1997-03-05,354.4,360.5,360.6,352.5,25.44K
1997-03-06,353.6,354.5,355.3,353,43.30K
1997-03-07,349.9,353.5,354.4,349.1,27.08K
1997-03-10,353.1,350.3,353.3,350.3,37.62K
1997-03-11,355.1,353.3,355.5,351.6,29.42K
1997-03-12,353.2,355.2,355.4,351.9,29.34K
1997-03-13,354.5,353.3,355.3,352.2,15.12K
1997-03-14,353,354.6,355.5,352.5,37.94K
1997-03-17,348.3,352.6,353.3,348,50.50K
1997-03-18,350.4,348.3,351.1,346.3,36.00K
1997-03-19,352.9,350.4,354.5,349,31.00K
1997-03-20,352.2,352.9,354.4,351.2,35.83K
1997-03-21,353.5,352.2,354.8,351.3,21.60K
1997-03-24,350.9,353.3,353.3,349.4,41.04K
1997-03-25,348.2,350.8,352.5,347.8,26.85K
1997-03-26,351.5,348.2,352,346.4,10.90K
1997-03-27,350.2,351.5,351.5,348.5,2.55K
1997-03-31,354,352.8,356,351,25.63K
1997-04-01,354.7,354.3,355,352.2,21.94K
1997-04-02,352.1,354.7,355.1,351.7,22.02K
1997-04-03,351.4,351.8,352.5,350,22.83K
1997-04-04,351.7,351.1,352.1,349.5,19.65K
1997-04-07,351.1,351.4,352.3,349.4,14.88K
1997-04-08,351.2,350.9,352.3,350.5,10.07K
1997-04-09,350.4,351,351.5,349.9,9.67K
1997-04-10,350.9,350.5,351.1,350,34.49K
1997-04-11,349.3,351,351.5,348,11.26K
1997-04-14,348.7,349.5,349.8,348.5,65.86K
1997-04-15,343.9,348.4,348.4,342.3,47.85K
1997-04-16,343.3,344.2,344.3,339.5,33.73K
1997-04-17,344.3,343.3,346.2,342.1,13.28K
1997-04-18,343.4,344.4,345.2,343,9.10K
1997-04-21,344.9,343.3,345.1,342.9,11.62K
1997-04-22,343.4,345,345.1,342.9,9.67K
1997-04-23,343.3,343.4,343.5,342.3,12.65K
1997-04-24,342.7,343.3,344,342,12.33K
1997-04-25,343.9,342.5,345,342.4,19.41K
1997-04-28,341.4,343.6,343.7,340.5,12.99K
1997-04-29,341.6,341.2,342.2,340.8,22.27K
1997-04-30,341.2,341.6,343.2,340.8,22.99K
1997-05-01,341.7,341.1,342.9,340.4,7.81K
1997-05-02,341.6,341.7,342,340.9,24.99K
1997-05-05,344.3,342,344.8,341.4,32.81K
1997-05-06,341.5,344.4,345.5,340.5,15.63K
1997-05-07,342.4,341.5,343,341.4,45.16K
1997-05-08,344.8,342.5,346.6,342.4,36.72K
1997-05-09,349.3,345,349.5,344.6,39.99K
1997-05-12,348.7,349.5,352.2,348.2,28.90K
1997-05-13,350.5,348.6,350.9,348,19.84K
1997-05-14,348.2,350.5,350.7,347.6,25.42K
1997-05-15,348.4,348.5,349.8,346.7,33.11K
1997-05-16,344.9,348.4,348.8,344.3,33.28K
1997-05-19,342.2,344.8,345.3,340.7,17.68K
1997-05-20,343.4,342.3,344.2,341.3,16.21K
1997-05-21,343.7,343.9,344,342.2,26.63K
1997-05-22,343.2,344.2,344.2,342.7,18.19K
1997-05-23,343.1,343.3,344.3,341.8,29.17K
1997-05-27,344.7,343.4,345.3,343.1,48.08K
1997-05-28,345.3,344.7,345.8,343.1,19.23K
1997-05-29,348.6,347.4,349.2,346.5,31.93K
1997-05-30,347.5,348.6,350.4,346.7,9.93K
1997-06-02,346.5,347.3,347.4,346.2,19.02K
1997-06-03,345.7,346.5,347.1,345,23.65K
1997-06-04,343.6,345.8,346.3,343.4,42.14K
1997-06-05,345.6,343.5,345.7,341.5,27.04K
1997-06-06,345.7,345.6,347.6,345.5,8.21K
1997-06-09,346.3,345.8,347.3,345.5,8.38K
1997-06-10,346.1,346.4,346.7,345.4,8.68K
1997-06-11,346,346.3,346.5,345.5,14.12K
1997-06-12,343.6,345.9,346,343.4,17.72K
1997-06-13,343.1,343.4,344.4,342.8,8.22K
1997-06-16,344.8,343.1,345,342.9,10.35K
1997-06-17,343.7,344.8,344.8,343.3,35.96K
1997-06-18,341,343.7,344.4,340.6,33.72K
1997-06-19,342.4,341,342.8,340.2,31.12K
1997-06-20,339.4,342.3,342.7,339.1,26.04K
1997-06-23,341.1,339.1,341.4,338.5,16.99K
1997-06-24,339.5,341.2,343.2,339.4,20.53K
1997-06-25,339,339.1,341.2,338.7,31.86K
1997-06-26,339.8,339.2,340.9,338.1,47.98K
1997-06-27,335.9,339.9,340.1,335.2,30.43K
1997-06-30,335.3,335.9,336.7,334.6,28.13K
1997-07-01,335.1,334.9,335.8,334.6,24.55K
1997-07-02,332.3,334.9,335.5,332.1,42.08K
1997-07-03,325.2,332.5,334.1,324,56.99K
1997-07-07,319,325.2,325.8,314.6,46.08K
1997-07-08,321,318.7,323.4,318.1,34.86K
1997-07-09,318.9,320.9,321.3,316.2,25.28K
1997-07-10,320.8,319.2,322.2,319,21.22K
1997-07-11,322.2,320.7,323.1,319.6,20.42K
1997-07-14,320.8,322.1,323.4,320,26.99K
1997-07-15,319,320.7,322.2,318.7,29.23K
1997-07-16,318.7,319,322,317.6,50.15K
1997-07-17,324.7,318.5,325,318.4,58.94K
1997-07-18,329.6,324.1,330.9,323.2,35.00K
1997-07-21,326.2,329.8,329.8,325.9,55.89K
1997-07-22,326,326.2,330.2,325.4,31.66K
1997-07-23,323.8,326,326.1,323.7,63.25K
1997-07-24,323.8,323.8,329.7,321.2,26.74K
1997-07-25,326.5,323.7,328,323.5,50.17K
1997-07-28,329.5,326.5,330,325.6,37.68K
1997-07-29,325.8,329,329.4,325.1,17.60K
1997-07-30,330.6,330.1,332.8,329.7,30.18K
1997-07-31,328.6,331,331.8,328,27.92K
1997-08-01,328.9,328.9,330.1,327.3,15.02K
1997-08-04,328.1,328.5,329.5,327.6,44.23K
1997-08-05,324.6,328.1,328.2,321,20.37K
1997-08-06,322.5,324.5,324.8,321.5,33.39K
1997-08-07,325.8,322.5,327,322.1,55.23K
1997-08-08,330.4,325.5,332,325,31.97K
1997-08-11,332.5,330.8,333.4,330.3,27.28K
1997-08-12,330.8,332.5,332.5,328.7,50.23K
1997-08-13,330.7,331.5,333.2,329.7,34.68K
1997-08-14,328,330.5,331.4,326.6,32.22K
1997-08-15,329.5,327.7,329.8,327,39.01K
1997-08-18,324.7,330.4,330.9,324.5,16.54K
1997-08-19,326.5,324.8,327.2,324.8,22.80K
1997-08-20,324.7,326.1,326.5,323.9,22.30K
1997-08-21,326.6,324.9,327.9,324.4,45.83K
1997-08-22,329.7,326.6,331.8,325,9.69K
1997-08-25,328,328.6,328.8,327,22.79K
1997-08-26,329,328,330.7,327.2,16.11K
1997-08-27,328.8,329,329.6,327.3,36.85K
1997-08-28,327.1,328.8,330.4,326.8,13.20K
1997-08-29,327.4,327,328.9,326.9,25.12K
1997-09-02,325.8,327,328.4,325,19.64K
1997-09-03,325,325.4,325.9,324,17.93K
1997-09-04,324.3,325.1,325.3,323.6,19.75K
1997-09-05,325.4,324.8,325.6,323.8,16.21K
1997-09-08,324.6,325.4,325.4,323,10.94K
1997-09-09,324.1,324.6,324.9,323.6,14.13K
1997-09-10,324.1,324.1,324.5,323.2,55.07K
1997-09-11,326.6,324.4,329,323.2,32.03K
1997-09-12,326.2,326.5,327.2,325,36.26K
1997-09-15,324.7,326.2,326.2,323.4,40.45K
1997-09-16,322.8,324.7,324.7,321,14.52K
1997-09-17,322.2,324.2,324.2,321.6,17.02K
1997-09-18,322.7,322.2,323.7,322.1,24.50K
1997-09-19,323,323,325.2,322.5,9.60K
1997-09-22,323.1,322.9,323.6,322.2,19.19K
1997-09-23,324.2,323,324.4,322.6,26.00K
1997-09-24,325.9,324.2,326.4,324,65.61K
1997-09-25,329.5,325.8,330.2,325.4,36.01K
1997-09-26,329,329.4,329.5,327.6,35.21K
1997-09-29,330.4,329,331.8,328.3,107.12K
1997-09-30,336.9,330.4,337.9,330,84.69K
1997-10-01,336.1,336.6,342.1,336,37.47K
1997-10-02,333.5,336,336.3,332.6,36.52K
1997-10-03,336.9,333.5,337.2,332.7,17.31K
1997-10-06,334.6,336.4,336.9,334.1,18.75K
1997-10-07,333.3,334.6,334.9,332.8,31.29K
1997-10-08,335.3,333.4,336,332.6,73.24K
1997-10-09,329.2,335.3,336.7,327,31.22K
1997-10-10,331.2,329.3,331.8,328.4,10.43K
1997-10-13,329.8,330.9,332.2,329.6,15.27K
1997-10-14,329.3,329.8,330,328.5,35.33K
1997-10-15,328.1,329.1,329.7,326,32.29K
1997-10-16,326.8,328.2,329.1,326,33.41K
1997-10-17,326.2,326.8,327.7,324.5,21.46K
1997-10-20,324.8,325.8,326.1,324.5,19.49K
1997-10-21,323.9,324.7,325.5,323.8,27.63K
1997-10-22,323.6,323.9,325,323.1,32.98K
1997-10-23,324.7,323.6,326,323.4,129.58K
1997-10-24,308.6,324.5,325,308.3,48.27K
1997-10-27,312.3,309.6,313.5,308,42.24K
1997-10-28,316.5,312.4,317.1,309.7,40.83K
1997-10-29,314.4,316.6,317.3,312.7,51.28K
1997-10-30,317.2,314.4,319.3,313.4,31.55K
1997-10-31,312.1,316.6,317.9,310.8,29.33K
1997-11-03,314.4,312.1,315.5,311.8,22.03K
1997-11-04,314.8,313.5,316.9,313.1,17.76K
1997-11-05,314.5,314.6,316.1,314,24.15K
1997-11-06,313.2,314.4,314.5,311.8,40.92K
1997-11-07,311.2,313.2,314.9,308.6,19.44K
1997-11-10,311.1,310.6,312,309.6,38.94K
1997-11-11,310.6,311.1,315.7,310.5,31.28K
1997-11-12,308.4,310.6,311.4,308.1,23.79K
1997-11-13,308.8,308.3,309.6,307.9,54.94K
1997-11-14,304.3,309.3,309.6,300,20.40K
1997-11-17,304.7,304.5,305.5,303.2,35.18K
1997-11-18,307.6,304.3,308,303.9,52.82K
1997-11-19,305,307.5,308.2,304.4,24.83K
1997-11-20,303.8,305,305,303.5,40.04K
1997-11-21,305.9,303.9,306.7,303.8,40.75K
1997-11-24,303.9,305.6,307.1,303.4,37.01K
1997-11-25,300.5,303.9,304.3,300,7.83K
1997-11-26,296.9,300,301,295.1,2.19K
1997-12-01,295.7,298.5,299.1,294.8,20.56K
1997-12-02,295.9,295.5,297.7,294.8,29.03K
1997-12-03,294.5,295.9,296.3,292.4,30.30K
1997-12-04,288.5,294.5,294.5,288.2,22.48K
1997-12-05,290.5,288.5,291.7,288.2,12.73K
1997-12-08,290,290.5,291.5,289.4,40.97K
1997-12-09,284.9,290.2,290.2,283.3,47.53K
1997-12-10,288.6,285,290.7,284.4,18.05K
1997-12-11,286,288.9,290.3,285.6,18.84K
1997-12-12,284.8,286.3,286.5,284,23.86K
1997-12-15,286.4,284.7,288.4,284.5,32.01K
1997-12-16,285.4,286.6,287.8,285.1,26.71K
1997-12-17,291.1,285.5,291.7,285.5,43.21K
1997-12-18,289.2,291,292.9,287.6,19.76K
1997-12-19,291.1,289,291.6,288,14.61K
1997-12-22,292.7,291,293.7,291,26.97K
1997-12-23,295.5,292.7,296.2,292.7,13.10K
1997-12-24,297.9,296,298.5,295.5,6.03K
1997-12-26,296.2,297.5,297.8,295.8,30.26K
1997-12-29,292.5,296.2,296.2,291.5,15.57K
1997-12-30,291.6,292.3,292.6,290.4,10.40K
1997-12-31,289.9,291.7,291.9,288.2,6.49K
1998-01-02,289.4,289.4,289.9,288.6,54.25K
1998-01-05,282.7,289.3,289.9,281.8,33.46K
1998-01-06,282.3,282.5,285.5,281.5,31.43K
1998-01-07,284.7,282.2,284.8,281.6,49.28K
1998-01-08,281.8,284.8,284.9,279,33.28K
1998-01-09,279.1,281.7,283.3,279,26.78K
1998-01-12,278.9,279.1,280.4,278.3,46.03K
1998-01-13,283.8,278.9,284.2,277.5,37.65K
1998-01-14,282.4,283.8,287.3,282,35.07K
1998-01-15,286.4,282.5,287.3,281.9,61.21K
1998-01-16,291.1,286.8,296.6,286.5,29.41K
1998-01-20,291.3,288.1,293.5,287.2,26.80K
1998-01-21,293.3,291.3,294.3,290.4,46.68K
1998-01-22,291.3,293.4,296.3,290.4,77.40K
1998-01-23,300.3,291.4,301,290.3,63.76K
1998-01-26,297.1,300.3,306,296.7,33.28K
1998-01-27,300.7,297.5,301,297.5,39.10K
1998-01-28,306,301.5,306,297,16.78K
1998-01-29,304.9,308,309,304.1,37.55K
1998-01-30,304.6,304.9,307.4,302,14.57K
1998-02-02,305,304.6,306,303.2,50.83K
1998-02-03,297.2,305,305.8,296,28.32K
1998-02-04,301.2,297.2,302.5,296.5,39.80K
1998-02-05,300.7,301.2,310,297.5,19.88K
1998-02-06,300,301.7,304,299.5,15.21K
1998-02-09,301.6,300.8,303.5,300.7,24.77K
1998-02-10,302.3,301.6,303.5,300.9,30.34K
1998-02-11,301.8,302.5,303.2,299.8,18.50K
1998-02-12,300.4,302.2,302.7,299,18.95K
1998-02-13,301.6,300.8,301.7,299.5,30.52K
1998-02-17,299.5,300.5,302.3,298.6,16.05K
1998-02-18,299.1,299.9,300.4,298.4,14.30K
1998-02-19,300.4,299.1,300.6,299,22.16K
1998-02-20,298.7,300.3,300.7,297.8,33.70K
1998-02-23,294.7,298.2,298.2,293.5,21.56K
1998-02-24,292.7,294.1,295,291.8,16.69K
1998-02-25,293.1,292.7,294.2,292.4,19.05K
1998-02-26,295.4,292.5,295.6,292.3,46.67K
1998-02-27,300.1,295.6,301.2,295,20.56K
1998-03-02,300.5,300,301.5,298.7,22.36K
1998-03-03,298.5,300.5,300.6,297,20.88K
1998-03-04,296.8,298.5,298.8,295.8,28.01K
1998-03-05,294.1,296.9,297.5,293.7,19.30K
1998-03-06,295.2,293.9,296.3,293.8,10.49K
1998-03-09,295,295,295.4,294.2,21.70K
1998-03-10,296.5,294.8,296.6,294.8,20.64K
1998-03-11,295.1,296.3,296.8,294.6,14.07K
1998-03-12,295.1,295.1,295.3,294.3,15.40K
1998-03-13,295.9,295.1,296.2,294.9,18.05K
1998-03-16,295.1,296.1,296.4,294.4,35.87K
1998-03-17,292.3,295.1,296,292,52.00K
1998-03-18,291.6,292.7,292.9,287.3,28.35K
1998-03-19,292.1,291.5,293.8,290.6,21.59K
1998-03-20,292.2,292,293.7,291.3,47.98K
1998-03-23,299.5,292.3,299.8,292.3,57.87K
1998-03-24,299.9,298.8,302.5,297.6,32.60K
1998-03-25,299.4,299.8,300.6,298,41.52K
1998-03-26,301.8,299.4,302.1,299,26.50K
1998-03-27,303.1,301.7,305,301.2,10.55K
1998-03-30,303.9,304.9,306,303.6,20.12K
1998-03-31,303.3,303.8,304.9,301.7,28.00K
1998-04-01,301.9,303.3,304.5,301.6,32.60K
1998-04-02,304.2,301.9,305.4,301.2,61.84K
1998-04-03,310.3,303.6,310.8,303.6,69.80K
1998-04-06,311.4,310.3,317,309.7,33.59K
1998-04-07,312,311.8,312.5,308.5,24.65K
1998-04-08,311.1,311.7,312.5,309.4,28.96K
1998-04-09,310.2,311.2,312,308.8,16.88K
1998-04-13,312.9,311.6,313.1,311.2,22.68K
1998-04-14,310,312.8,312.9,309.7,23.01K
1998-04-15,309,310,310.7,308.1,21.63K
1998-04-16,309.8,308.7,310.5,307.4,19.54K
1998-04-17,309.4,309.8,310.5,308.3,8.77K
1998-04-20,309.6,309.2,310.2,308.2,37.01K
1998-04-21,312.6,309.8,314.3,309,42.96K
1998-04-22,314.9,312.6,315.9,312,26.37K
1998-04-23,315.8,315,316.8,313.8,14.91K
1998-04-24,314.2,315.9,316.5,313.5,31.85K
1998-04-27,311.2,313.8,314.4,310.5,32.14K
1998-04-28,309.4,311,311.3,308,29.62K
1998-04-29,311.6,309.3,312.8,308.6,43.18K
1998-04-30,307.9,311.4,313.3,306.5,47.25K
1998-05-01,303.6,308,308.5,302.5,23.50K
1998-05-04,305.4,304.2,306.9,304.1,22.57K
1998-05-05,304.6,305.5,306.4,303.7,42.79K
1998-05-06,301.6,304.3,304.9,300.7,60.54K
1998-05-07,299.6,302,302,297.8,19.46K
1998-05-08,300.7,299.5,301.9,299.3,24.52K
1998-05-11,301.2,300.4,302.1,299.1,40.19K
1998-05-12,298.9,301.8,301.9,297.9,34.99K
1998-05-13,299.2,298.9,300.7,296.1,39.88K
1998-05-14,299.7,299.5,299.9,295.9,31.26K
1998-05-15,301.9,299.7,304.4,299.5,28.36K
1998-05-18,300.2,301.9,302,299.3,17.10K
1998-05-19,299.3,300,301,299,29.92K
1998-05-20,299.9,299.4,301.5,298.1,19.83K
1998-05-21,301.1,299.9,301.6,299.8,19.47K
1998-05-22,300,301.3,301.9,299.4,49.01K
1998-05-26,295.6,299.5,299.7,294.9,35.57K
1998-05-27,293.7,295.2,295.4,290.6,27.09K
1998-05-28,295.6,296,297,295.3,27.10K
1998-05-29,295.1,295.6,296.7,294.3,36.91K
1998-06-01,290.6,295.4,295.5,290.4,35.05K
1998-06-02,293.2,290.2,294.3,289.2,30.36K
1998-06-03,295.3,293.4,296.2,292.3,16.75K
1998-06-04,295.6,295,295.8,293.6,24.81K
1998-06-05,293.6,295.5,296,292.3,42.25K
1998-06-08,298.4,293.2,298.8,291.4,62.70K
1998-06-09,295.5,298.2,301,294.4,27.98K
1998-06-10,295.1,295.7,297.1,290.8,47.02K
1998-06-11,288.7,294.8,296.1,288.5,40.23K
1998-06-12,287.3,288.7,290.7,286.3,18.83K
1998-06-15,286.6,287.4,288.2,285.7,23.70K
1998-06-16,290,286.3,290.2,285.6,44.39K
1998-06-17,294.9,290,295.6,289.3,33.25K
1998-06-18,294.6,294.4,297.3,292.5,50.72K
1998-06-19,300.8,294.3,301.6,293.8,20.02K
1998-06-22,297.1,298,299,295.4,14.61K
1998-06-23,296.4,297.1,297.7,295.4,21.23K
1998-06-24,294.2,296.5,296.9,293.4,19.57K
1998-06-25,295.1,294.3,296.7,293.6,21.37K
1998-06-26,295,295.1,296,293.5,8.42K
1998-06-29,294.9,295,295.6,293.7,28.89K
1998-06-30,298.1,294.9,299.4,294.7,23.58K
1998-07-01,297.4,297.8,299.7,296.2,17.98K
1998-07-02,295,297.4,297.7,294.4,10.42K
1998-07-06,294.3,295.3,295.5,293.5,20.30K
1998-07-07,295.9,294.7,296.5,294.3,34.22K
1998-07-08,294.2,295.8,297,292.2,22.90K
1998-07-09,292.5,294.2,294.5,291.7,15.27K
1998-07-10,291.6,292.7,292.7,290.8,20.07K
1998-07-13,292.4,290.8,293.3,289.7,25.35K
1998-07-14,294,292.2,295.3,292.2,18.60K
1998-07-15,294.5,294.1,295,293.1,29.05K
1998-07-16,294,294.5,296.1,293,10.98K
1998-07-17,295.1,294.2,295.3,293.5,21.41K
1998-07-20,296.7,295.5,296.9,294.9,16.81K
1998-07-21,295.5,296.9,297,295.3,20.58K
1998-07-22,294.6,295.5,295.9,294.5,23.59K
1998-07-23,293.7,294.4,295.1,292.9,43.90K
1998-07-24,291.2,294,295.3,290.5,24.65K
1998-07-27,290.2,291.4,291.4,289.6,33.01K
1998-07-28,291.7,289.8,291.9,289.7,38.92K
1998-07-29,289.9,291.7,292.2,289.1,20.89K
1998-07-30,293.2,294.3,295.4,293.1,29.70K
1998-07-31,290.5,293.1,293.9,290.1,39.44K
1998-08-03,287.9,291,291.1,287.5,42.72K
1998-08-04,292.5,287.6,293.5,286.8,22.67K
1998-08-05,291.8,293.2,294.8,291.1,16.97K
1998-08-06,291.4,291.6,292.5,290.4,14.74K
1998-08-07,290.5,291.5,291.6,289.4,22.07K
1998-08-10,291.3,290.5,291.4,289.1,27.49K
1998-08-11,288,291.4,291.8,287.3,36.20K
1998-08-12,286.8,287.7,290.2,286.2,28.90K
1998-08-13,289.3,286.9,289.8,286.2,20.93K
1998-08-14,287.9,289.3,289.5,287.2,22.33K
1998-08-17,289.1,287.7,289.8,286.7,17.11K
1998-08-18,289,289.1,289.5,288.2,37.68K
1998-08-19,287.2,289.2,290.9,286.9,32.76K
1998-08-20,289,287.5,290,287,29.22K
1998-08-21,288.7,289.6,289.8,287.4,10.88K
1998-08-24,288.5,289,289.1,288,33.40K
1998-08-25,286.9,288.5,288.7,286,46.10K
1998-08-26,285.9,287,289,284.9,60.12K
1998-08-27,280.1,285.7,285.8,280,41.32K
1998-08-28,277.9,279.9,281.9,273.8,19.52K
1998-08-31,278.9,278.5,280.5,277.3,31.42K
1998-09-01,282.2,279.3,283,279.3,18.35K
1998-09-02,283.4,282,284.5,281.9,62.32K
1998-09-03,288.3,283.4,290.5,281.7,32.42K
1998-09-04,290.1,288.2,290.8,287.5,22.84K
1998-09-08,289.2,291.5,291.7,288.2,25.86K
1998-09-09,287.4,289.1,290.4,286.3,80.86K
1998-09-10,293.8,287.3,295.2,287.3,81.30K
1998-09-11,296.8,293.5,300.2,293.2,21.21K
1998-09-14,293.4,296.3,296.3,292.1,23.81K
1998-09-15,293,293.4,295.7,292,28.96K
1998-09-16,290.6,292.7,293,290.2,28.90K
1998-09-17,293.9,290.6,294.6,289.6,25.63K
1998-09-18,294.2,294.2,296,292.2,31.44K
1998-09-21,291.6,294.2,296.5,290.4,19.48K
1998-09-22,290.5,291.6,292.6,290.4,20.66K
1998-09-23,292.5,290.6,292.7,290,49.36K
1998-09-24,296.4,292.9,297.4,292.2,57.92K
1998-09-25,296.2,296.7,302.2,295.8,31.47K
1998-09-28,298,295.7,298.4,294,33.13K
1998-09-29,296.9,298,299.5,295.5,38.13K
1998-09-30,299,296.5,299.9,295.4,69.89K
1998-10-01,302.1,299.1,303.4,298.1,73.54K
1998-10-02,302.8,302.3,305.6,301.1,41.32K
1998-10-05,299,302.9,302.9,297.8,26.18K
1998-10-06,298.3,299.3,299.3,296.1,36.07K
1998-10-07,302.9,298.1,304.5,298.1,62.12K
1998-10-08,302,303.5,306.9,301.3,31.57K
1998-10-09,298.5,301.6,303.9,298.3,20.12K
1998-10-12,298.2,299,300.1,296.6,25.52K
1998-10-13,298.5,298.6,299,297.3,22.83K
1998-10-14,297.8,298.2,298.9,296.6,30.68K
1998-10-15,299.2,298.1,300.9,297.7,38.73K
1998-10-16,301.7,300.3,302.7,299,19.56K
1998-10-19,297.8,301.3,302,297.7,30.93K
1998-10-20,297.8,297.8,298.4,296.2,23.41K
1998-10-21,296.8,298,298.6,296.5,41.14K
1998-10-22,293.6,296.7,296.9,292.9,16.57K
1998-10-23,294.2,293.8,295,293.2,17.61K
1998-10-26,293.6,294,294.2,292,17.54K
1998-10-27,294.8,293.8,294.9,293.4,16.91K
1998-10-28,294.4,294.6,296,293.6,18.07K
1998-10-29,294.8,294.4,295.7,294,26.13K
1998-10-30,293.7,294.5,295.3,292.9,31.40K
1998-11-02,290.9,294,294.5,290.8,52.23K
1998-11-03,289.7,291.1,291.7,288.7,32.77K
1998-11-04,291.8,290.2,292.7,290,37.93K
1998-11-05,294.8,292,296,291.4,30.81K
1998-11-06,294,294.8,295.5,292.9,11.35K
1998-11-09,293.4,293.7,293.9,293,21.15K
1998-11-10,294.2,293.9,294.9,292.6,18.29K
1998-11-11,293.7,294.2,295.3,293.4,45.83K
1998-11-12,297.5,293.8,298.2,293.6,25.41K
1998-11-13,296.5,297.5,298.4,295.8,14.82K
1998-11-16,295.6,296.1,296.5,295.1,14.87K
1998-11-17,294.9,295.6,295.7,294.3,40.44K
1998-11-18,298.2,295,299.1,294.7,34.14K
1998-11-19,296.1,298.1,298.9,296,17.75K
1998-11-20,296.4,296.3,297.4,295.6,23.15K
1998-11-23,297.1,296.6,297.2,295.7,22.23K
1998-11-24,296.4,297.3,297.3,296.1,20.95K
1998-11-25,296.5,296.4,297,295.5,4.77K
1998-11-30,295.1,298.8,298.8,294,17.13K
1998-12-01,295.9,295,296.7,294.8,18.96K
1998-12-02,295.2,295.9,296.7,294.9,22.13K
1998-12-03,293.7,295.1,295.5,293.3,14.09K
1998-12-04,294.3,293.8,294.8,293.6,39.72K
1998-12-07,296.9,294.3,299.5,293.9,17.41K
1998-12-08,295.5,296.9,296.9,294.8,13.19K
1998-12-09,295.8,295.5,296.9,294.5,18.12K
1998-12-10,295.9,296,297.4,295.7,51.51K
1998-12-11,292.6,296.2,297.1,291.2,11.68K
1998-12-14,292.8,293.3,293.8,291.9,13.01K
1998-12-15,294.3,292.9,294.9,292.9,34.93K
1998-12-16,296.5,294.3,296.6,294.3,29.18K
1998-12-17,292.9,296.8,297.4,292.3,37.39K
1998-12-18,290.4,293.2,293.9,289.8,18.39K
1998-12-21,290.2,290.8,292.2,289.5,31.32K
1998-12-22,289,290,290.7,288.1,25.75K
1998-12-23,288,288.4,289.3,286.5,5.34K
1998-12-24,287.5,287.8,288.7,286.9,7.52K
1998-12-28,287.8,287.6,288.2,287,16.47K
1998-12-29,287.1,287.7,289.1,287,13.88K
1998-12-30,288.1,287.1,289.1,287.1,9.02K
1998-12-31,289.2,288.1,289.5,287.9,25.88K
1999-01-04,288.3,289.6,290,287.3,24.74K
1999-01-05,287.8,288.3,288.6,287,26.61K
1999-01-06,288.5,287.8,288.9,287.4,38.61K
1999-01-07,292.4,288.4,292.8,288.4,34.66K
1999-01-08,292,292.5,293.3,291.2,33.16K
1999-01-11,293.6,292.3,294.3,291.6,48.93K
1999-01-12,289.3,293.9,293.9,288,53.19K
1999-01-13,287,289.3,289.7,285,15.94K
1999-01-14,287.4,287.1,287.6,285.8,9.31K
1999-01-15,287.4,287.3,287.6,285.9,21.36K
1999-01-19,286.8,287,288,286,20.45K
1999-01-20,287.5,286.8,287.7,285.8,25.78K
1999-01-21,288,287.7,289,287.3,25.76K
1999-01-22,286.7,288,288.2,286.2,44.83K
1999-01-25,288,286.5,288.7,286.3,48.23K
1999-01-26,286.3,288,288.1,285.9,48.02K
1999-01-27,283.4,286.3,286.5,282.5,20.89K
1999-01-28,286.6,285.2,287.5,284,30.45K
1999-01-29,288.2,286.6,289.3,286.1,39.63K
1999-02-01,290.9,288.5,291.3,288.4,35.69K
1999-02-02,290.7,290.9,292.6,290.4,30.92K
1999-02-03,289.3,290.6,291.1,288,25.72K
1999-02-04,291.2,289.5,292,288.8,20.05K
1999-02-05,290.5,291.6,292.3,290.3,10.61K
1999-02-08,291.3,290.8,291.8,290.4,20.08K
1999-02-09,289.2,290.9,290.9,288.5,16.98K
1999-02-10,288.7,289.4,290.4,288.6,10.86K
1999-02-11,289.3,288.7,289.8,288.5,34.12K
1999-02-12,291.2,289.1,292,289,55.20K
1999-02-16,287.4,291,291,285,16.55K
1999-02-17,286.3,287.2,287.9,286.1,12.34K
1999-02-18,287.4,286.4,287.7,286.4,32.00K
1999-02-19,289.5,287.5,290.2,287.1,12.79K
1999-02-22,288.5,289.4,289.8,287.6,13.23K
1999-02-23,288.7,288.5,288.9,287.7,35.65K
1999-02-24,289.2,288.6,289.8,287.2,23.82K
1999-02-25,289.2,289.3,289.5,287.6,35.54K
1999-02-26,288.3,288.8,289.2,286.5,21.68K
1999-03-01,287.7,288,288.8,286.5,49.28K
1999-03-02,288,288,290.5,287.4,
1999-03-03,288.3,288.2,288.4,287.2,32.16K
1999-03-04,289.5,288.5,290,287.4,20.66K
1999-03-05,289.5,289.4,291.1,288.5,63.93K
1999-03-08,292.7,289.5,293,289.1,86.16K
1999-03-09,293.4,292.6,295.5,292.4,28.97K
1999-03-10,294.2,293.4,294.4,292.7,50.70K
1999-03-11,295.5,294.5,296.5,294,38.39K
1999-03-12,293.4,295.5,296,292.1,68.50K
1999-03-15,287.6,293.1,293.6,287,100.13K
1999-03-16,283.9,287.5,288,282,33.45K
1999-03-17,284.1,284.2,285.7,283.8,28.96K
1999-03-18,283.5,284.2,284.9,282.1,14.76K
1999-03-19,284.5,284,284.6,283.1,9.80K
1999-03-22,284.8,284.6,285,284.3,35.49K
1999-03-23,284.7,284.8,285.6,282.6,19.59K
1999-03-24,284.1,284.7,285.2,283.7,29.49K
1999-03-25,283.1,284.2,284.3,282,42.84K
1999-03-26,279.7,283.4,283.5,278.5,13.12K
1999-03-29,280.3,279.7,281.1,279.7,5.53K
1999-03-30,281.3,282.5,282.5,281.1,24.22K
1999-03-31,281.9,281.2,282.8,280.6,12.75K
1999-04-01,282,281.9,283,281.7,22.16K
1999-04-05,280.3,281.8,282,279.1,28.86K
1999-04-06,281.8,280,282.8,280,11.67K
1999-04-07,282.3,282.3,282.6,281.6,20.75K
1999-04-08,282.7,282,283.5,281.3,21.10K
1999-04-09,283.4,282.4,284.1,281.3,26.28K
1999-04-12,284.5,283.6,286.2,283.6,31.96K
1999-04-13,285.6,284.1,286,284,28.40K
1999-04-14,283.2,285.5,286.1,282.4,26.72K
1999-04-15,285.3,283.1,285.9,283.1,27.17K
1999-04-16,285.6,285.5,286.7,285.2,15.56K
1999-04-19,286.3,285.5,286.5,284.6,19.28K
1999-04-20,285.9,286.4,287,285.6,18.01K
1999-04-21,285.5,286.1,286.3,284.6,15.33K
1999-04-22,285.2,285.4,285.4,284.3,12.62K
1999-04-23,284.9,285.2,285.7,284.3,36.13K
1999-04-26,282.6,285.3,285.3,281.7,20.64K
1999-04-27,283.5,282.9,283.9,281.6,18.83K
1999-04-28,284.1,283.5,284.9,283.2,62.62K
1999-04-29,287.3,284.7,287.9,284,49.35K
1999-04-30,287.8,287.4,289,286.8,9.16K
1999-05-03,287.6,287.9,288.2,287,15.00K
1999-05-04,286.9,287.6,287.8,286.2,40.31K
1999-05-05,288.5,287,289.2,286.5,48.28K
1999-05-06,290.7,288.4,291.2,288.1,48.28K
1999-05-07,283.7,290.7,290.9,280.3,75.30K
1999-05-10,278.4,282.9,283.4,276.5,39.44K
1999-05-11,278.8,278.4,280.4,278.1,34.77K
1999-05-12,277.8,278.8,279.6,277,22.81K
1999-05-13,278.1,277.7,279.6,277.6,33.97K
1999-05-14,276.2,278.3,278.9,275.8,46.81K
1999-05-17,274.8,276.2,277.3,274,31.38K
1999-05-18,274.2,274.8,275.9,273.9,23.72K
1999-05-19,273.5,274.4,274.5,272.4,27.12K
1999-05-20,274.7,273.5,275.5,273.5,38.16K
1999-05-21,273.3,274.7,275.5,272.5,28.09K
1999-05-24,272.9,273.2,274.2,271.7,71.09K
1999-05-25,270.8,272.8,273.7,269.6,53.58K
1999-05-26,269.5,270.7,271.4,269.2,28.15K
1999-05-27,270.5,269.7,270.7,267.9,28.15K
1999-05-28,272,272.3,273.8,270.4,21.20K
1999-06-01,269.5,271.5,272,267,25.83K
1999-06-02,267.1,268.6,269.8,267,26.84K
1999-06-03,267.6,267.1,268.6,265.2,26.84K
1999-06-04,267.2,267.6,268.7,265.8,14.53K
1999-06-07,267.2,267,269,266.2,36.49K
1999-06-08,263.8,267.1,267.2,262.8,47.79K
1999-06-09,261.1,263.9,264.6,259.2,37.78K
1999-06-10,260.1,261,262.4,258.5,27.15K
1999-06-11,262.3,260.1,262.7,259.5,23.06K
1999-06-14,262,261.6,263,260.2,16.54K
1999-06-15,261,261.9,262.3,260.6,12.53K
1999-06-16,259.9,260.7,260.8,259.7,16.02K
1999-06-17,260,259.9,260.9,259.7,22.55K
1999-06-18,260.9,259.9,264.8,259.4,6.56K
1999-06-21,260.3,261.3,261.3,260,17.84K
1999-06-22,259.9,260.3,261,259.2,22.78K
1999-06-23,261.8,260,262,259.3,21.33K
1999-06-24,262.4,261.9,262.8,261.5,16.20K
1999-06-25,260.8,262.2,262.8,260,21.33K
1999-06-28,262,260.8,262.6,260.6,28.31K
1999-06-29,262,262.2,263.5,261.7,28.08K
1999-06-30,263.6,262.1,263.8,261.6,32.71K
1999-07-01,264.4,263.5,264.7,263.2,14.79K
1999-07-02,264.6,264.4,264.7,263.9,69.15K
1999-07-06,257.8,263.6,263.6,256.5,40.94K
1999-07-07,258,257.8,259.6,256.5,23.14K
1999-07-08,257.7,259,259,256.9,22.76K
1999-07-09,258.1,257.7,259.9,257,25.00K
1999-07-12,256.5,257.8,258.1,256,31.66K
1999-07-13,256.7,256.5,257.3,254.6,17.52K
1999-07-14,255,256.7,257,254.4,22.83K
1999-07-15,254.8,255,255.3,253.7,21.85K
1999-07-16,254.5,255.1,257.3,254,19.36K
1999-07-19,253.9,254.6,255,253.7,31.56K
1999-07-20,254.1,253.9,254.5,253.2,43.36K
1999-07-21,256.3,254.3,257,253.3,53.16K
1999-07-22,256.7,256.5,258,254.3,38.00K
1999-07-23,255.4,256.3,256.7,255.3,23.21K
1999-07-26,254.7,256,256,253.8,51.18K
1999-07-27,254.5,254.7,255.5,254.1,36.46K
1999-07-28,254.5,255.4,255.4,254,22.53K
1999-07-29,259.7,257,260,256.4,24.06K
1999-07-30,258.8,259.7,260.1,257.9,19.32K
1999-08-02,257.8,258.8,258.8,256.6,39.13K
1999-08-03,258.5,257.9,259.6,257.5,44.85K
1999-08-04,258.6,258.3,260.8,257,24.66K
1999-08-05,258,259,259.8,257.5,24.66K
1999-08-06,258.6,258,258.8,257,23.66K
1999-08-09,259.3,258.5,260.1,258.1,13.81K
1999-08-10,259.8,259.3,260.2,258.7,52.74K
1999-08-11,261.5,260,262.8,259.3,31.15K
1999-08-12,263,261.5,263.5,261.5,22.69K
1999-08-13,263.2,263.2,263.9,263,21.86K
1999-08-16,262.7,263.5,263.5,260.8,32.20K
1999-08-17,264,262.3,264.3,261.5,29.10K
1999-08-18,262.2,264.4,264.7,261.4,21.85K
1999-08-19,261.2,262.4,262.6,259.8,29.84K
1999-08-20,259.6,261.3,261.5,259.5,62.65K
1999-08-23,256.2,259.6,259.9,256,35.35K
1999-08-24,254.7,256.5,256.9,254.6,27.76K
1999-08-25,254.2,254.7,255.6,253.8,21.12K
1999-08-26,254.6,254.4,255.8,253.9,18.56K
1999-08-27,255.5,255.2,256.8,254.8,7.54K
1999-08-30,255.8,255.5,256.6,255.2,25.81K
1999-08-31,257.3,256.2,258.2,255.8,17.99K
1999-09-01,255.6,257.5,257.8,255,23.84K
1999-09-02,256.7,255.8,257,255.3,23.27K
1999-09-03,255.5,256.8,257.4,254.8,33.07K
1999-09-07,257.3,255.6,257.9,255.6,16.25K
1999-09-08,257.7,257.3,257.8,256.7,26.60K
1999-09-09,258.6,257.7,258.8,257.3,15.31K
1999-09-10,257.9,258.6,258.9,257.2,18.80K
1999-09-13,257.8,258.1,258.5,257.2,23.04K
1999-09-14,258.2,257.9,258.3,257,20.09K
1999-09-15,257.3,258.4,258.7,256.9,12.86K
1999-09-16,257.4,257.4,257.6,256.2,25.70K
1999-09-17,255.9,257.2,257.4,255,11.88K
1999-09-20,255.8,255.5,256.5,255.3,78.12K
1999-09-21,261.8,255.9,261.9,255.4,74.73K
1999-09-22,265.5,261.5,266.5,261.5,65.08K
1999-09-23,267.3,265.4,267.8,263.4,80.93K
1999-09-24,269.8,267.2,272.4,266.4,91.06K
1999-09-27,283.8,269.8,287.8,269.6,173.22K
1999-09-28,310,283.6,329,283.6,88.80K
1999-09-29,302,311.1,322.4,297.1,43.84K
1999-09-30,299.5,303,309.9,295.1,41.43K
1999-10-01,305.3,299.1,310,297,47.99K
1999-10-04,318,305.6,319,305.6,97.88K
1999-10-05,326,318.5,339,318.5,69.40K
1999-10-06,326,326,329.9,315.2,31.88K
1999-10-07,324.3,326,329.8,317.1,32.46K
1999-10-08,321.7,324,326.5,317.5,18.36K
1999-10-11,320.3,321.5,322,317.5,29.19K
1999-10-12,318.2,320,325.3,317.8,34.08K
1999-10-13,321.8,318.5,325.3,316.9,47.34K
1999-10-14,314.2,322.1,324.9,312.3,30.98K
1999-10-15,316.4,314.2,318.5,314.2,31.74K
1999-10-18,311.7,317.2,319.2,311.1,33.07K
1999-10-19,309.5,311.9,312.6,306.2,23.92K
1999-10-20,307.3,309.5,312.2,305.8,36.52K
1999-10-21,305.5,307.3,307.9,302.2,23.90K
1999-10-22,303.3,305.6,306.4,302.1,25.24K
1999-10-25,300.5,303,303.9,299,58.44K
1999-10-26,290.4,300.5,300.5,289.6,36.40K
1999-10-27,294.2,290.4,295,287.6,33.93K
1999-10-28,300.4,294.8,303,294.8,26.13K
1999-10-29,300.3,300.6,302.8,298.2,38.44K
1999-11-01,291.5,299.7,299.7,288,20.33K
1999-11-02,292.4,291.5,294.4,289.7,15.12K
1999-11-03,293.3,292.9,294.5,291.7,10.38K
1999-11-04,293.7,293.2,294,291.7,23.49K
1999-11-05,291,293.7,294,288.5,21.27K
1999-11-08,291.1,291,291.3,288.1,17.04K
1999-11-09,293.1,291.3,293.3,291.3,
1999-11-10,299.1,293.3,299.8,292.3,24.47K
1999-11-11,294.9,299.1,300.4,294.3,23.98K
1999-11-12,292.1,294.8,295.5,291.9,18.06K
1999-11-15,292.5,292.1,293.6,290.1,17.18K
1999-11-16,295.3,292.3,296,292.3,19.39K
1999-11-17,295.7,295.3,297.6,294.5,18.81K
1999-11-18,295.1,295.5,296.1,294,14.66K
1999-11-19,295.7,295.5,296.4,293.8,26.58K
1999-11-22,295.6,295.4,296.6,294.8,39.63K
1999-11-23,298.7,295.5,299.2,295.4,
1999-11-24,299.4,298.6,300.4,297.3,23.42K
1999-11-29,293.5,299.5,299.5,292.4,21.07K
1999-11-30,293,293.6,294.9,292.9,17.72K
1999-12-01,291.9,293,294,290.8,44.89K
1999-12-02,287.1,291.9,292,286,28.87K
1999-12-03,282.1,287.3,287.4,281.9,26.67K
1999-12-06,278.2,282.5,282.5,276.2,23.43K
1999-12-07,285.4,278.7,285.9,278.6,31.00K
1999-12-08,284.1,286,288.5,282.9,18.32K
1999-12-09,280.3,283.9,284.4,280.2,16.01K
1999-12-10,281,280.2,283.7,279.3,12.34K
1999-12-13,282.1,281,282.6,280.5,15.27K
1999-12-14,282,281.5,283.4,281,23.63K
1999-12-15,284.6,282.5,285.8,281.3,21.00K
1999-12-16,283.8,285,285.2,281.7,23.14K
1999-12-17,285.5,284.1,287.5,283.3,7.45K
1999-12-20,286,285.4,286.7,285.3,23.48K
1999-12-21,288.9,286.2,289.3,284.1,10.54K
1999-12-22,288.7,289.3,291.9,287.3,11.22K
1999-12-23,288.5,289.4,289.4,287.1,5.82K
1999-12-27,289.8,287.9,290.1,287.9,11.90K
1999-12-28,291.5,289.7,292.5,289.3,11.61K
1999-12-29,292.4,291.8,293.6,291.5,14.93K
1999-12-30,289.6,292.7,292.9,289.3,30.70K
2000-01-04,283.7,289.5,289.5,280,21.62K
2000-01-05,282.1,283.7,285,281,25.45K
2000-01-06,282.4,281.6,282.8,280.2,19.06K
2000-01-07,282.9,282.5,284.5,282,11.27K
2000-01-10,282.7,282.4,283.9,281.8,30.60K
2000-01-11,284.4,282.4,285.3,281.9,13.50K
2000-01-12,283.7,284.5,285,282.5,17.84K
2000-01-13,285.1,283.5,285.9,282.9,12.17K
2000-01-14,284.9,285.2,285.6,284,32.34K
2000-01-18,289.6,286.1,289.8,285.9,28.62K
2000-01-19,290.3,289.6,291,287.5,24.10K
2000-01-20,289.3,290.3,290.7,288.4,20.71K
2000-01-21,289.7,289,290.3,287.4,25.73K
2000-01-24,288.1,289.7,289.7,286.3,32.14K
2000-01-25,286.6,288,291.8,286.6,36.12K
2000-01-26,286.5,286.8,287.5,284.7,19.63K
2000-01-27,287.1,286.2,287.5,285.6,14.49K
2000-01-28,286,289.6,290.7,283,15.19K
2000-01-31,286.2,286,287.4,284.9,13.45K
2000-02-01,285.4,286,286.5,285,18.56K
2000-02-02,287.7,285.4,289.2,285.3,21.68K
2000-02-03,289.9,287.7,290.9,287,111.57K
2000-02-04,313,290.2,318.5,289.9,81.00K
2000-02-07,304.5,318,326.9,302,41.22K
2000-02-08,301.7,306,308,298.5,43.96K
2000-02-09,308.6,301.7,314,301.7,68.35K
2000-02-10,318.7,308.5,319,308.5,33.90K
2000-02-11,313.6,318.3,320.4,311,26.79K
2000-02-14,311,313.6,313.6,308.3,29.20K
2000-02-15,304.1,310.7,311.5,303.8,26.79K
2000-02-16,305,304.2,306,299.7,56.34K
2000-02-17,303.8,305.3,312.5,300,11.81K
2000-02-18,307.3,303.3,307.8,302,19.38K
2000-02-22,307.7,307.6,309.4,304.2,25.89K
2000-02-23,302.4,307.7,308.2,302.3,28.34K
2000-02-24,300.9,302.4,303.5,300.2,50.88K
2000-02-25,294.6,300.9,301.2,293.5,12.40K
2000-02-28,294.2,294.5,295.4,293.1,19.66K
2000-02-29,294.2,293.8,296.5,293.5,14.91K
2000-03-01,293.3,294.2,296.2,292.8,28.15K
2000-03-02,289.7,292.9,293.3,289.4,14.36K
2000-03-03,290.3,289.7,292.2,289.2,11.76K
2000-03-06,289.4,290.6,291.7,289.2,29.35K
2000-03-07,293.7,289.5,295.4,289.4,23.10K
2000-03-08,290.4,293.8,295,289.8,20.16K
2000-03-09,292.7,290,293,289.6,33.68K
2000-03-10,290,292.7,294,289.4,15.87K
2000-03-13,291.5,290,292.9,290,14.10K
2000-03-14,289.7,291.7,292.6,289.2,10.30K
2000-03-15,289.6,289.6,291,289.3,39.83K
2000-03-16,287,289.9,290.4,286.3,22.02K
2000-03-17,285,286.8,287,283.6,17.90K
2000-03-20,286.5,285,286.9,284.5,42.69K
2000-03-21,290.4,286.5,292,284.2,13.80K
2000-03-22,288.3,290.4,291.1,288.1,36.66K
2000-03-23,285.4,288.4,288.6,283.8,12.05K
2000-03-24,285.1,285.6,286.1,284.6,51.45K
2000-03-27,280.5,285.4,285.4,280.2,22.15K
2000-03-28,279.5,280.8,281.8,279.4,17.78K
2000-03-29,275.9,279.5,280.2,274.8,12.11K
2000-03-30,279.1,279,280.2,277.9,29.78K
2000-03-31,281.4,279.6,283,277.5,31.83K
2000-04-03,280.4,281.5,282,279.7,12.35K
2000-04-04,286.6,280.7,291.5,278.4,44.07K
2000-04-05,283.8,286.7,287.1,283.2,21.14K
2000-04-06,282.7,283.8,284.3,281.3,13.22K
2000-04-07,282.5,283,283.6,281.9,7.87K
2000-04-10,284,281.8,285,281.5,6.78K
2000-04-11,283.7,284.3,286,283.1,17.91K
2000-04-12,283.5,283.5,285.7,281.5,19.82K
2000-04-13,283.2,283.5,284.8,282,11.97K
2000-04-14,284.6,283.4,288.5,282.5,30.67K
2000-04-17,284.2,285.1,287.5,282.8,17.84K
2000-04-18,283,284,284.8,282.4,15.41K
2000-04-19,282.5,283,283.9,282,11.57K
2000-04-20,281.5,282.4,283,280.5,13.09K
2000-04-24,281.2,281.5,282.9,280.9,7.76K
2000-04-25,279.8,281,282,279.5,13.62K
2000-04-26,277.1,280,280.1,276.4,27.42K
2000-04-27,278.4,277.3,279.1,276.8,15.08K
2000-04-28,274.7,278.2,279,274,25.40K
2000-05-01,274.8,274.8,276.1,273.6,16.30K
2000-05-02,277,275.1,277.9,274.7,16.04K
2000-05-03,279.1,277.2,279.4,276.6,22.23K
2000-05-04,281.2,280,284,278.1,34.63K
2000-05-05,280.1,282,283.8,278.5,30.22K
2000-05-08,277.6,279.8,279.8,277.3,15.42K
2000-05-09,278.2,278,278.9,276.7,18.48K
2000-05-10,278.7,278.4,280,277.9,14.29K
2000-05-11,276.5,278.7,279.3,276.1,23.25K
2000-05-12,276.9,276.8,277.9,276.5,10.33K
2000-05-15,276.4,277.2,277.8,274.8,19.33K
2000-05-16,276.2,276.8,278,275.7,15.84K
2000-05-17,273.8,276.1,276.2,272.7,18.76K
2000-05-18,273.7,273.8,274.8,272.1,18.76K
2000-05-19,274.6,274.4,274.9,273.3,20.59K
2000-05-22,276.2,274.3,277.5,274,30.18K
2000-05-23,274.7,276.2,277.2,273.8,23.83K
2000-05-24,273.8,275,275,273.2,15.93K
2000-05-25,270.7,273.8,275,269.5,56.14K
2000-05-26,272.2,270.7,273.3,270.1,30.19K
2000-05-30,275.5,275.1,277.2,275,11.81K
2000-05-31,274.8,275.6,275.9,274.5,12.63K
2000-06-01,275.4,275.4,276.4,274.8,65.97K
2000-06-02,284.2,275.5,285.9,275.3,33.37K
2000-06-05,288.2,283.8,289.1,283.2,39.84K
2000-06-06,291.8,287,294.5,286.6,33.07K
2000-06-07,290,292,292.2,286.9,34.16K
2000-06-08,286.8,290,290.2,286.3,18.79K
2000-06-09,286.4,287.2,289.3,286.1,17.15K
2000-06-12,289.1,286.4,289.2,285.6,44.40K
2000-06-13,288.1,289.3,296.5,286.8,30.66K
2000-06-14,294.2,288.7,294.5,288.1,23.97K
2000-06-15,292.1,294,295.3,289,24.11K
2000-06-16,291.2,291.5,294.4,290.6,14.49K
2000-06-19,288,291.5,291.5,287.5,13.55K
2000-06-20,288.1,288.2,289.7,287,12.00K
2000-06-21,288.1,288,289.6,287.5,29.17K
2000-06-22,287.2,288.2,291.1,286.5,24.72K
2000-06-23,284.8,287.3,288,284,12.56K
2000-06-26,285.5,284.8,286.5,283.6,14.75K
2000-06-27,287.5,285.8,287.6,284.8,39.73K
2000-06-28,294.3,287.7,294.8,287.4,23.14K
2000-06-29,290.7,294.3,294.3,289.4,16.28K
2000-06-30,291.5,290.5,291.7,289.1,25.52K
2000-07-05,285.3,289.7,289.7,285.1,22.41K
2000-07-06,284.6,285.3,287,283.4,15.44K
2000-07-07,284.6,284.5,285.7,282.6,14.50K
2000-07-10,284.9,284.7,286.4,284.3,17.94K
2000-07-11,283.3,284.6,285.2,283,22.03K
2000-07-12,281.4,283.3,284.5,280.6,15.39K
2000-07-13,280.9,281.7,282.8,280.7,15.39K
2000-07-14,281.9,281,282,280.6,23.28K
2000-07-17,284.2,281.7,284.8,281.7,17.14K
2000-07-18,283.1,283.7,284.2,282.6,26.95K
2000-07-19,279.6,281.7,282.1,278,19.91K
2000-07-20,280.4,278.7,281.5,278.3,13.56K
2000-07-21,280.6,281.2,281.7,279.2,15.24K
2000-07-24,279.3,280.4,280.4,279.2,26.05K
2000-07-25,279.3,279.2,281.7,278.8,22.57K
2000-07-26,279.7,280,280.5,279.3,29.02K
2000-07-27,278.6,280,280.1,277.7,26.36K
2000-07-28,284.2,285,285.2,283.7,17.57K
2000-07-31,283.2,283.2,283.5,282.4,8.95K
2000-08-01,283.2,283.4,284.4,283.2,16.88K
2000-08-02,282.8,283,285,282.4,32.64K
2000-08-03,279.5,281.1,281.9,278.4,21.32K
2000-08-04,278.6,278,280.5,277.8,6.56K
2000-08-07,279.1,279,279.6,278.4,16.79K
2000-08-08,278.7,279.5,279.6,277.2,15.24K
2000-08-09,277.3,277.8,278.5,276.5,12.20K
2000-08-10,277.6,277.2,278.5,276.9,14.94K
2000-08-11,280.3,278.4,280.5,277.7,11.12K
2000-08-14,279.6,280.2,281,279.1,8.32K
2000-08-15,279.6,279.9,280.3,278.7,22.41K
2000-08-16,282.3,279.8,282.8,279.7,16.03K
2000-08-17,282.6,282.4,283.9,281.6,11.11K
2000-08-18,281.7,283,283,280.3,6.07K
2000-08-21,280,281.5,281.7,279.2,11.53K
2000-08-22,278.3,280,280.2,277.9,21.62K
2000-08-23,275.7,278.7,278.8,275.3,12.14K
2000-08-24,277.5,275.7,277.8,275.7,12.40K
2000-08-25,278.6,277.9,279.3,276.9,6.34K
2000-08-28,278.5,278.9,279,277.7,16.95K
2000-08-29,277.5,278.6,279.5,276.7,7.96K
2000-08-30,273.8999938964844,273.8999938964844,273.8999938964844,273.8999938964844,0
2000-08-31,274.79998779296875,278.29998779296875,274.79998779296875,278.29998779296875,0
2000-09-01,277,277,277,277,0
2000-09-05,275.79998779296875,275.79998779296875,275.79998779296875,275.79998779296875,2
2000-09-06,274.20001220703125,274.20001220703125,274.20001220703125,274.20001220703125,0
2000-09-07,274,274,274,274,125
2000-09-08,273.29998779296875,273.29998779296875,273.29998779296875,273.29998779296875,0
2000-09-11,273.1000061035156,273.1000061035156,273.1000061035156,273.1000061035156,0
2000-09-12,272.8999938964844,272.8999938964844,272.8999938964844,272.8999938964844,0
2000-09-13,272.79998779296875,272.79998779296875,272.79998779296875,272.79998779296875,0
2000-09-14,272.3999938964844,272.3999938964844,272.3999938964844,272.3999938964844,0
2000-09-15,272.29998779296875,272.29998779296875,272.29998779296875,272.29998779296875,0
2000-09-18,271.3999938964844,271.3999938964844,271.3999938964844,271.3999938964844,0
2000-09-19,271.8999938964844,271.8999938964844,271.8999938964844,271.8999938964844,0
2000-09-20,269,269,269,269,0
2000-09-21,270.29998779296875,270.29998779296875,270.29998779296875,270.29998779296875,0
2000-09-22,271.79998779296875,271.79998779296875,271.79998779296875,271.79998779296875,0
2000-09-25,274.1000061035156,274.1000061035156,274.1000061035156,274.1000061035156,0
2000-09-26,273.8999938964844,273.8999938964844,273.8999938964844,273.8999938964844,0
2000-09-27,278.3999938964844,278.3999938964844,278.3999938964844,278.3999938964844,3511
2000-09-28,277.5,277.5,275.1000061035156,275.6000061035156,631
2000-09-29,274.6000061035156,274.6000061035156,272,273.6000061035156,22
2000-10-02,272.79998779296875,273.5,272.5,273.1000061035156,161
2000-10-03,272.1000061035156,272.79998779296875,271.5,271.6000061035156,25
2000-10-04,270.5,271,270.1000061035156,270.29998779296875,11
2000-10-05,270.29998779296875,270.6000061035156,270,270.6000061035156,6
2000-10-06,269.79998779296875,270.20001220703125,269.29998779296875,269.29998779296875,2
2000-10-09,269.1000061035156,270.1000061035156,269.1000061035156,270.1000061035156,4
2000-10-10,272.3999938964844,272.3999938964844,272.3999938964844,272.3999938964844,13
2000-10-11,272.5,273.5,270.5,270.5,18
2000-10-12,274,276.3999938964844,274,276.3999938964844,3
2000-10-13,274.20001220703125,274.20001220703125,272.3999938964844,272.3999938964844,0
2000-10-16,271.5,271.5,271.5,271.5,5
2000-10-17,271.1000061035156,271.1000061035156,271.1000061035156,271.1000061035156,0
2000-10-18,270.29998779296875,270.29998779296875,270.29998779296875,270.29998779296875,0
2000-10-19,270.1000061035156,270.1000061035156,270.1000061035156,270.1000061035156,1
2000-10-20,271.20001220703125,271.20001220703125,271.20001220703125,271.20001220703125,32
2000-10-23,271.70001220703125,271.70001220703125,270.1000061035156,270.1000061035156,1
2000-10-24,269.79998779296875,270.1000061035156,269.79998779296875,270.1000061035156,16
2000-10-25,266.20001220703125,267.1000061035156,266,266.20001220703125,20
2000-10-26,266,267,264.8999938964844,264.8999938964844,0
2000-10-27,265.5,265.5,264.3999938964844,264.3999938964844,1
2000-10-30,264.29998779296875,264.29998779296875,264.29998779296875,264.29998779296875,2
2000-10-31,264.5,265,264.5,264.8999938964844,0
2000-11-01,263.8999938964844,263.8999938964844,263.8999938964844,263.8999938964844,0
2000-11-02,264.3999938964844,264.3999938964844,264.3999938964844,264.3999938964844,0
2000-11-03,264.6000061035156,264.6000061035156,264.6000061035156,264.6000061035156,0
2000-11-06,264.5,264.5,264.5,264.5,0
2000-11-07,264.29998779296875,264.29998779296875,264.29998779296875,264.29998779296875,0
2000-11-08,265,265,265,265,0
2000-11-09,265.79998779296875,265.79998779296875,265.79998779296875,265.79998779296875,0
2000-11-10,264.5,264.5,264.5,264.5,0
2000-11-13,264.29998779296875,264.29998779296875,264.29998779296875,264.29998779296875,100
2000-11-14,264.8999938964844,264.8999938964844,264.8999938964844,264.8999938964844,0
2000-11-15,265.1000061035156,265.1000061035156,265.1000061035156,265.1000061035156,0
2000-11-16,265.79998779296875,265.79998779296875,265.79998779296875,265.79998779296875,3
2000-11-17,265.20001220703125,265.70001220703125,265.20001220703125,265.70001220703125,7
2000-11-20,266.29998779296875,266.29998779296875,266.29998779296875,266.29998779296875,0
2000-11-21,265.70001220703125,265.70001220703125,265.70001220703125,265.70001220703125,0
2000-11-22,266.29998779296875,266.29998779296875,266.29998779296875,266.29998779296875,0
2000-11-27,270.1000061035156,270.1000061035156,270.1000061035156,270.1000061035156,0
2000-11-28,269.79998779296875,269.79998779296875,269.79998779296875,269.79998779296875,28696
2000-11-29,269.6000061035156,270.1000061035156,265.79998779296875,266.3999938964844,2849
2000-11-30,266.3999938964844,270.20001220703125,266.20001220703125,270.1000061035156,810
2000-12-01,269.70001220703125,272,268.5,268.70001220703125,332
2000-12-04,271,272,270,270.70001220703125,137
2000-12-05,270.8999938964844,271,269.8999938964844,270.3999938964844,407
2000-12-06,271,274.29998779296875,270.6000061035156,274.29998779296875,81
2000-12-07,274.29998779296875,276,272.6000061035156,273.20001220703125,36
2000-12-08,272.70001220703125,273,272.20001220703125,272.20001220703125,120
2000-12-11,270.70001220703125,270.70001220703125,269.20001220703125,270.20001220703125,15
2000-12-12,270.29998779296875,270.29998779296875,269.5,270.29998779296875,62
2000-12-13,270,270,268.1000061035156,268.6000061035156,30
2000-12-14,268.6000061035156,269,268,269,31
2000-12-15,269.20001220703125,270.3999938964844,269.20001220703125,270.3999938964844,63
2000-12-18,270,270,269.70001220703125,269.70001220703125,17
2000-12-19,269.70001220703125,269.70001220703125,269,269.70001220703125,203
2000-12-20,272.5,272.5,272,272.5,5
2000-12-21,273,273.70001220703125,273,273.70001220703125,110
2000-12-22,273.70001220703125,274,273.70001220703125,273.70001220703125,13
2000-12-26,273.20001220703125,274.79998779296875,273.20001220703125,274.1000061035156,0
2000-12-27,274.5,275.20001220703125,274.5,275.20001220703125,1
2000-12-28,273.20001220703125,273.20001220703125,271.70001220703125,271.70001220703125,1
2000-12-29,272,272,272,272,0
2001-01-02,268.3999938964844,268.3999938964844,268.3999938964844,268.3999938964844,0
2001-01-03,268,268,268,268,1
2001-01-04,267.29998779296875,267.29998779296875,267.29998779296875,267.29998779296875,1
2001-01-05,268,268,268,268,0
2001-01-08,268,268,268,268,0
2001-01-09,267.5,267.5,267.5,267.5,0
2001-01-10,264.70001220703125,264.70001220703125,264.70001220703125,264.70001220703125,0
2001-01-11,264,264,264,264,0
2001-01-12,263.8999938964844,263.8999938964844,263.8999938964844,263.8999938964844,0
2001-01-16,263.29998779296875,263.29998779296875,263.29998779296875,263.29998779296875,0
2001-01-17,263.20001220703125,263.20001220703125,263.20001220703125,263.20001220703125,0
2001-01-18,264.20001220703125,264.20001220703125,264.20001220703125,264.20001220703125,0
2001-01-19,264.29998779296875,264.29998779296875,264.29998779296875,264.29998779296875,0
2001-01-22,266.3999938964844,266.3999938964844,266.3999938964844,266.3999938964844,0
2001-01-23,266.1000061035156,266.1000061035156,266.1000061035156,266.1000061035156,0
2001-01-24,264.29998779296875,264.29998779296875,264.29998779296875,264.29998779296875,0
2001-01-25,264.5,264.5,264.5,264.5,0
2001-01-26,262.79998779296875,262.79998779296875,262.79998779296875,262.79998779296875,0
2001-01-29,262.79998779296875,262.79998779296875,262.79998779296875,262.79998779296875,15489
2001-01-30,262.8999938964844,266.6000061035156,262.8999938964844,265.5,1754
2001-01-31,265.20001220703125,266,263.70001220703125,265.6000061035156,566
2001-02-01,266.29998779296875,268.8999938964844,266.29998779296875,268.5,410
2001-02-02,268,268.20001220703125,266.5,267.1000061035156,107
2001-02-05,265.1000061035156,265.79998779296875,265.1000061035156,265.20001220703125,192
2001-02-06,263.8999938964844,263.8999938964844,261.79998779296875,263.29998779296875,25
2001-02-07,262.79998779296875,263.5,262.3999938964844,262.79998779296875,166
2001-02-08,263.5,263.5,259.79998779296875,260.1000061035156,13
2001-02-09,260.5,260.5,259,259.8999938964844,0
2001-02-12,262.5,262.5,260.1000061035156,260.70001220703125,17
2001-02-13,261,261,261,260.29998779296875,0
2001-02-14,260,260,259.3999938964844,259.3999938964844,30
2001-02-15,259.5,259.5,255.10000610351562,255.10000610351562,23
2001-02-16,255,258.5,255,258.20001220703125,2
2001-02-20,256.1000061035156,256.1000061035156,255,256.1000061035156,24
2001-02-21,256.70001220703125,258.20001220703125,256.6000061035156,258.20001220703125,40
2001-02-22,258.5,258.5,257.5,258.5,16
2001-02-23,260,260.8999938964844,259.6000061035156,260.8999938964844,0
2001-02-26,262,265.79998779296875,261.5,265.79998779296875,1
2001-02-27,267,267.3999938964844,267,267.3999938964844,0
2001-02-28,266.79998779296875,266.79998779296875,266.79998779296875,266.79998779296875,0
2001-03-01,265.20001220703125,265.20001220703125,265.20001220703125,265.20001220703125,0
2001-03-02,262.1000061035156,262.1000061035156,262.1000061035156,262.1000061035156,0
2001-03-05,262.5,262.5,262.5,262.5,11
2001-03-06,260,260,259.8999938964844,259.8999938964844,20
2001-03-07,259,261.3999938964844,259,261.3999938964844,0
2001-03-08,265.3999938964844,265.3999938964844,265.3999938964844,265.3999938964844,0
2001-03-09,270.79998779296875,270.79998779296875,270.79998779296875,270.79998779296875,0
2001-03-12,271.6000061035156,271.6000061035156,271.6000061035156,271.6000061035156,8
2001-03-13,266.79998779296875,266.79998779296875,266.79998779296875,266.79998779296875,0
2001-03-14,262.5,262.5,262.5,262.5,0
2001-03-15,260,260,260,260,2
2001-03-16,257,258.1000061035156,257,258.1000061035156,0
2001-03-19,259.79998779296875,259.79998779296875,259.79998779296875,259.79998779296875,0
2001-03-20,260.5,260.5,260.5,260.5,0
2001-03-21,261.8999938964844,261.8999938964844,261.8999938964844,261.8999938964844,0
2001-03-22,261.1000061035156,261.1000061035156,261.1000061035156,261.1000061035156,1
2001-03-23,261.5,261.5,261.5,261.5,0
2001-03-26,261.8999938964844,261.8999938964844,261.8999938964844,261.8999938964844,0
2001-03-27,261,261,261,261,0
2001-03-28,259.70001220703125,259.70001220703125,259.70001220703125,259.70001220703125,22994
2001-03-29,259.70001220703125,260.3999938964844,258.20001220703125,258.79998779296875,5646
2001-03-30,258.79998779296875,259.29998779296875,256.6000061035156,257.8999938964844,2479
2001-04-02,257.20001220703125,257.79998779296875,255,255.60000610351562,456
2001-04-03,255.5,258.6000061035156,255.5,256.79998779296875,326
2001-04-04,258.29998779296875,260.5,258,258.3999938964844,175
2001-04-05,259.1000061035156,259.1000061035156,257.70001220703125,258.1000061035156,150
2001-04-06,259.5,260.20001220703125,257.79998779296875,260,86
2001-04-09,260.5,260.5,258,258.29998779296875,28
2001-04-10,258.29998779296875,258.29998779296875,256.6000061035156,257.29998779296875,31
2001-04-11,257.70001220703125,260,256.5,258.70001220703125,95
2001-04-12,260.1000061035156,261,259,260.1000061035156,20
2001-04-16,260.5,263.79998779296875,260.29998779296875,263.29998779296875,71
2001-04-17,260.5,262.3999938964844,260.5,261.1000061035156,38
2001-04-18,260,262.29998779296875,259.5,261.29998779296875,0
2001-04-19,263,265.29998779296875,262.29998779296875,265.29998779296875,101
2001-04-20,264.70001220703125,265,263.5,264.79998779296875,16
2001-04-23,263.6000061035156,263.70001220703125,262.6000061035156,263.70001220703125,69
2001-04-24,265,265,264,264.1000061035156,64
2001-04-25,263.5,264.3999938964844,262,262.3999938964844,0
2001-04-26,264.3999938964844,264.3999938964844,263.5,264.3999938964844,1
2001-04-27,263.8999938964844,263.8999938964844,263.8999938964844,263.8999938964844,6
2001-04-30,264,264,264,264,0
2001-05-01,264.3999938964844,264.3999938964844,264.3999938964844,264.3999938964844,0
2001-05-02,265.3999938964844,265.3999938964844,265.3999938964844,265.3999938964844,0
2001-05-03,266.29998779296875,266.29998779296875,266.29998779296875,266.29998779296875,0
2001-05-04,266.1000061035156,266.1000061035156,266.1000061035156,266.1000061035156,0
2001-05-07,266.1000061035156,266.1000061035156,266.1000061035156,266.1000061035156,0
2001-05-08,265.1000061035156,265.1000061035156,265.1000061035156,265.1000061035156,0
2001-05-09,270,270,270,270,0
2001-05-10,269.1000061035156,269.1000061035156,269.1000061035156,269.1000061035156,0
2001-05-11,267.8999938964844,267.8999938964844,267.8999938964844,267.8999938964844,0
2001-05-14,268.29998779296875,268.29998779296875,268.29998779296875,268.29998779296875,0
2001-05-15,268.1000061035156,268.1000061035156,268.1000061035156,268.1000061035156,0
2001-05-16,272,272,272,272,0
2001-05-17,273.6000061035156,273.6000061035156,273.6000061035156,273.6000061035156,0
2001-05-18,287.3999938964844,287.3999938964844,287.3999938964844,287.3999938964844,0
2001-05-21,285.3999938964844,285.3999938964844,285.3999938964844,285.3999938964844,0
2001-05-22,285.1000061035156,285.1000061035156,285.1000061035156,285.1000061035156,0
2001-05-23,283.6000061035156,283.6000061035156,283.6000061035156,283.6000061035156,6
2001-05-24,279.1000061035156,279.1000061035156,279.1000061035156,279.1000061035156,6
2001-05-25,277.8999938964844,277.8999938964844,277.8999938964844,277.8999938964844,0
2001-05-29,273.79998779296875,273.79998779296875,273.79998779296875,273.79998779296875,28775
2001-05-30,274.3999938964844,275,264.20001220703125,265.70001220703125,2955
2001-05-31,265.1000061035156,268.1000061035156,264.79998779296875,265.29998779296875,1108
2001-06-01,264.70001220703125,266.8999938964844,264.5,266.3999938964844,251
2001-06-04,266.8999938964844,266.8999938964844,264.5,264.8999938964844,122
2001-06-05,265,265.8999938964844,264.5,265.70001220703125,126
2001-06-06,266.70001220703125,267,265.20001220703125,265.70001220703125,112
2001-06-07,266.29998779296875,266.5,265,266,119
2001-06-08,266.20001220703125,274.20001220703125,266.20001220703125,273.3999938964844,166
2001-06-11,271.1000061035156,271.20001220703125,266.5,267.8999938964844,131
2001-06-12,270,271.5,269,271.5,91
2001-06-13,271.8999938964844,272.5,270,272,38
2001-06-14,272,276,272,275.29998779296875,76
2001-06-15,274.29998779296875,274.70001220703125,271.20001220703125,271.20001220703125,20
2001-06-18,272,272.5,271.29998779296875,272.3999938964844,31
2001-06-19,273,273.3999938964844,273,273.3999938964844,21
2001-06-20,272.70001220703125,272.70001220703125,271,272.3999938964844,26
2001-06-21,271.79998779296875,272.6000061035156,271.79998779296875,272.6000061035156,12
2001-06-22,273.6000061035156,273.6000061035156,272,272.29998779296875,0
2001-06-25,275,275,273.70001220703125,273.70001220703125,8
2001-06-26,274,277,274,276.20001220703125,0
2001-06-27,275.70001220703125,275.70001220703125,272.1000061035156,272.1000061035156,0
2001-06-28,269.29998779296875,269.29998779296875,269.29998779296875,269.29998779296875,0
2001-06-29,270.6000061035156,270.6000061035156,270.6000061035156,270.6000061035156,0
2001-07-02,269.3999938964844,269.3999938964844,269.3999938964844,269.3999938964844,0
2001-07-03,267.6000061035156,267.6000061035156,267.6000061035156,267.6000061035156,1
2001-07-05,265.1000061035156,265.1000061035156,263.70001220703125,265.1000061035156,1
2001-07-06,265.8999938964844,265.8999938964844,265.8999938964844,265.8999938964844,70
2001-07-09,266.5,266.5,266.5,266.5,0
2001-07-10,266.20001220703125,266.20001220703125,266.20001220703125,266.20001220703125,5
2001-07-11,268.29998779296875,268.29998779296875,268.29998779296875,268.29998779296875,0
2001-07-12,266.6000061035156,266.6000061035156,266.6000061035156,266.6000061035156,0
2001-07-13,267.1000061035156,267.1000061035156,267.1000061035156,267.1000061035156,0
2001-07-16,266.8999938964844,266.8999938964844,266.8999938964844,266.8999938964844,0
2001-07-17,268.1000061035156,268.1000061035156,268.1000061035156,268.1000061035156,5
2001-07-18,270.3999938964844,270.3999938964844,270.3999938964844,270.3999938964844,0
2001-07-19,269.3999938964844,269.3999938964844,269.3999938964844,269.3999938964844,5
2001-07-20,269.8999938964844,269.8999938964844,269.8999938964844,269.8999938964844,0
2001-07-23,268.79998779296875,268.79998779296875,268.79998779296875,268.79998779296875,0
2001-07-24,269.70001220703125,269.70001220703125,269.70001220703125,269.70001220703125,0
2001-07-25,267.70001220703125,267.70001220703125,267.70001220703125,267.70001220703125,0
2001-07-26,266.20001220703125,266.20001220703125,266.20001220703125,266.20001220703125,0
2001-07-27,267.3999938964844,267.3999938964844,267.3999938964844,267.3999938964844,17975
2001-07-30,267.29998779296875,267.5,264.1000061035156,264.6000061035156,1912
2001-07-31,264.79998779296875,266.5,264.3999938964844,266.20001220703125,348
2001-08-01,266.20001220703125,268.1000061035156,265.79998779296875,267.3999938964844,284
2001-08-02,267,268,266.1000061035156,267.3999938964844,136
2001-08-03,267,268.5,266.5,267.8999938964844,234
2001-08-06,267.79998779296875,267.79998779296875,267,267.1000061035156,156
2001-08-07,267,267.20001220703125,265.8999938964844,267.20001220703125,291
2001-08-08,266.1000061035156,268,265.8999938964844,267.8999938964844,436
2001-08-09,268,274,268,273.3999938964844,107
2001-08-10,273.3999938964844,275.79998779296875,273,273.8999938964844,3
2001-08-13,275.20001220703125,275.70001220703125,275.20001220703125,275.70001220703125,8
2001-08-14,274.79998779296875,276.29998779296875,273.20001220703125,276.29998779296875,10
2001-08-15,275,276,275,275.70001220703125,2
2001-08-16,275,275.20001220703125,275,275.20001220703125,6
2001-08-17,277.6000061035156,279.29998779296875,277.20001220703125,279.29998779296875,26
2001-08-20,277.20001220703125,277.20001220703125,276.1000061035156,276.1000061035156,1
2001-08-21,275,275,275,275,2
2001-08-22,274.8999938964844,274.8999938964844,274.8999938964844,274.8999938964844,0
2001-08-23,275.29998779296875,275.29998779296875,275.29998779296875,275.29998779296875,0
2001-08-24,272.5,272.5,272.5,272.5,59
2001-08-27,272.5,272.6000061035156,272.3999938964844,272.6000061035156,56
2001-08-28,272.29998779296875,272.29998779296875,272.29998779296875,272.29998779296875,0
2001-08-29,274.20001220703125,274.20001220703125,273.70001220703125,273.70001220703125,0
2001-08-30,275.3999938964844,275.3999938964844,275.3999938964844,275.3999938964844,0
2001-08-31,274.3999938964844,274.3999938964844,274.3999938964844,274.3999938964844,0
2001-09-04,271.6000061035156,271.6000061035156,271.6000061035156,271.6000061035156,0
2001-09-05,272,272,272,272,0
2001-09-06,273,273,273,273,0
2001-09-07,273.1000061035156,273.1000061035156,273,273.1000061035156,0
2001-09-10,271.6000061035156,271.6000061035156,271.6000061035156,271.6000061035156,0
2001-09-11,280,273.7,290,273.1,4.52K
2001-09-14,290.20001220703125,290.20001220703125,290.20001220703125,290.20001220703125,0
2001-09-17,289.79998779296875,289.79998779296875,289.79998779296875,289.79998779296875,0
2001-09-18,288.1000061035156,288.1000061035156,288.1000061035156,288.1000061035156,0
2001-09-19,291.5,291.5,291.5,291.5,1
2001-09-20,289.5,289.5,289,289,1
2001-09-21,291.8999938964844,291.8999938964844,291.8999938964844,291.8999938964844,0
2001-09-24,289.79998779296875,289.79998779296875,289.70001220703125,289.70001220703125,0
2001-09-25,290.5,290.5,290.5,290.5,0
2001-09-26,293.29998779296875,293.29998779296875,293.29998779296875,293.29998779296875,1010
2001-09-27,293.5,293.5,289,291.70001220703125,942
2001-09-28,290.70001220703125,294,290.70001220703125,292.3999938964844,1183
2001-10-01,291.79998779296875,292.8999938964844,290.5,292.20001220703125,91
2001-10-02,292.1000061035156,292.1000061035156,289.8999938964844,289.8999938964844,157
2001-10-03,291,291.20001220703125,290.1000061035156,290.5,84
2001-10-04,290,292,290,290.5,20
2001-10-05,291.5,292.5,291.3999938964844,291.3999938964844,10
2001-10-08,292,292.5,292,292.3999938964844,10
2001-10-09,292.70001220703125,292.70001220703125,288.8999938964844,288.8999938964844,17
2001-10-10,287.5,287.5,284,285.70001220703125,71
2001-10-11,283.5,283.5,280.5,281.79998779296875,140
2001-10-12,282.20001220703125,284.8999938964844,282.20001220703125,284.8999938964844,27
2001-10-15,282.70001220703125,282.70001220703125,282.1000061035156,282.1000061035156,51
2001-10-16,282.20001220703125,282.79998779296875,281.70001220703125,282.29998779296875,140
2001-10-17,282.20001220703125,283.3999938964844,282.20001220703125,283.3999938964844,7
2001-10-18,282.5,282.5,279.20001220703125,279.20001220703125,7
2001-10-19,279.5,280.1000061035156,279,280.1000061035156,4
2001-10-22,275.5,275.5,275.5,275.5,4
2001-10-23,277,277,276.1000061035156,276.1000061035156,42
2001-10-24,275.8999938964844,275.8999938964844,275.8999938964844,275.8999938964844,1
2001-10-25,277.79998779296875,277.79998779296875,277.79998779296875,277.79998779296875,1
2001-10-26,277.8999938964844,277.8999938964844,277.8999938964844,277.8999938964844,1
2001-10-29,278.5,279.1000061035156,278.5,279.1000061035156,6
2001-10-30,281.20001220703125,281.20001220703125,279.5,280.6000061035156,2
2001-10-31,279.5,280.5,279.5,279.5,0
2001-11-01,279.70001220703125,279.70001220703125,279.70001220703125,279.70001220703125,0
2001-11-02,279.79998779296875,279.79998779296875,279.79998779296875,279.79998779296875,0
2001-11-05,278.5,278.5,278.5,278.5,0
2001-11-06,279.70001220703125,279.70001220703125,279.70001220703125,279.70001220703125,90
2001-11-07,280.5,281,280.5,281,5
2001-11-08,278,278,276.79998779296875,276.79998779296875,1
2001-11-09,277.20001220703125,277.3999938964844,277.20001220703125,277.3999938964844,0
2001-11-12,278.29998779296875,278.29998779296875,278.29998779296875,278.29998779296875,4
2001-11-13,277.79998779296875,277.79998779296875,277.79998779296875,277.79998779296875,0
2001-11-14,277.79998779296875,277.79998779296875,277.79998779296875,277.79998779296875,0
2001-11-15,275.1000061035156,275.1000061035156,275.1000061035156,275.1000061035156,0
2001-11-16,274.70001220703125,274.70001220703125,274.70001220703125,274.70001220703125,0
2001-11-19,272.70001220703125,272.70001220703125,272.70001220703125,272.70001220703125,0
2001-11-20,273,273,273,273,0
2001-11-21,272.8999938964844,272.8999938964844,272.8999938964844,272.8999938964844,0
2001-11-26,272.29998779296875,272.29998779296875,272.29998779296875,272.29998779296875,0
2001-11-27,273.20001220703125,273.20001220703125,273.20001220703125,273.20001220703125,0
2001-11-28,274.1000061035156,274.1000061035156,274.1000061035156,274.1000061035156,22395
2001-11-29,274.1000061035156,275.3999938964844,273,273.5,4710
2001-11-30,273.20001220703125,275.5,272.6000061035156,273.8999938964844,744
2001-12-03,273.5,277.5,273.5,276.8999938964844,389
2001-12-04,276.8999938964844,277.20001220703125,275,275.3999938964844,214
2001-12-05,275.29998779296875,275.6000061035156,273,273.70001220703125,198
2001-12-06,274.20001220703125,274.29998779296875,273.1000061035156,274.20001220703125,73
2001-12-07,274.1000061035156,274.3999938964844,273.29998779296875,273.8999938964844,478
2001-12-10,272.5,273.20001220703125,271.20001220703125,272.20001220703125,357
2001-12-11,272.5,272.5,271.5,272.20001220703125,79
2001-12-12,272.70001220703125,273.79998779296875,272.5,273.79998779296875,57
2001-12-13,274,274.3999938964844,273.5,273.8999938964844,44
2001-12-14,275,278.5,275,278,51
2001-12-17,278.20001220703125,278.20001220703125,277,277.70001220703125,17
2001-12-18,280.3999938964844,281.29998779296875,278.29998779296875,280.3999938964844,119
2001-12-19,280,280,275.5,275.5,18
2001-12-20,276.5,276.5,276,276,18
2001-12-21,276,278.6000061035156,276,278,39
2001-12-26,278.29998779296875,280.8999938964844,278.29998779296875,279.70001220703125,0
2001-12-27,278,278.5,277.20001220703125,277.3999938964844,2
2001-12-28,276.5,276.5,276.5,276.5,2
2001-12-31,276.79998779296875,278.70001220703125,276.79998779296875,278.70001220703125,2
2002-01-02,278.8999938964844,278.8999938964844,278.8999938964844,278.8999938964844,2
2002-01-03,278.20001220703125,278.20001220703125,278.20001220703125,278.20001220703125,2
2002-01-04,278.8999938964844,278.8999938964844,278.8999938964844,278.8999938964844,2
2002-01-07,278.6000061035156,279,278.6000061035156,278.6000061035156,1
2002-01-08,278.8999938964844,278.8999938964844,278.8999938964844,278.8999938964844,1
2002-01-09,283.3999938964844,283.3999938964844,283.3999938964844,283.3999938964844,1
2002-01-10,287.1000061035156,287.1000061035156,287.1000061035156,287.1000061035156,2
2002-01-11,287.3999938964844,287.3999938964844,287.3999938964844,287.3999938964844,2
2002-01-14,285.3999938964844,285.3999938964844,285.3999938964844,285.3999938964844,2
2002-01-15,284.3999938964844,284.3999938964844,284.3999938964844,284.3999938964844,2
2002-01-16,287.29998779296875,287.29998779296875,287.29998779296875,287.29998779296875,2
2002-01-17,284.3999938964844,284.3999938964844,284.3999938964844,284.3999938964844,2
2002-01-18,283.1000061035156,283.1000061035156,283.1000061035156,283.1000061035156,2
2002-01-22,281.5,281.5,281.5,281.5,2
2002-01-23,278.6000061035156,278.6000061035156,278.6000061035156,278.6000061035156,2
2002-01-24,278.1000061035156,278.1000061035156,278.1000061035156,278.1000061035156,2
2002-01-25,278.79998779296875,278.79998779296875,278.79998779296875,278.79998779296875,2
2002-01-28,278.29998779296875,278.29998779296875,278.29998779296875,278.29998779296875,2
2002-01-29,281.3999938964844,281.3999938964844,281.3999938964844,281.3999938964844,23818
2002-01-30,281.8999938964844,283.20001220703125,280.5,281.8999938964844,3680
2002-01-31,281,282.79998779296875,280.79998779296875,282.1000061035156,1082
2002-02-01,282.29998779296875,287.5,282.20001220703125,286,536
2002-02-04,286,290,285.3999938964844,289.29998779296875,336
2002-02-05,290,298.20001220703125,290,298.20001220703125,1043
2002-02-06,297.29998779296875,308,296.20001220703125,297.5,239
2002-02-07,297.20001220703125,301.5,296.20001220703125,299.70001220703125,264
2002-02-08,304.5,307.3999938964844,302.79998779296875,303.5,187
2002-02-11,303.5,303.5,297.5,300.1000061035156,362
2002-02-12,299,300.70001220703125,297,300.70001220703125,454
2002-02-13,300.5,300.70001220703125,296.70001220703125,299.3999938964844,229
2002-02-14,300,300.5,299.3999938964844,299.70001220703125,20
2002-02-15,300.5,301.6000061035156,298.3999938964844,298.3999938964844,62
2002-02-19,297,297.29998779296875,293.20001220703125,293.20001220703125,35
2002-02-20,294.1000061035156,294.20001220703125,290.79998779296875,292.29998779296875,24
2002-02-21,291.79998779296875,293.3999938964844,291.79998779296875,293.20001220703125,13
2002-02-22,293.20001220703125,293.20001220703125,292.5,293.20001220703125,151
2002-02-25,292.70001220703125,293,291.5,292.70001220703125,0
2002-02-26,294,298,293.20001220703125,298,4
2002-02-27,295.29998779296875,296.29998779296875,295.29998779296875,296.29998779296875,5
2002-02-28,296,296.70001220703125,296,296.70001220703125,0
2002-03-01,298,298,298,298,0
2002-03-04,296.70001220703125,296.70001220703125,296.70001220703125,296.70001220703125,5
2002-03-05,298,298,294,294,0
2002-03-06,293.5,293.5,293.3999938964844,293.5,0
2002-03-07,290.1000061035156,290.1000061035156,290.1000061035156,290.1000061035156,76
2002-03-08,290.1000061035156,290.1000061035156,290.1000061035156,290.1000061035156,0
2002-03-11,291.1000061035156,291.1000061035156,291.1000061035156,291.1000061035156,44
2002-03-12,293.6000061035156,293.6000061035156,293.6000061035156,293.6000061035156,0
2002-03-13,293.6000061035156,293.6000061035156,293.6000061035156,293.6000061035156,0
2002-03-14,291,291,291,291,0
2002-03-15,289.8999938964844,289.8999938964844,289.8999938964844,289.8999938964844,0
2002-03-18,292.1000061035156,292.1000061035156,292.1000061035156,292.1000061035156,0
2002-03-19,292.79998779296875,292.79998779296875,292.79998779296875,292.79998779296875,0
2002-03-20,292.1000061035156,292.1000061035156,292.1000061035156,292.1000061035156,6
2002-03-21,292.79998779296875,292.79998779296875,292.79998779296875,292.79998779296875,0
2002-03-22,297.29998779296875,297.29998779296875,297.29998779296875,297.29998779296875,0
2002-03-25,297.3999938964844,297.3999938964844,297.3999938964844,297.3999938964844,0
2002-03-26,296.6000061035156,296.6000061035156,296.6000061035156,296.6000061035156,24896
2002-03-27,296.79998779296875,303.1000061035156,296.29998779296875,302.20001220703125,4104
2002-03-28,302.79998779296875,304.5,300.5,302.6000061035156,334
2002-04-01,302.6000061035156,303.20001220703125,300.70001220703125,303.20001220703125,436
2002-04-02,303,306.79998779296875,302.5,305.8999938964844,276
2002-04-03,306,306,302,302.6000061035156,251
2002-04-04,302.6000061035156,302.6000061035156,299,301.1000061035156,86
2002-04-05,300.70001220703125,302.5,298.70001220703125,300.1000061035156,97
2002-04-08,299,301.5,299,300.5,133
2002-04-09,300,300,298.5,298.79998779296875,66
2002-04-10,298,302.5,297.70001220703125,301.70001220703125,42
2002-04-11,301.70001220703125,303.20001220703125,301.5,302.20001220703125,108
2002-04-12,301.5,302.1000061035156,300.5,302.1000061035156,118
2002-04-15,303.29998779296875,303.29998779296875,299.8999938964844,300,132
2002-04-16,299.20001220703125,299.20001220703125,297.5,298.79998779296875,39
2002-04-17,298.79998779296875,303.29998779296875,298.79998779296875,302.1000061035156,11
2002-04-18,303.6000061035156,306,303.6000061035156,304.5,68
2002-04-19,302.5,302.5,301.8999938964844,302.29998779296875,30
2002-04-22,304.1000061035156,304.1000061035156,303,303,40
2002-04-23,302.8999938964844,304,302.79998779296875,304,120
2002-04-24,305,305.70001220703125,304.29998779296875,304.29998779296875,173
2002-04-25,305.3999938964844,309.29998779296875,305.3999938964844,308.1000061035156,0
2002-04-26,308.3999938964844,312.5,306.5,311.6000061035156,0
2002-04-29,311.20001220703125,311.20001220703125,311.20001220703125,311.20001220703125,0
2002-04-30,308.8999938964844,308.8999938964844,308.8999938964844,308.8999938964844,0
2002-05-01,309.1000061035156,309.1000061035156,309.1000061035156,309.1000061035156,0
2002-05-02,308.29998779296875,308.29998779296875,308.29998779296875,308.29998779296875,0
2002-05-03,312.20001220703125,312.20001220703125,312.20001220703125,312.20001220703125,0
2002-05-06,311.20001220703125,311.20001220703125,311.20001220703125,311.20001220703125,0
2002-05-07,311.6000061035156,311.6000061035156,311.6000061035156,311.6000061035156,0
2002-05-08,308.20001220703125,308.20001220703125,308.20001220703125,308.20001220703125,2
2002-05-09,307.5,309.5,307.5,309.5,0
2002-05-10,311,311,311,311,0
2002-05-13,311,311,310.6000061035156,310.6000061035156,7
2002-05-14,307.5,307.5,306.79998779296875,307.29998779296875,0
2002-05-15,308.70001220703125,308.70001220703125,308.70001220703125,308.70001220703125,0
2002-05-16,309.79998779296875,309.79998779296875,309.79998779296875,309.79998779296875,0
2002-05-17,310.6000061035156,310.6000061035156,310.6000061035156,310.6000061035156,0
2002-05-20,315.70001220703125,315.70001220703125,315.70001220703125,315.70001220703125,0
2002-05-21,315.79998779296875,315.79998779296875,315.79998779296875,315.79998779296875,0
2002-05-22,318,318,318,318,0
2002-05-23,322.5,322.5,322.5,322.5,0
2002-05-24,320.3999938964844,320.3999938964844,320.3999938964844,320.3999938964844,0
2002-05-28,323.8999938964844,323.8999938964844,323.8999938964844,323.8999938964844,0
2002-05-29,325.3999938964844,325.3999938964844,325.3999938964844,325.3999938964844,22051
2002-05-30,325.3999938964844,326.70001220703125,323.5,325.5,6764
2002-05-31,325,329,324.20001220703125,326.5,919
2002-06-03,326.6000061035156,328.5,325,326.70001220703125,1866
2002-06-04,327,330.29998779296875,327,327.79998779296875,996
2002-06-05,327.29998779296875,327.29998779296875,320.1000061035156,321.20001220703125,190
2002-06-06,321.1000061035156,326,321.1000061035156,324.8999938964844,422
2002-06-07,325.5,327.5,323.8999938964844,324.6000061035156,237
2002-06-10,323,323.8999938964844,318,318.70001220703125,171
2002-06-11,319.29998779296875,319.70001220703125,316,319.70001220703125,602
2002-06-12,319.6000061035156,322.29998779296875,318.79998779296875,320.29998779296875,71
2002-06-13,320.1000061035156,320.1000061035156,317,317.70001220703125,67
2002-06-14,321.20001220703125,321.5,319.1000061035156,319.1000061035156,43
2002-06-17,318,318.79998779296875,317.29998779296875,317.3999938964844,329
2002-06-18,317,319.20001220703125,317,319.20001220703125,19
2002-06-19,320.20001220703125,320.6000061035156,319.79998779296875,319.79998779296875,116
2002-06-20,321.29998779296875,324.5,321.29998779296875,323.20001220703125,52
2002-06-21,322.8999938964844,325.20001220703125,322.20001220703125,324.6000061035156,329
2002-06-24,326.5,327.29998779296875,324,324.29998779296875,294
2002-06-25,323.70001220703125,323.70001220703125,318,320.20001220703125,0
2002-06-26,322.1000061035156,324,320.5,320.5,13
2002-06-27,320.29998779296875,320.29998779296875,319.20001220703125,319.20001220703125,0
2002-06-28,313.5,313.5,313.5,313.5,0
2002-07-01,314,314,314,314,20
2002-07-02,315,315.29998779296875,312.79998779296875,312.79998779296875,0
2002-07-03,311,311,310.8999938964844,310.8999938964844,2
2002-07-08,313.29998779296875,313.29998779296875,312.1000061035156,312.1000061035156,10
2002-07-09,313.3999938964844,316.1000061035156,312.6000061035156,316.1000061035156,0
2002-07-10,314.70001220703125,314.70001220703125,314.70001220703125,314.70001220703125,0
2002-07-11,317.20001220703125,317.20001220703125,317.20001220703125,317.20001220703125,0
2002-07-12,315.6000061035156,315.6000061035156,315.6000061035156,315.6000061035156,2
2002-07-15,320.5,320.5,319,319.6000061035156,18
2002-07-16,318.20001220703125,318.20001220703125,317.20001220703125,317.20001220703125,0
2002-07-17,317.3999938964844,317.3999938964844,317.3999938964844,317.3999938964844,24
2002-07-18,317,317,317,317,29
2002-07-19,323.8999938964844,323.8999938964844,323.8999938964844,323.8999938964844,403
2002-07-22,323.6000061035156,323.6000061035156,323.6000061035156,323.6000061035156,0
2002-07-23,312.70001220703125,312.70001220703125,312.70001220703125,312.70001220703125,0
2002-07-24,311.5,311.5,311.5,311.5,0
2002-07-25,309.79998779296875,309.79998779296875,309.79998779296875,309.79998779296875,3
2002-07-26,303.3999938964844,303.3999938964844,303.3999938964844,303.3999938964844,0
2002-07-29,302.5,302.5,300.79998779296875,302.5,23830
2002-07-30,301.5,305.20001220703125,301.5,303.70001220703125,3224
2002-07-31,303.70001220703125,305.29998779296875,301.79998779296875,303.20001220703125,965
2002-08-01,303.20001220703125,304.79998779296875,298,304,217
2002-08-02,303.6000061035156,307.8999938964844,303.6000061035156,307,392
2002-08-05,307.5,309.6000061035156,306.5,307.79998779296875,139
2002-08-06,307.5,307.5,304.79998779296875,305.5,52
2002-08-07,308,315.5,307.8999938964844,314.29998779296875,177
2002-08-08,314.6000061035156,314.6000061035156,310.29998779296875,310.3999938964844,86
2002-08-09,310,315,310,314.20001220703125,29
2002-08-12,313.79998779296875,318,313.79998779296875,314.1000061035156,8
2002-08-13,313.6000061035156,315,313.6000061035156,314.20001220703125,68
2002-08-14,317,317,311,311.79998779296875,152
2002-08-15,311.6000061035156,316.5,311.1000061035156,314.29998779296875,132
2002-08-16,313.1000061035156,315,312.20001220703125,313.70001220703125,725
2002-08-19,313.1000061035156,313.1000061035156,305.5,306,118
2002-08-20,307.3999938964844,308.70001220703125,306.20001220703125,308.70001220703125,219
2002-08-21,307.5,308,306,307.6000061035156,105
2002-08-22,305.79998779296875,306.6000061035156,304.8999938964844,306.6000061035156,378
2002-08-23,305.5,306.70001220703125,305.20001220703125,306.70001220703125,53
2002-08-26,310.5,310.5,309.3999938964844,309.3999938964844,153
2002-08-27,308.5,312.8999938964844,308.5,312.29998779296875,0
2002-08-28,311.8999938964844,312.5,309.3999938964844,309.3999938964844,17
2002-08-29,312,312.8999938964844,312,312.8999938964844,0
2002-08-30,312.3999938964844,312.3999938964844,312.3999938964844,312.3999938964844,36
2002-09-03,312.5,313.3999938964844,312.5,313.3999938964844,0
2002-09-04,314.8999938964844,314.8999938964844,314.8999938964844,314.8999938964844,0
2002-09-05,318.20001220703125,318.20001220703125,318.20001220703125,318.20001220703125,7
2002-09-06,320,320,319.8999938964844,319.8999938964844,0
2002-09-09,321.29998779296875,321.29998779296875,321.29998779296875,321.29998779296875,0
2002-09-10,317.8999938964844,317.8999938964844,317.8999938964844,317.8999938964844,0
2002-09-11,316.6000061035156,316.6000061035156,316.6000061035156,316.6000061035156,0
2002-09-12,318.8999938964844,318.8999938964844,318.8999938964844,318.8999938964844,0
2002-09-13,319,319,316.6000061035156,316.6000061035156,0
2002-09-16,317.1000061035156,317.1000061035156,317.1000061035156,317.1000061035156,0
2002-09-17,317,317,317,317,0
2002-09-18,320.6000061035156,320.6000061035156,320.6000061035156,320.6000061035156,0
2002-09-19,322.6000061035156,322.6000061035156,322.6000061035156,322.6000061035156,0
2002-09-20,321.8999938964844,321.8999938964844,321.8999938964844,321.8999938964844,7
2002-09-23,323,323,323,323,0
2002-09-24,325.8999938964844,325.8999938964844,325.8999938964844,325.8999938964844,0
2002-09-25,322.20001220703125,322.20001220703125,322.20001220703125,322.20001220703125,0
2002-09-26,320.29998779296875,320.29998779296875,320.29998779296875,320.29998779296875,3485
2002-09-27,319.6000061035156,321.20001220703125,319,319.70001220703125,858
2002-09-30,320.70001220703125,324.20001220703125,320.3999938964844,323.8999938964844,43
2002-10-01,322,322,320.8999938964844,320.8999938964844,2837
2002-10-02,319.6000061035156,321.5,319.6000061035156,321.5,41
2002-10-03,321,322.8999938964844,321,321.1000061035156,9
2002-10-04,321.3999938964844,322.1000061035156,321.3999938964844,322.1000061035156,117
2002-10-07,322,322.20001220703125,321.8999938964844,321.8999938964844,12
2002-10-08,319,319.70001220703125,318.20001220703125,318.20001220703125,5
2002-10-09,318.20001220703125,319.6000061035156,318.20001220703125,319.6000061035156,35
2002-10-10,319,319.29998779296875,316.5,316.5,10
2002-10-11,316.70001220703125,317,316.29998779296875,316.29998779296875,18
2002-10-14,318,318,317.79998779296875,317.79998779296875,6
2002-10-15,315.5,315.5,312.6000061035156,312.6000061035156,31
2002-10-16,314.5,314.5,314,314,539
2002-10-17,314,314,311.5,311.6000061035156,17
2002-10-18,312.20001220703125,313.20001220703125,311.79998779296875,312.70001220703125,17
2002-10-21,310.8999938964844,313,310.8999938964844,310.8999938964844,12
2002-10-22,313.29998779296875,313.29998779296875,312.29998779296875,313,12
2002-10-23,313.29998779296875,313.29998779296875,312,312,80
2002-10-24,311.70001220703125,311.70001220703125,309.79998779296875,310.70001220703125,10
2002-10-25,314,314,312.79998779296875,313.3999938964844,26
2002-10-28,314,315.20001220703125,314,315.20001220703125,0
2002-10-29,317.70001220703125,317.70001220703125,316,317.70001220703125,13
2002-10-30,316.5,316.5,316,316.5,2
2002-10-31,318,318,318,318,0
2002-11-01,318.79998779296875,318.79998779296875,318.79998779296875,318.79998779296875,0
2002-11-04,318.29998779296875,318.29998779296875,318.29998779296875,318.29998779296875,0
2002-11-05,318.20001220703125,318.20001220703125,318.20001220703125,318.20001220703125,0
2002-11-06,317.5,317.5,317.5,317.5,0
2002-11-07,320.5,320.5,320.5,320.5,2
2002-11-08,321.5,321.5,321.29998779296875,321.29998779296875,0
2002-11-11,321.20001220703125,321.20001220703125,321.20001220703125,321.20001220703125,0
2002-11-12,324.5,324.5,324.5,324.5,4
2002-11-13,318.70001220703125,318.70001220703125,317.5,318.70001220703125,0
2002-11-14,318.79998779296875,318.79998779296875,317.8999938964844,317.8999938964844,0
2002-11-15,320.70001220703125,320.70001220703125,320.70001220703125,320.70001220703125,0
2002-11-18,319.20001220703125,319.20001220703125,319.20001220703125,319.20001220703125,0
2002-11-19,318.6000061035156,318.6000061035156,318.6000061035156,318.6000061035156,0
2002-11-20,317.3999938964844,317.3999938964844,317.3999938964844,317.3999938964844,0
2002-11-21,317.3999938964844,317.3999938964844,317.3999938964844,317.3999938964844,2
2002-11-22,317.3999938964844,320.70001220703125,317.20001220703125,320.70001220703125,4
2002-11-25,316.5,317.79998779296875,316.5,317.79998779296875,50896
2002-11-26,318.1000061035156,318.8999938964844,317.1000061035156,317.70001220703125,0
2002-11-27,318,318.5,316.70001220703125,316.79998779296875,3643
2002-12-02,318.1000061035156,318.5,315.5,317.6000061035156,750
2002-12-03,317.3999938964844,321.20001220703125,317.1000061035156,320.20001220703125,628
2002-12-04,319.79998779296875,323,319.79998779296875,322.20001220703125,395
2002-12-05,321.70001220703125,324.79998779296875,321,324.79998779296875,859
2002-12-06,324.29998779296875,328,324.29998779296875,326.29998779296875,134
2002-12-09,325.70001220703125,326.6000061035156,324.79998779296875,325.79998779296875,124
2002-12-10,326,326.20001220703125,323,323.5,274
2002-12-11,323.20001220703125,325,323.20001220703125,324.79998779296875,224
2002-12-12,333,333,326.5,331.3999938964844,234
2002-12-13,331,336,330.29998779296875,333.20001220703125,64
2002-12-16,334,337,332.5,337,175
2002-12-17,337.5,342,336.5,337.3999938964844,27
2002-12-18,337.29998779296875,342.5,337,342.1000061035156,84
2002-12-19,344.3999938964844,349.20001220703125,342.5,345.8999938964844,48
2002-12-20,346,346,340,340.5,57
2002-12-23,344.5,345.1000061035156,342,345.1000061035156,227
2002-12-24,346.1000061035156,347.70001220703125,346,346.79998779296875,43
2002-12-26,346,350.3999938964844,346,348.8999938964844,0
2002-12-27,348.79998779296875,350.5,347.20001220703125,349.20001220703125,95
2002-12-30,350.3999938964844,350.3999938964844,343.3999938964844,343.3999938964844,11
2002-12-31,343.6000061035156,347.6000061035156,341,347.6000061035156,0
2003-01-02,346.1000061035156,346.1000061035156,346.1000061035156,346.1000061035156,3
2003-01-03,345.20001220703125,351.20001220703125,345.20001220703125,351.20001220703125,0
2003-01-06,351.70001220703125,351.70001220703125,351.1000061035156,351.70001220703125,2
2003-01-07,349.29998779296875,349.29998779296875,347.29998779296875,347.29998779296875,4
2003-01-08,346.79998779296875,353.8999938964844,346.29998779296875,353.8999938964844,0
2003-01-09,353.29998779296875,353.29998779296875,353.29998779296875,353.29998779296875,2
2003-01-10,354.20001220703125,354.5,354.20001220703125,354.5,1
2003-01-13,352,354.70001220703125,352,354.70001220703125,0
2003-01-14,352,352,352,352,1
2003-01-15,350,350.70001220703125,350,350.70001220703125,0
2003-01-16,357.70001220703125,357.70001220703125,357.70001220703125,357.70001220703125,0
2003-01-17,356.6000061035156,356.6000061035156,356.6000061035156,356.6000061035156,0
2003-01-21,357.29998779296875,357.29998779296875,356.20001220703125,357.29998779296875,20
2003-01-22,360.5,360.5,359,359.70001220703125,0
2003-01-23,364.5,364.5,364.5,364.5,1
2003-01-24,368.20001220703125,368.20001220703125,367,368.20001220703125,44
2003-01-27,371,372,369.3999938964844,369.3999938964844,28
2003-01-28,369,370,369,370,0
2003-01-29,366.29998779296875,366.29998779296875,366.29998779296875,366.29998779296875,834
2003-01-30,366,370,362.6000061035156,368.6000061035156,6537
2003-01-31,368.79998779296875,371.5,367,368.29998779296875,821
2003-02-03,368,372,368,370.79998779296875,1358
2003-02-04,371.3999938964844,379.5,371.20001220703125,379,833
2003-02-05,379,388.8999938964844,374,376.3999938964844,730
2003-02-06,370,377,368.3999938964844,370.1000061035156,179
2003-02-07,370.5,374.5,367.5,369.8999938964844,572
2003-02-10,370.3999938964844,372,363.70001220703125,363.70001220703125,611
2003-02-11,363.20001220703125,365.3999938964844,361.79998779296875,362.5,801
2003-02-12,363.79998779296875,364.6000061035156,352.6000061035156,352.6000061035156,221
2003-02-13,352.3999938964844,359,349,357.3999938964844,207
2003-02-14,354.8999938964844,357.6000061035156,349.8999938964844,351.8999938964844,518
2003-02-18,347.79998779296875,348,342,344.20001220703125,319
2003-02-19,344,350,344,349.8999938964844,160
2003-02-20,351.70001220703125,355,350,353.1000061035156,202
2003-02-21,352.5,353.79998779296875,351.79998779296875,351.79998779296875,83
2003-02-24,353.8999938964844,358,353,356.29998779296875,115
2003-02-25,357.3999938964844,359,352,352.29998779296875,0
2003-02-26,353,356,351.5,354,3
2003-02-27,346.1000061035156,346.1000061035156,346.1000061035156,346.1000061035156,0
2003-02-28,350.20001220703125,350.20001220703125,350.20001220703125,350.20001220703125,16
2003-03-03,349.20001220703125,349.20001220703125,349.20001220703125,349.20001220703125,0
2003-03-04,353.20001220703125,353.20001220703125,353.20001220703125,353.20001220703125,0
2003-03-05,353.1000061035156,353.1000061035156,353.1000061035156,353.1000061035156,0
2003-03-06,356.79998779296875,356.79998779296875,356.79998779296875,356.79998779296875,0
2003-03-07,350.79998779296875,350.79998779296875,350.79998779296875,350.79998779296875,0
2003-03-10,354.70001220703125,354.70001220703125,354.70001220703125,354.70001220703125,0
2003-03-11,350.5,350.5,350.5,350.5,0
2003-03-12,346.5,346.5,346.5,346.5,1
2003-03-13,342.70001220703125,342.70001220703125,335.8999938964844,335.8999938964844,1
2003-03-14,336.5,336.5,336.5,336.5,4
2003-03-17,343,343,337.1000061035156,337.1000061035156,24
2003-03-18,336,340.1000061035156,336,337.6000061035156,5
2003-03-19,336.1000061035156,336.1000061035156,336.1000061035156,336.1000061035156,0
2003-03-20,332.8999938964844,332.8999938964844,332.8999938964844,332.8999938964844,0
2003-03-21,326,326,326,326,0
2003-03-24,329.5,329.5,329.5,329.5,5
2003-03-25,328.3999938964844,328.3999938964844,328.3999938964844,328.3999938964844,13
2003-03-26,330.29998779296875,330.29998779296875,330.29998779296875,330.29998779296875,0
2003-03-27,328.70001220703125,328.70001220703125,328.70001220703125,328.70001220703125,0
2003-03-28,331.5,331.5,328.70001220703125,328.70001220703125,4021
2003-03-31,331.6000061035156,336.3999938964844,331.6000061035156,335.8999938964844,2026
2003-04-01,336,338.3999938964844,333.79998779296875,334.29998779296875,434
2003-04-02,334.3999938964844,335.70001220703125,327.5,329.6000061035156,293
2003-04-03,329.70001220703125,329.70001220703125,323.20001220703125,324.8999938964844,636
2003-04-04,324.70001220703125,325.5,323,325.29998779296875,154
2003-04-07,321,323.5,319.29998779296875,321.5,55
2003-04-08,322.29998779296875,323.8999938964844,321.5,322.20001220703125,860
2003-04-09,323,327,322,325.6000061035156,163
2003-04-10,327,327.29998779296875,324.3999938964844,326.70001220703125,45
2003-04-11,326.5,327.8999938964844,323.3999938964844,327.8999938964844,139
2003-04-14,325.6000061035156,326,324.20001220703125,324.20001220703125,25
2003-04-15,324.5,325.8999938964844,322.5,324.8999938964844,149
2003-04-16,325.5,325.79998779296875,323.5,325.79998779296875,0
2003-04-17,326,328.29998779296875,326,327.20001220703125,16
2003-04-21,329.70001220703125,333.5,329.5,333.5,0
2003-04-22,333.5,336.5,333.20001220703125,334.3999938964844,22
2003-04-23,334.29998779296875,334.70001220703125,331.5,331.5,77
2003-04-24,332.6000061035156,335.20001220703125,331.79998779296875,334.79998779296875,21
2003-04-25,333.3999938964844,334.5,333.29998779296875,333.3999938964844,0
2003-04-28,335,335,334.5,334.5,1
2003-04-29,333,333,333,333.70001220703125,1
2003-04-30,337,337,337,339.1000061035156,6
2003-05-01,339,339,339,342.1000061035156,1
2003-05-02,342.1000061035156,342.20001220703125,342.20001220703125,341,1
2003-05-05,342.29998779296875,342.29998779296875,342.29998779296875,342.29998779296875,1
2003-05-06,342.5,342.5,342.5,342.5,5
2003-05-07,342.1000061035156,342.1000061035156,342.1000061035156,341.8999938964844,5
2003-05-08,344.6000061035156,344.6000061035156,344.6000061035156,348.3999938964844,6
2003-05-09,348.29998779296875,348.20001220703125,348.20001220703125,348.6000061035156,1
2003-05-12,351.6000061035156,351.6000061035156,351.6000061035156,351.6000061035156,1
2003-05-13,350,350,350,350,1
2003-05-14,350.1000061035156,350.1000061035156,350.1000061035156,352.29998779296875,1
2003-05-15,352.6000061035156,352.6000061035156,352.6000061035156,352.6000061035156,1
2003-05-16,352.6000061035156,352.70001220703125,352.70001220703125,354.70001220703125,1
2003-05-19,364.20001220703125,364.20001220703125,364.20001220703125,364.20001220703125,1
2003-05-20,366.29998779296875,366.29998779296875,366.29998779296875,366.29998779296875,1
2003-05-21,366.3999938964844,366.3999938964844,366.3999938964844,372,1
2003-05-22,368.1000061035156,368.1000061035156,368.1000061035156,368.1000061035156,1
2003-05-23,368.79998779296875,368.79998779296875,368.79998779296875,368.79998779296875,1
2003-05-27,367.79998779296875,367.79998779296875,367.79998779296875,367.79998779296875,68840
2003-05-28,367,367.29998779296875,358.6000061035156,365.20001220703125,57228
2003-05-29,365.1000061035156,370,360.20001220703125,369.6000061035156,33180
2003-05-30,368.6000061035156,369.6000061035156,360.5,364.5,4747
2003-06-02,360,367,360,366,1955
2003-06-03,365,366.8999938964844,363,365.20001220703125,987
2003-06-04,366.1000061035156,366.1000061035156,361.5,362.6000061035156,452
2003-06-05,361.79998779296875,370,360.8999938964844,368.6000061035156,1831
2003-06-06,368.1000061035156,368.1000061035156,362,363.70001220703125,942
2003-06-09,362.79998779296875,366.1000061035156,361.20001220703125,361.79998779296875,453
2003-06-10,359.5,362.29998779296875,351.5,352.20001220703125,1371
2003-06-11,352.20001220703125,356.1000061035156,352.20001220703125,355.5,558
2003-06-12,354.5,355.6000061035156,351,353.29998779296875,114
2003-06-13,353.70001220703125,357,352.29998779296875,356.6000061035156,82
2003-06-16,359.1000061035156,359.29998779296875,356.5,359,560
2003-06-17,359.8999938964844,365,359.8999938964844,363.20001220703125,146
2003-06-18,360.70001220703125,361,356.79998779296875,357.20001220703125,67
2003-06-19,356,363,356,361.29998779296875,29
2003-06-20,362.29998779296875,362.29998779296875,356,356.29998779296875,93
2003-06-23,355.8999938964844,357.29998779296875,351.5,353,178
2003-06-24,354,354,346.29998779296875,346.29998779296875,83
2003-06-25,348.1000061035156,349.8999938964844,347.70001220703125,349.29998779296875,514
2003-06-26,346.5,345.5,343.3999938964844,343.8999938964844,1
2003-06-27,345.20001220703125,345.20001220703125,345.20001220703125,345.20001220703125,3
2003-06-30,345.29998779296875,345.29998779296875,345.29998779296875,346,3
2003-07-01,351.3999938964844,351.3999938964844,351.3999938964844,351.3999938964844,3
2003-07-02,351.3999938964844,351.3999938964844,351.3999938964844,351.29998779296875,3
2003-07-03,351,351,351,351,3
2003-07-07,351,351,351,348.1000061035156,3
2003-07-08,344.1000061035156,344.1000061035156,344.1000061035156,344.1000061035156,3
2003-07-09,343.6000061035156,343.6000061035156,343.6000061035156,343.6000061035156,3
2003-07-10,343.6000061035156,343.6000061035156,343.6000061035156,344.29998779296875,3
2003-07-11,344,344,344,344.79998779296875,1
2003-07-14,344.5,346.8999938964844,346.8999938964844,347.70001220703125,120
2003-07-15,347.70001220703125,347.70001220703125,347.70001220703125,342.1000061035156,120
2003-07-16,342.1000061035156,342.1000061035156,342.1000061035156,343.1000061035156,100
2003-07-17,343.1000061035156,343.1000061035156,343.1000061035156,344.20001220703125,100
2003-07-18,343.5,344.29998779296875,344.29998779296875,347.20001220703125,100
2003-07-21,350.8999938964844,350.8999938964844,350.8999938964844,350.8999938964844,100
2003-07-22,350.8999938964844,350.8999938964844,350.8999938964844,350.6000061035156,100
2003-07-23,350.6000061035156,350.6000061035156,350.6000061035156,358.6000061035156,100
2003-07-24,358.6000061035156,358.70001220703125,358.70001220703125,362.20001220703125,100
2003-07-25,362.70001220703125,362.70001220703125,362.70001220703125,362.70001220703125,100
2003-07-28,362.70001220703125,362.70001220703125,362.70001220703125,364.79998779296875,100
2003-07-29,364.70001220703125,364.79998779296875,364.79998779296875,361.70001220703125,48032
2003-07-30,361.1000061035156,362,354.5,356.20001220703125,34582
2003-07-31,354.70001220703125,357.5,353,354,2554
2003-08-01,354.1000061035156,355.1000061035156,346,346.1000061035156,2275
2003-08-04,346.5,350.79998779296875,346.29998779296875,349.20001220703125,1783
2003-08-05,349.1000061035156,349.79998779296875,348.20001220703125,349.6000061035156,102
2003-08-06,352,352.20001220703125,349,350.79998779296875,384
2003-08-07,351,353.3999938964844,350.1000061035156,352.5,407
2003-08-08,354,357.5,352,356.29998779296875,151
2003-08-11,359.6000061035156,361,358.70001220703125,361.70001220703125,45
2003-08-12,359.6000061035156,359.6000061035156,358.1000061035156,358.5,25
2003-08-13,357.20001220703125,363.79998779296875,357.20001220703125,362.1000061035156,15
2003-08-14,363.79998779296875,366,363,366,15
2003-08-15,366,366,363.5,363.20001220703125,25
2003-08-18,360,360,358,358.3999938964844,21
2003-08-19,357,361.29998779296875,357,361.6000061035156,91
2003-08-20,361.1000061035156,367,361.1000061035156,365.6000061035156,86
2003-08-21,364.6000061035156,364.6000061035156,362.70001220703125,360.6000061035156,49
2003-08-22,362,363.5,362,363.1000061035156,37
2003-08-25,364,364,361,361.29998779296875,26
2003-08-26,361.5,366.5,361,365.79998779296875,187
2003-08-27,365.8999938964844,375,370.5,373.5,6
2003-08-28,369,369,369,370.5,7
2003-08-29,375,375,375,375.70001220703125,6
2003-09-02,375,375,375,373.20001220703125,8
2003-09-03,373.8999938964844,373.8999938964844,373.8999938964844,373.8999938964844,8
2003-09-04,372.8999938964844,372.8999938964844,372.8999938964844,372.8999938964844,8
2003-09-05,377.6000061035156,377.6000061035156,377.6000061035156,377.6000061035156,8
2003-09-08,375.1000061035156,375.1000061035156,375.1000061035156,375.1000061035156,8
2003-09-09,381.70001220703125,381.70001220703125,381.70001220703125,381.70001220703125,8
2003-09-10,380,380,380,380,8
2003-09-11,378,378,378,379.70001220703125,1
2003-09-12,375.79998779296875,375.79998779296875,375.79998779296875,375.79998779296875,1
2003-09-15,375.3999938964844,375.3999938964844,375.3999938964844,374.5,1
2003-09-16,373.5,373.5,373.5,373.5,1
2003-09-17,376.20001220703125,376.20001220703125,376.20001220703125,376.20001220703125,1
2003-09-18,376.6000061035156,376.6000061035156,376.6000061035156,376.6000061035156,1
2003-09-19,381.79998779296875,381.79998779296875,381.79998779296875,381.79998779296875,1
2003-09-22,387.20001220703125,387.20001220703125,387.20001220703125,387.20001220703125,1
2003-09-23,385.8999938964844,385.8999938964844,385.8999938964844,385.8999938964844,1
2003-09-24,387.5,387.5,387.5,387.5,1
2003-09-25,385,385,385,385,1
2003-09-26,380.79998779296875,380.79998779296875,380.79998779296875,380.79998779296875,7322
2003-09-29,381,385,380.1000061035156,382.3999938964844,5080
2003-09-30,382.29998779296875,388.70001220703125,382.29998779296875,385.3999938964844,3738
2003-10-01,385.5,386.29998779296875,383,384.29998779296875,83
2003-10-02,385.1000061035156,385.1000061035156,380.5,383.1000061035156,146
2003-10-03,383,384.5,368,369.3999938964844,708
2003-10-06,371.5,373.29998779296875,370.70001220703125,372.70001220703125,93
2003-10-07,374.6000061035156,376.79998779296875,374.6000061035156,377.20001220703125,89
2003-10-08,376.70001220703125,377.79998779296875,376,375.3999938964844,89
2003-10-09,373.5,373.5,369,369.20001220703125,1556
2003-10-10,370.79998779296875,370.79998779296875,370.79998779296875,373.6000061035156,96
2003-10-13,371.29998779296875,371.29998779296875,370,375.20001220703125,13
2003-10-14,373.5,375.79998779296875,373.5,375.70001220703125,35
2003-10-15,374,374,374,372.6000061035156,2
2003-10-16,372.70001220703125,372.70001220703125,372.70001220703125,372.70001220703125,18
2003-10-17,369.5,369.5,369.5,371.79998779296875,2
2003-10-20,373.5,374.5,373,374,9
2003-10-21,378.70001220703125,382,377.6000061035156,381.70001220703125,98
2003-10-22,376.5,386.6000061035156,385,386.5,178
2003-10-23,386,387.79998779296875,384.6000061035156,384.70001220703125,28
2003-10-24,384.70001220703125,394,384.1000061035156,388.8999938964844,62
2003-10-27,387.79998779296875,389,387,387.8999938964844,54
2003-10-28,385,385.5,383,383.20001220703125,229
2003-10-29,383,387,380.79998779296875,386.79998779296875,2
2003-10-30,387.1000061035156,387.1000061035156,387.1000061035156,384.29998779296875,2
2003-10-31,384.5,384.5,384.5,384.5,2
2003-11-03,382.79998779296875,383,382.79998779296875,377,3
2003-11-04,377,377,377,379.8999938964844,3
2003-11-05,382.6000061035156,382.6000061035156,382.6000061035156,382.6000061035156,3
2003-11-06,380.6000061035156,380.6000061035156,380.6000061035156,380.6000061035156,3
2003-11-07,383.29998779296875,383.29998779296875,383.29998779296875,383.29998779296875,3
2003-11-10,386.6000061035156,386.6000061035156,386.6000061035156,386.6000061035156,3
2003-11-11,388.70001220703125,388.70001220703125,388.70001220703125,388.1000061035156,3
2003-11-12,391.70001220703125,396.5,396,394.8999938964844,1
2003-11-13,396,396,396,394.1000061035156,101
2003-11-14,397.79998779296875,397.79998779296875,397.79998779296875,397.79998779296875,101
2003-11-17,397.6000061035156,398,398,391.5,101
2003-11-18,397.6000061035156,397.6000061035156,397.6000061035156,397.6000061035156,101
2003-11-19,397.70001220703125,397.70001220703125,397.70001220703125,394.8999938964844,101
2003-11-20,393.70001220703125,393.70001220703125,393.70001220703125,393.70001220703125,101
2003-11-21,394,395.79998779296875,394,396,2
2003-11-24,391.5,391.5,391.5,391.5,77377
2003-11-25,391.5,393.20001220703125,389.5,391.1000061035156,74334
2003-11-26,390.70001220703125,402,390.6000061035156,396.79998779296875,12662
2003-12-01,397.20001220703125,402.8999938964844,397,402.70001220703125,1664
2003-12-02,402,406,399.5,403.70001220703125,1519
2003-12-03,403.20001220703125,404,401.5,403.8999938964844,2672
2003-12-04,403.8999938964844,405,400,403.29998779296875,304
2003-12-05,402.5,406.79998779296875,400,406.3999938964844,655
2003-12-08,409,409.5,405.29998779296875,406.6000061035156,221
2003-12-09,407,409.1000061035156,406.5,408.20001220703125,1224
2003-12-10,406.8999938964844,412,405.79998779296875,406.20001220703125,842
2003-12-11,405.79998779296875,407,402.70001220703125,404.6000061035156,101
2003-12-12,406.1000061035156,409.8999938964844,406.1000061035156,409.3999938964844,171
2003-12-15,401.6000061035156,411,401.6000061035156,409.20001220703125,86
2003-12-16,410,410,407,407.70001220703125,39
2003-12-17,409.1000061035156,410.79998779296875,407.70001220703125,412,185
2003-12-18,413.20001220703125,413.20001220703125,408,410.3999938964844,85
2003-12-19,410.79998779296875,411.20001220703125,408.1000061035156,409.20001220703125,94
2003-12-22,409.6000061035156,411.5,409.6000061035156,410.6000061035156,52
2003-12-23,410.3999938964844,411.5,409.79998779296875,411,185
2003-12-24,411.5,413.20001220703125,410.5,412.29998779296875,165
2003-12-29,414.1000061035156,415.79998779296875,413,414.79998779296875,1
2003-12-30,416.8999938964844,416.8999938964844,416.8999938964844,416.8999938964844,1
2003-12-31,416.8999938964844,417.20001220703125,417.20001220703125,415.70001220703125,1
2004-01-05,415.70001220703125,422.5,422.5,424.3999938964844,20
2004-01-06,424.3999938964844,424.29998779296875,424.29998779296875,422.79998779296875,20
2004-01-07,423,423,423,421.8999938964844,20
2004-01-08,421.8999938964844,422,422,424,20
2004-01-09,424,423.8999938964844,423.8999938964844,426.3999938964844,20
2004-01-12,425.79998779296875,428.20001220703125,425.79998779296875,426.29998779296875,3
2004-01-13,425.3999938964844,425.8999938964844,423,423.70001220703125,12
2004-01-14,421.70001220703125,421.70001220703125,421.70001220703125,421.70001220703125,12
2004-01-15,421.79998779296875,422,422,408.3999938964844,12
2004-01-16,408.29998779296875,408.29998779296875,408.29998779296875,406.70001220703125,12
2004-01-20,406.70001220703125,406.70001220703125,406.70001220703125,412.70001220703125,12
2004-01-21,412.6000061035156,412.6000061035156,412.6000061035156,411.1000061035156,2
2004-01-22,411.29998779296875,411.29998779296875,411.29998779296875,410,2
2004-01-23,407.8999938964844,407.8999938964844,407.8999938964844,407.8999938964844,2
2004-01-26,406.6000061035156,406.6000061035156,406.6000061035156,406.6000061035156,2
2004-01-27,410,410,410,410,2
2004-01-28,414.5,414.5,414.5,414.5,76523
2004-01-29,412,412,396.5,398.5,42434
2004-01-30,398,402.6000061035156,398,402.20001220703125,13533
2004-02-02,403,403.29998779296875,394,398.70001220703125,2646
2004-02-03,398.5,403,398.5,399.20001220703125,490
2004-02-04,399.79998779296875,401.29998779296875,398.5,401,977
2004-02-05,399.3999938964844,400.29998779296875,397.5,398.1000061035156,131
2004-02-06,397,407,397,403.6000061035156,313
2004-02-09,403.79998779296875,407.5,403.79998779296875,406.79998779296875,101
2004-02-10,407.29998779296875,410.5,407.29998779296875,406.3999938964844,71
2004-02-11,407.79998779296875,412,406,410.20001220703125,134
2004-02-12,411.8999938964844,413.5,410,413.70001220703125,146
2004-02-13,412.70001220703125,416,408,410.29998779296875,146
2004-02-17,414,415.3999938964844,413.3999938964844,416,146
2004-02-18,414.79998779296875,415.29998779296875,412,412.29998779296875,146
2004-02-19,411,411.29998779296875,409,409.79998779296875,63
2004-02-20,409,409,395,397.5,109
2004-02-23,399,400.20001220703125,399,399,162
2004-02-24,401.6000061035156,403.20001220703125,399,404.5,77
2004-02-25,404.79998779296875,404.79998779296875,395,395.79998779296875,31
2004-02-26,395.1000061035156,395.1000061035156,395.1000061035156,395.79998779296875,40
2004-02-27,395.1000061035156,395,395,396.3999938964844,2
2004-03-01,396.3999938964844,396.3999938964844,396.3999938964844,399.29998779296875,2
2004-03-02,397.5,398.79998779296875,393.5,393.5,104
2004-03-03,391.1000061035156,391.29998779296875,391.1000061035156,392.3999938964844,4
2004-03-04,394.79998779296875,394.79998779296875,393,392.8999938964844,86
2004-03-05,401,401,401,401.29998779296875,1
2004-03-08,399.5,399.5,399,400.6000061035156,11
2004-03-09,401.70001220703125,402.3999938964844,401.20001220703125,404.20001220703125,5
2004-03-10,400,400,400,400,1
2004-03-11,399.20001220703125,399.1000061035156,399.1000061035156,400.70001220703125,5
2004-03-12,395.29998779296875,395.29998779296875,395.29998779296875,395.29998779296875,5
2004-03-15,399.3999938964844,399.3999938964844,399.3999938964844,399.3999938964844,5
2004-03-16,402,402,402,402.3999938964844,8
2004-03-17,402.5,404,404,406.8999938964844,8
2004-03-18,411.1000061035156,411.1000061035156,411.1000061035156,411.1000061035156,8
2004-03-19,412,412,412,412.5,16
2004-03-22,417.3999938964844,417.3999938964844,417.3999938964844,417.3999938964844,2
2004-03-23,417.3999938964844,417.3999938964844,417.3999938964844,419.79998779296875,2
2004-03-24,417.20001220703125,417.20001220703125,417.20001220703125,417.20001220703125,2
2004-03-25,416,417,416,416.70001220703125,8
2004-03-26,422,422,422,422.1000061035156,8
2004-03-29,422.1000061035156,422.1000061035156,422.1000061035156,417.1000061035156,64296
2004-03-30,416.5,424.3999938964844,416.5,421.70001220703125,36663
2004-03-31,421,428,420.6000061035156,427.29998779296875,4496
2004-04-01,427.20001220703125,432,424.5,427.79998779296875,1561
2004-04-02,426.6000061035156,429,417.5,421.6000061035156,1455
2004-04-05,421.6000061035156,421.6000061035156,414,415.3999938964844,572
2004-04-06,415.6000061035156,419.79998779296875,415.6000061035156,418.8999938964844,202
2004-04-07,418.8999938964844,423.6000061035156,417.79998779296875,422.79998779296875,381
2004-04-08,423.29998779296875,423.29998779296875,419,419.8999938964844,790
2004-04-12,421.1000061035156,422.1000061035156,418,420.1000061035156,39
2004-04-13,417.79998779296875,417.79998779296875,406,407,496
2004-04-14,407.29998779296875,407.8999938964844,399,399.79998779296875,161
2004-04-15,401,401,396.5,397.70001220703125,333
2004-04-16,399.6000061035156,402.20001220703125,398.5,401,177
2004-04-19,404.6000061035156,404.6000061035156,400.20001220703125,400.6000061035156,76
2004-04-20,400.29998779296875,400.29998779296875,396.79998779296875,397.70001220703125,49
2004-04-21,393.3999938964844,395,390,390.79998779296875,63
2004-04-22,390.5,393.5,390.5,393.29998779296875,50
2004-04-23,393,396.79998779296875,393,395.1000061035156,41
2004-04-26,396.5,396.70001220703125,396.29998779296875,396,45
2004-04-27,397.70001220703125,399,395.79998779296875,398.6000061035156,61
2004-04-28,395.5,396,384.1000061035156,385.3999938964844,19
2004-04-29,380,386,380,386.6000061035156,6
2004-04-30,389,389,389,387,2
2004-05-03,387,387,387,387,4
2004-05-04,392,392,392,391.3999938964844,2
2004-05-05,391.3999938964844,391.3999938964844,391.3999938964844,393.3999938964844,0
2004-05-06,387.20001220703125,387.20001220703125,387.20001220703125,388,1
2004-05-07,388.1000061035156,377,377,378.70001220703125,3
2004-05-10,378.6000061035156,378.6000061035156,378.6000061035156,378.29998779296875,0
2004-05-11,376.8999938964844,376.8999938964844,376.8999938964844,376.8999938964844,0
2004-05-12,377.3999938964844,377.3999938964844,377.3999938964844,377.3999938964844,0
2004-05-13,377.3999938964844,377.3999938964844,377.3999938964844,374.79998779296875,20
2004-05-14,377,377,377,377,5
2004-05-17,379.5,379.5,379.5,379.5,0
2004-05-18,375.79998779296875,375.79998779296875,375.79998779296875,375.79998779296875,0
2004-05-19,382.8999938964844,382.8999938964844,382.8999938964844,382.8999938964844,0
2004-05-20,382.79998779296875,382.79998779296875,382.79998779296875,378.3999938964844,0
2004-05-21,384.79998779296875,384.79998779296875,384.79998779296875,384.79998779296875,0
2004-05-24,385.6000061035156,385.6000061035156,385.6000061035156,385.6000061035156,0
2004-05-25,388.29998779296875,388.29998779296875,388.29998779296875,388.29998779296875,0
2004-05-26,388.29998779296875,388.29998779296875,388.29998779296875,388.29998779296875,81917
2004-05-27,388.20001220703125,395.8999938964844,388.1000061035156,394.8999938964844,53047
2004-05-28,395.29998779296875,396.29998779296875,392.6000061035156,394,9836
2004-06-01,393.8999938964844,399,393.29998779296875,394.6000061035156,1864
2004-06-02,394.5,397.5,390,390.70001220703125,937
2004-06-03,390.70001220703125,393,387.3999938964844,388.1000061035156,601
2004-06-04,388.3999938964844,391.5,385.5,390.8999938964844,234
2004-06-07,392.6000061035156,394,392,393.79998779296875,130
2004-06-08,393.79998779296875,395,390.29998779296875,391,611
2004-06-09,391.6000061035156,391.6000061035156,383,384.5,543
2004-06-10,385.29998779296875,385.5,384.5,385.8999938964844,71
2004-06-14,383.6000061035156,385.29998779296875,383,383.6000061035156,209
2004-06-15,383.1000061035156,388.5,383,388.1000061035156,51
2004-06-16,386.5,386.5,383.5,384.6000061035156,102
2004-06-17,385.29998779296875,385.29998779296875,385.29998779296875,388.8999938964844,17
2004-06-18,392,396.3999938964844,393,395.1000061035156,108
2004-06-21,394.6000061035156,394.6000061035156,393.20001220703125,394,133
2004-06-22,394,396.5,394,395,56
2004-06-23,395.5,397.20001220703125,394.5,395,50
2004-06-24,394.6000061035156,403.70001220703125,394.6000061035156,403.1000061035156,148
2004-06-25,402.29998779296875,403.6000061035156,401.29998779296875,402.8999938964844,189
2004-06-28,403,405,401.29998779296875,401,2
2004-06-29,400.20001220703125,400.20001220703125,398,392.5,5
2004-06-30,395.3999938964844,395.3999938964844,394.29998779296875,392.6000061035156,146
2004-07-01,396,396,396,396,146
2004-07-02,396,397.20001220703125,397.20001220703125,398.29998779296875,20
2004-07-06,398.29998779296875,393,393,392.6000061035156,20
2004-07-07,397.79998779296875,397.79998779296875,397.79998779296875,402.29998779296875,6
2004-07-08,407.79998779296875,407.79998779296875,407.79998779296875,407.79998779296875,6
2004-07-09,407.70001220703125,407.8999938964844,407.8999938964844,407.5,15
2004-07-12,407.5,407.5,407.5,408.1000061035156,15
2004-07-13,408.1000061035156,408.1000061035156,408.1000061035156,402,15
2004-07-14,402,402,402,405.3999938964844,15
2004-07-15,404.20001220703125,404.20001220703125,404.20001220703125,404.20001220703125,15
2004-07-16,404.20001220703125,404.1000061035156,404.1000061035156,406.6000061035156,15
2004-07-19,406.6000061035156,406.6000061035156,406.6000061035156,405.6000061035156,15
2004-07-20,405.6000061035156,405.6000061035156,405.6000061035156,401.8999938964844,15
2004-07-21,401.79998779296875,401.8999938964844,401.8999938964844,397.1000061035156,15
2004-07-22,395.20001220703125,395.20001220703125,395.20001220703125,395.20001220703125,15
2004-07-23,395.20001220703125,391,391,390.5,4
2004-07-26,389.8999938964844,389.8999938964844,389.8999938964844,390.29998779296875,1
2004-07-27,390.29998779296875,390.20001220703125,390.20001220703125,387,0
2004-07-28,387,387,387,389,69175
2004-07-29,389,391,385,387,42070
2004-07-30,388.20001220703125,392,387,391,4977
2004-08-02,394,394.5,391,391.70001220703125,1102
2004-08-03,392,394.79998779296875,388.79998779296875,394,2692
2004-08-04,393.6000061035156,393.6000061035156,390.5,392.20001220703125,149
2004-08-05,393,393.5,391,392.29998779296875,108
2004-08-06,392.5,401.5,391,399.79998779296875,132
2004-08-09,399.1000061035156,400.70001220703125,398.5,400.70001220703125,318
2004-08-10,399.29998779296875,401.29998779296875,398.5,400,92
2004-08-11,399.5,399.5,393.29998779296875,395.5,185
2004-08-12,395.70001220703125,396,393.5,394.29998779296875,69
2004-08-13,394.29998779296875,399.5,393.5,398.8999938964844,64
2004-08-16,399,403,399,402.8999938964844,288
2004-08-17,402.5,404,400.29998779296875,404.3999938964844,208
2004-08-18,403,404.5,402.70001220703125,404.29998779296875,61
2004-08-19,404.29998779296875,407.8999938964844,404.29998779296875,407.1000061035156,128
2004-08-20,407,412.79998779296875,407,413.20001220703125,254
2004-08-23,411.29998779296875,411.79998779296875,409.70001220703125,410.5,18
2004-08-24,410.5,407,404,403,33
2004-08-25,405.29998779296875,407,405.20001220703125,407.8999938964844,164
2004-08-26,409,409,406.20001220703125,407.3999938964844,28
2004-08-27,407.3999938964844,408,403,403.29998779296875,19
2004-08-30,407,407.8999938964844,404.70001220703125,407.79998779296875,114
2004-08-31,410.3999938964844,410.3999938964844,410.3999938964844,410.3999938964844,114
2004-09-01,407.29998779296875,407.29998779296875,407.29998779296875,408.79998779296875,0
2004-09-02,407.5,406.3999938964844,406.3999938964844,406,34
2004-09-03,400.5,400.5,400.5,400.5,34
2004-09-07,398,398,398,397.3999938964844,60
2004-09-08,396.79998779296875,396.79998779296875,396.79998779296875,399.3999938964844,20
2004-09-09,398.8999938964844,398.8999938964844,398.8999938964844,398.5,20
2004-09-10,401,402,401,401.8999938964844,120
2004-09-13,404.1000061035156,404.1000061035156,404.1000061035156,404.1000061035156,120
2004-09-14,405.1000061035156,405.1000061035156,405.1000061035156,405.70001220703125,43
2004-09-15,407,404,404,405,24
2004-09-16,404.70001220703125,404.70001220703125,404.70001220703125,404.70001220703125,24
2004-09-17,405.79998779296875,405.79998779296875,405.79998779296875,405.79998779296875,24
2004-09-20,403.6000061035156,403.6000061035156,403.6000061035156,405.29998779296875,44
2004-09-21,408.29998779296875,408.29998779296875,408.29998779296875,408.29998779296875,44
2004-09-22,407.20001220703125,407.20001220703125,407.20001220703125,407.20001220703125,44
2004-09-23,410.8999938964844,410.8999938964844,410.8999938964844,410.8999938964844,44
2004-09-24,408.1000061035156,408.1000061035156,408.1000061035156,408.1000061035156,44
2004-09-27,409.1000061035156,409.1000061035156,409.1000061035156,409.1000061035156,44
2004-09-28,410.79998779296875,410.79998779296875,410.79998779296875,412.5,9143
2004-09-29,412,414,411.6000061035156,413,5052
2004-09-30,412.8999938964844,418.79998779296875,412.70001220703125,418.70001220703125,1162
2004-10-01,419.1000061035156,419.1000061035156,417,419.5,167
2004-10-04,419,415,411.5,414,327
2004-10-05,415.29998779296875,419.29998779296875,415,418.20001220703125,164
2004-10-06,417.5,419,417,418.3999938964844,186
2004-10-07,418,419,417.5,418,93
2004-10-08,418.70001220703125,425,418,423.1000061035156,75
2004-10-11,422.20001220703125,422.20001220703125,421,422,20
2004-10-12,419.1000061035156,419.1000061035156,413.5,415.1000061035156,299
2004-10-13,411,411.79998779296875,410.29998779296875,413.20001220703125,74
2004-10-14,416,418.79998779296875,415.20001220703125,418.1000061035156,101
2004-10-15,418.29998779296875,419.70001220703125,417.79998779296875,418.70001220703125,51
2004-10-18,419,419,417.1000061035156,416.20001220703125,6
2004-10-19,420.70001220703125,420.70001220703125,420.70001220703125,420.29998779296875,3
2004-10-20,420.29998779296875,425.1000061035156,420.29998779296875,423.5,7
2004-10-21,423.5,423.5,422,424.3999938964844,9
2004-10-22,424.6000061035156,424.6000061035156,424.6000061035156,424.6000061035156,193
2004-10-25,429,430,428.5,429,128
2004-10-26,429.1000061035156,429.1000061035156,425.3999938964844,426.79998779296875,55
2004-10-27,429.5,429.70001220703125,423.5,424.79998779296875,50
2004-10-28,425.1000061035156,425.1000061035156,425.1000061035156,425.1000061035156,319
2004-10-29,428.5,428.5,428.5,428.5,319
2004-11-01,427.29998779296875,427.29998779296875,427.29998779296875,427.29998779296875,319
2004-11-02,427.20001220703125,427.20001220703125,427.20001220703125,420,319
2004-11-03,424.6000061035156,424.6000061035156,424.6000061035156,424.6000061035156,319
2004-11-04,430.1000061035156,430.1000061035156,430.1000061035156,430.1000061035156,319
2004-11-05,433.6000061035156,433.6000061035156,433.6000061035156,433.6000061035156,319
2004-11-08,432.70001220703125,432.70001220703125,432.70001220703125,432.70001220703125,319
2004-11-09,434,434,434,435.70001220703125,2
2004-11-10,434.5,434.5,434.5,434,2
2004-11-11,434.8999938964844,434.8999938964844,434.8999938964844,434.8999938964844,2
2004-11-12,437.8999938964844,437.8999938964844,437.8999938964844,437.8999938964844,0
2004-11-15,437,437,437,437,0
2004-11-16,440.20001220703125,440.20001220703125,440.20001220703125,440.20001220703125,0
2004-11-17,444.79998779296875,444.79998779296875,444.79998779296875,444.79998779296875,0
2004-11-18,442.6000061035156,442.6000061035156,442.6000061035156,442.6000061035156,1
2004-11-19,446.79998779296875,446.79998779296875,446.79998779296875,446.79998779296875,0
2004-11-22,446.8999938964844,446.8999938964844,446.8999938964844,448.79998779296875,0
2004-11-23,447.79998779296875,447.79998779296875,447.79998779296875,447.79998779296875,0
2004-11-24,449.29998779296875,449.29998779296875,449.29998779296875,449.29998779296875,110725
2004-11-29,450.79998779296875,454.79998779296875,449.29998779296875,453.70001220703125,56709
2004-11-30,453.79998779296875,454.1000061035156,448.29998779296875,451.29998779296875,14253
2004-12-01,451.6000061035156,456,450.5,454,2682
2004-12-02,454,456.5,447,450.3999938964844,1419
2004-12-03,450.3999938964844,455.5,448.5,456,1231
2004-12-06,454.3999938964844,456.1000061035156,451.5,454.20001220703125,674
2004-12-07,453,455.5,451.5,452,550
2004-12-08,449,450,434,437.20001220703125,2065
2004-12-09,437.5,440.6000061035156,432.6000061035156,435.79998779296875,1347
2004-12-10,436.5,437.1000061035156,432.6000061035156,433.8999938964844,209
2004-12-13,437,439.5,436,438.8999938964844,628
2004-12-14,438.8999938964844,438.8999938964844,435.3999938964844,435.8999938964844,199
2004-12-15,435.70001220703125,442,435.70001220703125,440.79998779296875,356
2004-12-16,440.79998779296875,442.6000061035156,437,436.8999938964844,232
2004-12-17,436.79998779296875,440,436.79998779296875,441.6000061035156,94
2004-12-20,442.5,444,442,442.3999938964844,461
2004-12-21,443,443.20001220703125,441.1000061035156,441.79998779296875,57
2004-12-22,442.1000061035156,442.70001220703125,439,440.29998779296875,70
2004-12-23,441.29998779296875,442.6000061035156,441,441.8999938964844,98
2004-12-27,444,445.8999938964844,443,445.20001220703125,348
2004-12-28,445.5,445.5,443,444.29998779296875,2
2004-12-29,440.5,440.5,440.5,436,3
2004-12-30,437.70001220703125,439,438.8999938964844,437.5,3
2005-01-03,431,431,431,428.70001220703125,4
2005-01-04,428.5,428.5,428.5,428.5,108
2005-01-05,425.70001220703125,425.70001220703125,425.70001220703125,426.6000061035156,2
2005-01-06,421,421,421,421,1
2005-01-07,423.70001220703125,423.70001220703125,418.70001220703125,418.8999938964844,1
2005-01-10,419.1000061035156,419.1000061035156,419.1000061035156,419.1000061035156,1
2005-01-11,421.8999938964844,421.8999938964844,421.8999938964844,421.8999938964844,1
2005-01-12,423.79998779296875,423.79998779296875,423.79998779296875,426.1000061035156,1
2005-01-13,424.70001220703125,424.70001220703125,424.70001220703125,424.5,1
2005-01-14,422,423.20001220703125,422,422.70001220703125,20
2005-01-18,423.20001220703125,423.20001220703125,423.20001220703125,423.20001220703125,20
2005-01-19,426.5,426.5,426.5,423,20
2005-01-20,421.79998779296875,421.79998779296875,421.79998779296875,422.3999938964844,20
2005-01-21,425.8999938964844,425.8999938964844,425.8999938964844,426.70001220703125,20
2005-01-24,426.8999938964844,426.8999938964844,426.8999938964844,426.8999938964844,20
2005-01-25,422,422,422,422,20
2005-01-26,426.8999938964844,426.8999938964844,426.8999938964844,426.8999938964844,20
2005-01-27,426.29998779296875,426.29998779296875,426.29998779296875,426.29998779296875,66923
2005-01-28,426.1000061035156,427.5,424,425.79998779296875,41282
2005-01-31,426,426.5,419.29998779296875,421.79998779296875,6857
2005-02-01,422.20001220703125,422.29998779296875,419.20001220703125,420.79998779296875,1461
2005-02-02,420.8999938964844,422.29998779296875,419.79998779296875,421.1000061035156,426
2005-02-03,421.29998779296875,421.29998779296875,414.70001220703125,416.6000061035156,574
2005-02-04,416.3999938964844,417.79998779296875,413.70001220703125,414,320
2005-02-07,414.1000061035156,416,412.5,413.6000061035156,534
2005-02-08,413.6000061035156,413.6000061035156,410.1000061035156,412.6000061035156,1432
2005-02-09,412.20001220703125,413.79998779296875,410.29998779296875,412.8999938964844,1300
2005-02-10,412,418.5,412.5,417.20001220703125,397
2005-02-11,416.79998779296875,422,417.6000061035156,420.5,801
2005-02-14,420,425.6000061035156,422.29998779296875,425.79998779296875,55
2005-02-15,425.8999938964844,426.20001220703125,424,425.8999938964844,113
2005-02-16,426,425,422.79998779296875,425.5,146
2005-02-17,425.5,428,425.29998779296875,427.29998779296875,712
2005-02-18,426.70001220703125,427.1000061035156,426.70001220703125,427.1000061035156,14
2005-02-22,426.5,435,426.5,434.5,53
2005-02-23,434,435.5,433.20001220703125,434.8999938964844,107
2005-02-24,436,436,432.5,434.5,6
2005-02-25,434.5,436,436,434.8999938964844,1
2005-02-28,435.5,435.5,435.5,436.5,16
2005-03-01,435,433,433,432.8999938964844,1
2005-03-02,433.3999938964844,433.3999938964844,433.3999938964844,432.79998779296875,1
2005-03-03,429.8999938964844,429.8999938964844,429.8999938964844,429.8999938964844,1
2005-03-04,434.20001220703125,434.20001220703125,434.20001220703125,434.20001220703125,0
2005-03-07,435,435,435,435,0
2005-03-08,440.29998779296875,440.29998779296875,440.29998779296875,440.29998779296875,0
2005-03-09,442.1000061035156,442.1000061035156,442.1000061035156,442.1000061035156,0
2005-03-10,442.79998779296875,442.79998779296875,442.79998779296875,442.79998779296875,1
2005-03-11,446.3999938964844,446.3999938964844,446.3999938964844,446.20001220703125,0
2005-03-14,441.1000061035156,441.1000061035156,441.1000061035156,441.1000061035156,0
2005-03-15,440.8999938964844,440.8999938964844,440.8999938964844,440.8999938964844,0
2005-03-16,443.70001220703125,443.70001220703125,443.70001220703125,443.70001220703125,0
2005-03-17,438.70001220703125,438.70001220703125,438.70001220703125,438.70001220703125,0
2005-03-18,439.29998779296875,439.29998779296875,439.29998779296875,439.29998779296875,0
2005-03-21,431.1000061035156,431.1000061035156,431.1000061035156,431.1000061035156,100
2005-03-22,431.29998779296875,431.29998779296875,431.29998779296875,431.29998779296875,16
2005-03-23,425.20001220703125,425.20001220703125,425.20001220703125,425.20001220703125,0
2005-03-24,424.70001220703125,424.70001220703125,424.70001220703125,424.70001220703125,0
2005-03-28,425.8999938964844,425.8999938964844,425.8999938964844,425.8999938964844,0
2005-03-29,426,426,426,426,0
2005-03-30,429.5,428.8,430.7,428,45.45K
2005-03-31,428.70001220703125,428.70001220703125,428.70001220703125,428.70001220703125,3051
2005-04-01,428.29998779296875,428.5,424.5,425.8999938964844,552
2005-04-04,426,426.29998779296875,422.70001220703125,423.8999938964844,486
2005-04-05,423.79998779296875,425.5,423.6000061035156,424.5,313
2005-04-06,424.8999938964844,427.70001220703125,424.1000061035156,427.1000061035156,62
2005-04-07,426.5,428.5,426.5,426.5,181
2005-04-08,425.20001220703125,427.29998779296875,424.79998779296875,426.8999938964844,49
2005-04-11,426,429.79998779296875,426,428.6000061035156,26
2005-04-12,428.1000061035156,430.20001220703125,426.5,427.6000061035156,148
2005-04-13,428,430,427.5,429.29998779296875,27
2005-04-14,429.5,429.5,423.5,424,116
2005-04-15,423.20001220703125,425.6000061035156,423.20001220703125,424.8999938964844,73
2005-04-18,423.6000061035156,427.5,423.6000061035156,427.5,29
2005-04-19,426.79998779296875,433,426.79998779296875,432.8999938964844,128
2005-04-20,433.6000061035156,435.79998779296875,432.3999938964844,435.29998779296875,42
2005-04-21,434.1000061035156,435,432.29998779296875,433,52
2005-04-22,433.5,435.79998779296875,433.5,434.29998779296875,88
2005-04-25,432.70001220703125,434.3999938964844,432.70001220703125,434.6000061035156,19
2005-04-26,438,438.20001220703125,435.8999938964844,437.8999938964844,169
2005-04-27,436.3999938964844,437,433.6000061035156,433,19
2005-04-28,432.4,434.2,435.3,432.2,41.96K
2005-04-29,435,435,435,435,0
2005-05-02,429.5,429.5,429.5,429.5,0
2005-05-03,426.70001220703125,426.70001220703125,426.70001220703125,426.70001220703125,0
2005-05-04,429,429,429,429,17
2005-05-05,429.79998779296875,429.79998779296875,429.79998779296875,429.79998779296875,0
2005-05-06,429.79998779296875,429.79998779296875,429.79998779296875,426.1000061035156,0
2005-05-09,426.20001220703125,426.20001220703125,426.20001220703125,426.20001220703125,0
2005-05-10,426.20001220703125,426.20001220703125,426.20001220703125,427.20001220703125,0
2005-05-11,427.20001220703125,427.20001220703125,427.20001220703125,427.20001220703125,0
2005-05-12,421.6000061035156,421.6000061035156,421.6000061035156,421.6000061035156,0
2005-05-13,420.20001220703125,420.20001220703125,420.20001220703125,420.20001220703125,0
2005-05-16,418.8999938964844,418.8999938964844,418.8999938964844,418.8999938964844,0
2005-05-17,419.3999938964844,419.3999938964844,419.3999938964844,419.3999938964844,0
2005-05-18,421.5,421.5,421.5,421.5,0
2005-05-19,421.20001220703125,421.20001220703125,421.20001220703125,420.5,0
2005-05-20,420.20001220703125,416.5,416.5,417.3999938964844,4
2005-05-23,416.6000061035156,416.6000061035156,416.6000061035156,416.6000061035156,4
2005-05-24,417.5,417.5,417.5,417.5,4
2005-05-25,418.79998779296875,418.79998779296875,418.79998779296875,418.79998779296875,4
2005-05-26,418.79998779296875,418.1000061035156,418.1000061035156,418,72619
2005-05-27,417.79998779296875,420,417.3999938964844,419.79998779296875,51363
2005-05-31,418,420.20001220703125,413.20001220703125,416.29998779296875,7494
2005-06-01,416.3999938964844,417.29998779296875,414,415.29998779296875,2816
2005-06-02,415.79998779296875,423.5,415.79998779296875,422.70001220703125,1984
2005-06-03,422.20001220703125,425.5,421.70001220703125,423.70001220703125,416
2005-06-06,423.6000061035156,427.79998779296875,422.6000061035156,426.5,558
2005-06-07,426.70001220703125,426.70001220703125,424,424.79998779296875,232
2005-06-08,425.6000061035156,425.8999938964844,424.5,424.70001220703125,171
2005-06-09,423.70001220703125,424,422,424.20001220703125,101
2005-06-10,423.79998779296875,428.5,422,427.3999938964844,65
2005-06-13,428.29998779296875,431.5,428.29998779296875,429.29998779296875,66
2005-06-14,428.20001220703125,428.20001220703125,426.5,427.5,73
2005-06-15,427.5,428.29998779296875,427.5,429.1000061035156,20
2005-06-16,429.5,436.79998779296875,429.5,436.20001220703125,157
2005-06-17,436.1000061035156,439.29998779296875,436.1000061035156,438.29998779296875,29
2005-06-20,440,440.3999938964844,438,438.3999938964844,18
2005-06-21,438.3999938964844,439,439,438.8999938964844,5
2005-06-22,438.79998779296875,438.5,437.5,438.1000061035156,169
2005-06-23,438.29998779296875,442.5,438.29998779296875,441.70001220703125,29
2005-06-24,441.5,441.5,438.5,440.5,31
2005-06-27,440.70001220703125,440.70001220703125,439.5,440.29998779296875,10
2005-06-28,436,437.5,436,436.3999938964844,0
2005-06-29,438.6,437.6,439.6,435.3,45.91K
2005-06-30,435.8999938964844,435.8999938964844,435.8999938964844,435.8999938964844,0
2005-07-01,427.79998779296875,427.79998779296875,427.79998779296875,427.79998779296875,0
2005-07-05,422.8999938964844,422.8999938964844,422.8999938964844,422.8999938964844,0
2005-07-06,423.5,423.79998779296875,423.5,423.5,16
2005-07-07,423.5,423.5,423.5,423.29998779296875,125
2005-07-08,422.8999938964844,422.8999938964844,422.8999938964844,422.8999938964844,0
2005-07-11,425.5,425.5,425.5,425.5,0
2005-07-12,426.29998779296875,426.29998779296875,426.29998779296875,426.29998779296875,0
2005-07-13,423.8999938964844,423.8999938964844,423.8999938964844,423.8999938964844,70
2005-07-14,419.6000061035156,419.6000061035156,419.6000061035156,419.6000061035156,70
2005-07-15,420.70001220703125,420.70001220703125,420.70001220703125,420.70001220703125,0
2005-07-18,420.3999938964844,420.3999938964844,420.3999938964844,420.5,0
2005-07-19,420,420,420,419.70001220703125,0
2005-07-20,419.70001220703125,419.70001220703125,419.70001220703125,421.70001220703125,0
2005-07-21,425.3999938964844,425.3999938964844,425.3999938964844,425.3999938964844,0
2005-07-22,425.3999938964844,425.3999938964844,425.3999938964844,424.70001220703125,0
2005-07-25,425.70001220703125,425.70001220703125,425.70001220703125,425.70001220703125,2
2005-07-26,423.3999938964844,423.3999938964844,423.3999938964844,423.3999938964844,2
2005-07-27,424.70001220703125,424.70001220703125,424.70001220703125,424.70001220703125,2
2005-07-28,424.70001220703125,424.70001220703125,424.70001220703125,427.29998779296875,40680
2005-07-29,427.70001220703125,430.5,427,429.8999938964844,3607
2005-08-01,430,432.29998779296875,429.1000061035156,431.8999938964844,776
2005-08-02,431.70001220703125,433,430.70001220703125,431.8999938964844,206
2005-08-03,431.5,437.5,430.70001220703125,436.8999938964844,270
2005-08-04,436.5,439,436.1000061035156,437.8999938964844,91
2005-08-05,437.70001220703125,438.5,437,437.20001220703125,91
2005-08-08,437,437,434,434.70001220703125,51
2005-08-09,432.5,434.3999938964844,432.5,434.20001220703125,52
2005-08-10,434.8999938964844,437,434.8999938964844,436.5,187
2005-08-11,437.20001220703125,446.5,437.20001220703125,445.5,306
2005-08-12,445.79998779296875,449.5,444.5,445.8999938964844,169
2005-08-15,441.3999938964844,442.5,441.3999938964844,442.20001220703125,61
2005-08-16,441.70001220703125,442.5,441.70001220703125,446.1000061035156,234
2005-08-17,442.5,443.29998779296875,439.5,439.8999938964844,276
2005-08-18,440.3999938964844,440.3999938964844,438.5,439.5,46
2005-08-19,439.1000061035156,439.6000061035156,438,437.20001220703125,73
2005-08-22,437,439,437,438.1000061035156,12
2005-08-23,438.79998779296875,438.79998779296875,438.5,439.3999938964844,2
2005-08-24,439.70001220703125,439.70001220703125,437,437.29998779296875,29
2005-08-25,438.5,438.5,438,438.3999938964844,54
2005-08-26,438.3999938964844,439,438.3999938964844,437.3999938964844,52
2005-08-29,438.5,439.5,437.29998779296875,437,37
2005-08-30,438.5,439.5,437.29998779296875,431.20001220703125,0
2005-08-31,431.20001220703125,431.20001220703125,431.20001220703125,433.79998779296875,10
2005-09-01,438.5,442.5,438.5,442.29998779296875,4
2005-09-02,444.20001220703125,444.20001220703125,444.20001220703125,444.20001220703125,4
2005-09-06,444.3999938964844,444.3999938964844,444.3999938964844,444.3999938964844,4
2005-09-07,444.70001220703125,444.70001220703125,444.70001220703125,444.8999938964844,1006
2005-09-08,446.70001220703125,446.70001220703125,446.70001220703125,446.70001220703125,6
2005-09-09,449,449,449,449,6
2005-09-12,449.70001220703125,449.70001220703125,449.70001220703125,449.70001220703125,6
2005-09-13,446.1000061035156,446.1000061035156,446.1000061035156,446.1000061035156,6
2005-09-14,449.79998779296875,449.79998779296875,449.79998779296875,449.79998779296875,6
2005-09-15,455.5,455.5,455.5,455.5,6
2005-09-16,459.5,459.5,459.5,459.5,6
2005-09-19,466.70001220703125,466.70001220703125,466.70001220703125,466.70001220703125,6
2005-09-20,466.20001220703125,466.20001220703125,466.20001220703125,466.20001220703125,2
2005-09-21,468.8999938964844,468.8999938964844,468.8999938964844,468.8999938964844,2
2005-09-22,467.5,467.5,467.5,466.6000061035156,2
2005-09-23,467.20001220703125,466.79998779296875,466.79998779296875,463.5,2
2005-09-26,463.8999938964844,463.8999938964844,463.8999938964844,465.8999938964844,2
2005-09-27,462.6000061035156,462.6000061035156,462.6000061035156,462.6000061035156,2
2005-09-28,469.70001220703125,469.70001220703125,469.70001220703125,469.70001220703125,2
2005-09-29,469.70001220703125,469.70001220703125,469.70001220703125,472.20001220703125,7799
2005-09-30,472.70001220703125,474,468.5,469,2926
2005-10-03,467.79998779296875,468,464.20001220703125,466.1000061035156,493
2005-10-04,466.79998779296875,468.79998779296875,465.29998779296875,466.1000061035156,210
2005-10-05,465,465,463.5,466.1000061035156,226
2005-10-06,465.6000061035156,471.6000061035156,465.6000061035156,471.8999938964844,243
2005-10-07,473,475.5,470,474.70001220703125,96
2005-10-10,474.79998779296875,477.29998779296875,473.6000061035156,475.1000061035156,248
2005-10-11,475.20001220703125,477.5,475.20001220703125,477.1000061035156,99
2005-10-12,478.5,478.5,473.29998779296875,473.8999938964844,49
2005-10-13,472,472,468.29998779296875,471.1000061035156,48
2005-10-14,469.29998779296875,469.29998779296875,467,469.20001220703125,113
2005-10-17,473,475,473,474.1000061035156,18
2005-10-18,472,472.5,472,472.1000061035156,13
2005-10-19,471,471,465,463.5,46
2005-10-20,465,465,460.5,461,9
2005-10-21,462,462,462,467,9
2005-10-24,465.5,465.5,465.5,465,2
2005-10-25,465,474,465,472.79998779296875,18
2005-10-26,472.5,473.5,471.5,471.20001220703125,159
2005-10-27,471,475.5,471,473.79998779296875,2
2005-10-28,473.5,473.5,471.6000061035156,473,4
2005-10-31,471.1000061035156,471.1000061035156,471.1000061035156,465.1000061035156,1
2005-11-01,463,463,460,458.79998779296875,5
2005-11-02,462.79998779296875,462.79998779296875,462.79998779296875,462.79998779296875,2
2005-11-03,460.1000061035156,460.1000061035156,460.1000061035156,460.1000061035156,2
2005-11-04,455.29998779296875,455.29998779296875,455.29998779296875,456.29998779296875,2
2005-11-07,459,459,459,459,0
2005-11-08,458.5,458.5,458.5,460.8999938964844,10
2005-11-09,466.29998779296875,466.29998779296875,466.29998779296875,466.29998779296875,100
2005-11-10,466.6000061035156,466.6000061035156,466.6000061035156,466.6000061035156,100
2005-11-11,468.29998779296875,468.29998779296875,468.29998779296875,468.29998779296875,0
2005-11-14,468.29998779296875,468.29998779296875,468.29998779296875,468.20001220703125,0
2005-11-15,468.1000061035156,468.1000061035156,468.1000061035156,468.1000061035156,50
2005-11-16,478.29998779296875,478.29998779296875,478.29998779296875,478.29998779296875,0
2005-11-17,476,486,486,486.20001220703125,38
2005-11-18,485.6000061035156,485.6000061035156,485.6000061035156,485.6000061035156,38
2005-11-21,485.6000061035156,485.6000061035156,485.6000061035156,489,38
2005-11-22,489,489,489,492.6000061035156,0
2005-11-23,492.6000061035156,492.6000061035156,492.6000061035156,492.1000061035156,0
2005-11-28,502.20001220703125,502.20001220703125,502.20001220703125,498.29998779296875,109050
2005-11-29,498.70001220703125,502.29998779296875,494.29998779296875,499.1000061035156,42519
2005-11-30,500,500,492.29998779296875,494.6000061035156,5688
2005-12-01,494.20001220703125,503,490.5,502.5,2665
2005-12-02,503,507,500,503.29998779296875,1610
2005-12-05,504.5,509.70001220703125,503.5,508.8999938964844,431
2005-12-06,509.20001220703125,511.20001220703125,504.5,510.20001220703125,720
2005-12-07,510.70001220703125,517,509.29998779296875,514.2999877929688,985
2005-12-08,514.5999755859375,520,512,519.2999877929688,337
2005-12-09,520.4000244140625,531,520,527,472
2005-12-12,526.5,538.5,526.5,528.4000244140625,995
2005-12-13,528.4000244140625,530.7000122070312,520,521,583
2005-12-14,521,521,506,506.5,712
2005-12-15,506,509,501,503.8999938964844,378
2005-12-16,503.8999938964844,508,495.20001220703125,503.3999938964844,276
2005-12-19,509.5,509.5,504.5,503.6000061035156,150
2005-12-20,506.8999938964844,506.8999938964844,496,494.6000061035156,120
2005-12-21,495.5,495.5,490.1000061035156,493,56
2005-12-22,494,503,494,502.70001220703125,1632
2005-12-23,502.29998779296875,505.70001220703125,502.29998779296875,503,37
2005-12-27,508.70001220703125,509,506,508,57
2005-12-28,506.8999938964844,517.2999877929688,516.9000244140625,514.2000122070312,20
2005-12-29,515.7000122070312,515.7000122070312,515.7000122070312,515.7000122070312,2
2005-12-30,515.7000122070312,515.7000122070312,515.7000122070312,517.0999755859375,2
2006-01-03,518.5999755859375,528.5,518.5999755859375,530.7000122070312,7
2006-01-04,533.5999755859375,533.5999755859375,533.5,533.9000244140625,8
2006-01-05,529,529,526,526.2999877929688,10
2006-01-06,539.7000122070312,539.7000122070312,539.7000122070312,539.7000122070312,10
2006-01-09,539.7000122070312,539.7000122070312,539.7000122070312,549.0999755859375,10
2006-01-10,544.2999877929688,544.2999877929688,544.2999877929688,544.2999877929688,2
2006-01-11,548.7999877929688,548.7999877929688,548.7999877929688,548.7999877929688,0
2006-01-12,548.2999877929688,548.2999877929688,548.2999877929688,548.2999877929688,0
2006-01-13,547.0999755859375,547.0999755859375,547.0999755859375,556.0999755859375,0
2006-01-17,553.4000244140625,553.4000244140625,553.4000244140625,553.4000244140625,0
2006-01-18,543.7000122070312,543.7000122070312,543.7000122070312,543.7000122070312,0
2006-01-19,543.7000122070312,552,551,558.4000244140625,22
2006-01-20,558.4000244140625,558.4000244140625,558.4000244140625,553.5,22
2006-01-23,555,555,555,558.2999877929688,1
2006-01-24,555,555,555,557.7000122070312,2
2006-01-25,562.2000122070312,562.2000122070312,562.2000122070312,562.2000122070312,2
2006-01-26,559.7000122070312,559.7000122070312,559.7000122070312,559.7000122070312,2
2006-01-27,558.7000122070312,558.7000122070312,558.7000122070312,558.7000122070312,79958
2006-01-30,559.2000122070312,566,557.5999755859375,565.7999877929688,35179
2006-01-31,566.5,572.7000122070312,565,570.7999877929688,6749
2006-02-01,570.7999877929688,571.5999755859375,563,569.4000244140625,3768
2006-02-02,569.7999877929688,575.2999877929688,568,572.5,887
2006-02-03,571.5,574.2000122070312,565,567.4000244140625,686
2006-02-06,568.4000244140625,574,567.5,570.2000122070312,649
2006-02-07,569.5,571,550.5999755859375,551,1276
2006-02-08,551,553.2999877929688,545.5,550.0999755859375,762
2006-02-09,549.9000244140625,566,549.9000244140625,564.5,227
2006-02-10,561.9000244140625,561.9000244140625,548,550.2000122070312,222
2006-02-13,548.5,549.5,540,539,645
2006-02-14,538,546,535.5,545.9000244140625,142
2006-02-15,544.9000244140625,545,538,539.7000122070312,150
2006-02-16,539,546,537.2000122070312,546,96
2006-02-17,548,552.5,546,551.7999877929688,55
2006-02-21,550.5,556.5,550.5,553.9000244140625,86
2006-02-22,552.5999755859375,554.7999877929688,551,553.9000244140625,253
2006-02-23,554.5,555.5,548.5,548.4000244140625,174
2006-02-24,547.5,560,547.5,558.7999877929688,14
2006-02-27,556.0999755859375,556.0999755859375,552.5,554.7000122070312,24
2006-02-28,553.0999755859375,558,553.0999755859375,561.5999755859375,49
2006-03-01,562.5,564.5,562.5,563.5,1
2006-03-02,568.2000122070312,568.2000122070312,568.2000122070312,568.2000122070312,1
2006-03-03,569.7999877929688,569.7999877929688,568.7000122070312,566,2
2006-03-06,554.7999877929688,554.7999877929688,554.7999877929688,554.9000244140625,2
2006-03-07,554.5,554.5,554,552.7000122070312,3
2006-03-08,540,540,540,542.5,3
2006-03-09,545,545.2000122070312,544.2999877929688,545.5,25
2006-03-10,539.9000244140625,539.9000244140625,539.9000244140625,539.9000244140625,3
2006-03-13,541,542.5,541,546.0999755859375,4
2006-03-14,551.7000122070312,551.7000122070312,551.7000122070312,551.7000122070312,4
2006-03-15,553.0999755859375,553.0999755859375,553.0999755859375,553.0999755859375,4
2006-03-16,554.4000244140625,554.4000244140625,554.4000244140625,554.4000244140625,4
2006-03-17,554.0999755859375,554.0999755859375,554.0999755859375,554.0999755859375,4
2006-03-20,555.2000122070312,555.2000122070312,555.2000122070312,555.2000122070312,4
2006-03-21,552.4000244140625,552.4000244140625,552.4000244140625,552.4000244140625,4
2006-03-22,550.9000244140625,550.9000244140625,550.9000244140625,550.9000244140625,300
2006-03-23,550.0999755859375,550.0999755859375,550.0999755859375,550.0999755859375,547
2006-03-24,560,560,560,560,547
2006-03-27,567,567,567,567,547
2006-03-28,566.5999755859375,566.5999755859375,566.5999755859375,566.5999755859375,547
2006-03-29,573,573,573,573,64190
2006-03-30,572.5999755859375,587.4000244140625,571.2999877929688,586.7000122070312,25210
2006-03-31,586,589.5999755859375,579,581.7999877929688,2845
2006-04-03,582,592,582,589.4000244140625,729
2006-04-04,588,590.5,585.5,586,1293
2006-04-05,587,590.7999877929688,582.5999755859375,587.9000244140625,736
2006-04-06,588,595.5999755859375,588,595.2000122070312,855
2006-04-07,595.5,598.2999877929688,585.5,588.4000244140625,450
2006-04-10,589,599,589,597.5999755859375,316
2006-04-11,602,604,595,595.2000122070312,697
2006-04-12,597.2999877929688,600,597.2999877929688,597.5,38
2006-04-13,596.5,597.5,592,596.5,107
2006-04-17,605,616.5,605,615.4000244140625,1125
2006-04-18,614.5999755859375,620.5,614.5999755859375,620,502
2006-04-19,620.5,632,620.5,632.5999755859375,99
2006-04-20,640,642,611,619.7999877929688,537
2006-04-21,615,637,611.2000122070312,632.2000122070312,222
2006-04-24,634,634,620,620.5999755859375,288
2006-04-25,620.5999755859375,632,620.5999755859375,631,112
2006-04-26,635,639.5,635,638.7999877929688,3
2006-04-27,636.5,636.5,636.5,633.2999877929688,6
2006-04-28,651.7999877929688,651.7999877929688,651.7999877929688,651.7999877929688,6
2006-05-01,658,658,658,657.5,9
2006-05-02,666,666,666,664.7000122070312,2
2006-05-03,669.2000122070312,669.2000122070312,669.2000122070312,665.9000244140625,1
2006-05-04,674.2000122070312,674.2000122070312,674.2000122070312,674.2000122070312,1
2006-05-05,682.2000122070312,682.2000122070312,682.2000122070312,682.2000122070312,1
2006-05-08,679,679,679,677.7999877929688,2
2006-05-09,679,679,679,699.4000244140625,8
2006-05-10,695.5,695.5,695.5,703.7000122070312,4
2006-05-11,723,723,723,719.7999877929688,10
2006-05-12,714,714,706,710.2999877929688,32
2006-05-15,710.2999877929688,710.2999877929688,710.2999877929688,683.5999755859375,32
2006-05-16,710.2999877929688,710.2999877929688,710.2999877929688,691.5,0
2006-05-17,690.5,690.5,690.5,690.5,0
2006-05-18,679.5999755859375,679.5999755859375,679.5999755859375,679.5999755859375,0
2006-05-19,679.5999755859375,679.5999755859375,679.5999755859375,656.7000122070312,0
2006-05-22,656.5,656.5,656.5,657,0
2006-05-23,673,673,673,673,0
2006-05-24,637,637,637,637,0
2006-05-25,648.2999877929688,648.2999877929688,648.2999877929688,648.4000244140625,0
2006-05-26,648.4000244140625,648.4000244140625,648.4000244140625,650.9000244140625,80564
2006-05-30,650.7000122070312,664.5,648.2000122070312,653.9000244140625,51461
2006-05-31,651,658.5,638,642.5,5034
2006-06-01,642.7999877929688,645.0999755859375,620,627.5999755859375,1682
2006-06-02,628,637.5,622.5999755859375,635.5,1151
2006-06-05,635.5,645,635.5,643.2000122070312,613
2006-06-06,643.4000244140625,643.4000244140625,625,629.4000244140625,361
2006-06-07,629.2000122070312,629.7999877929688,617.5,627.4000244140625,793
2006-06-08,627.5999755859375,627.5999755859375,608.5,609.0999755859375,532
2006-06-09,610,615.7999877929688,606.9000244140625,608.2000122070312,73
2006-06-12,606,610,606,606.7999877929688,19
2006-06-13,571.2000122070312,605.5999755859375,568,562.5,207
2006-06-14,555,571,555,562.2999877929688,243
2006-06-15,557.2999877929688,577,557.2999877929688,566.5,135
2006-06-16,566.5,574.7000122070312,572,578,4
2006-06-19,568.7999877929688,568.7999877929688,568.7999877929688,568.7999877929688,6
2006-06-20,571,571,568,576.9000244140625,4
2006-06-21,572,585,572,587.5,60
2006-06-22,588,588,587,582.2000122070312,14
2006-06-23,583.9000244140625,584,574,584.7999877929688,19
2006-06-26,583,584,580,584.7999877929688,119
2006-06-27,589,589,589,581.5999755859375,39
2006-06-28,585.5,586,580,578.2999877929688,1
2006-06-29,586.5,586.5,586.5,586.5,104
2006-06-30,560.9000244140625,614.5,609,613.5,18
2006-07-05,631,631,631,627.2999877929688,94
2006-07-06,624,624,624,634.0999755859375,6
2006-07-07,634.2999877929688,634.2999877929688,634.2999877929688,632.7999877929688,6
2006-07-10,632.7999877929688,632.7999877929688,632.7999877929688,624.0999755859375,6
2006-07-11,632.7999877929688,632.7999877929688,632.7999877929688,641.2000122070312,6
2006-07-12,632.7999877929688,632.7999877929688,632.7999877929688,649.4000244140625,6
2006-07-13,652.9000244140625,652.9000244140625,652.9000244140625,652.9000244140625,6
2006-07-14,666.5999755859375,666.5999755859375,666.5999755859375,666.5999755859375,6
2006-07-17,675.0999755859375,677,675.0999755859375,650.5999755859375,40
2006-07-18,628.2999877929688,628.2999877929688,628.2999877929688,628.2999877929688,40
2006-07-19,641.5999755859375,641.5999755859375,641.5999755859375,641.5999755859375,40
2006-07-20,641.5999755859375,641.5999755859375,641.5999755859375,631.7000122070312,40
2006-07-21,631.7000122070312,631.7000122070312,631.7000122070312,619.5999755859375,600
2006-07-24,619.5999755859375,619.5999755859375,619.5999755859375,612.7000122070312,600
2006-07-25,612.7000122070312,612.7000122070312,612.7000122070312,617.5999755859375,600
2006-07-26,621.5999755859375,621.5999755859375,621.5999755859375,621.5999755859375,1
2006-07-27,632.4000244140625,632.4000244140625,632.4000244140625,632.4000244140625,66412
2006-07-28,632.5,636.5999755859375,625,634.7999877929688,27652
2006-07-31,634.5,646.5,627,634.2000122070312,3183
2006-08-01,635.4000244140625,646.5,629.5,646.2999877929688,1360
2006-08-02,645.7999877929688,656,644.7000122070312,651.5999755859375,414
2006-08-03,651,651,638,644.9000244140625,429
2006-08-04,646,653.5,643,644,97
2006-08-07,651.2000122070312,652,646.5,647.7999877929688,139
2006-08-08,646.7999877929688,646.7999877929688,640,645.7000122070312,43
2006-08-09,645,654.5,638.5,650.5,65
2006-08-10,650.2000122070312,651.2999877929688,634,634.9000244140625,127
2006-08-11,638,642.2999877929688,626,633.5,596
2006-08-14,629.9000244140625,629.9000244140625,620,628.5,147
2006-08-15,625,625.5,622,622.5,124
2006-08-16,631,631,627,628.7000122070312,206
2006-08-17,627.5,628.5,615.5,615.4000244140625,295
2006-08-18,614.2000122070312,617,609,612.0999755859375,102
2006-08-21,613.5999755859375,626.5,613.5999755859375,625.7000122070312,117
2006-08-22,626,628,623.5,624.5999755859375,19
2006-08-23,624.5999755859375,628,623.2000122070312,623.7000122070312,20
2006-08-24,621.5999755859375,624.5,618,619.5,35
2006-08-25,622.5,623.5,621.7999877929688,622,173
2006-08-28,621.7000122070312,621.7000122070312,614,615.2999877929688,46
2006-08-29,616.7999877929688,616.7999877929688,610.5,610.7000122070312,2
2006-08-30,615.5999755859375,618,611.7999877929688,617.7000122070312,26
2006-08-31,625.9000244140625,625.9000244140625,625.9000244140625,625.9000244140625,26
2006-09-01,624.4000244140625,624.4000244140625,624.4000244140625,624.4000244140625,26
2006-09-04,624.4000244140625,624.4000244140625,624.4000244140625,624.4000244140625,26
2006-09-05,638.5,638.5,638.5,638.5,23
2006-09-06,633.5,633.5,633.5,633.5,102
2006-09-07,617,617,617,617,102
2006-09-08,609.5999755859375,609.5999755859375,609.5999755859375,609.5999755859375,102
2006-09-11,590,590,590,590,0
2006-09-12,591,591,591,586.9000244140625,10
2006-09-13,589.0999755859375,589.0999755859375,589.0999755859375,589.0999755859375,10
2006-09-14,579.2999877929688,579.2999877929688,579.2999877929688,579.2999877929688,0
2006-09-15,576.4000244140625,576.4000244140625,576.4000244140625,576.4000244140625,0
2006-09-18,586.2000122070312,586.2000122070312,586.2000122070312,586.2000122070312,0
2006-09-19,576.7999877929688,576.7999877929688,576.7999877929688,576.7999877929688,0
2006-09-20,584,584,584,580,2
2006-09-21,582.2000122070312,582.2000122070312,582.2000122070312,582.2000122070312,0
2006-09-22,589.4000244140625,589.4000244140625,589.4000244140625,589.4000244140625,0
2006-09-25,589.9000244140625,589.9000244140625,589.9000244140625,589.9000244140625,0
2006-09-26,591.2000122070312,591.2000122070312,591.2000122070312,591.2000122070312,0
2006-09-27,597.2999877929688,597.2999877929688,597.2999877929688,597.2999877929688,7818
2006-09-28,597.7000122070312,606.2000122070312,597.7000122070312,605,8709
2006-09-29,605.0999755859375,605.0999755859375,595,598.5999755859375,662
2006-10-02,598.9000244140625,604,598,597.7000122070312,109
2006-10-03,591,591.9000244140625,580,576.2999877929688,160
2006-10-04,573.9000244140625,577,561,562,4584
2006-10-05,565.9000244140625,575,565.9000244140625,571,22
2006-10-06,572,572.5,560.5,572.4000244140625,24
2006-10-09,578,578,578,578.4000244140625,93
2006-10-10,574.5,574.5,568,571.9000244140625,136
2006-10-11,578,578,578,572.2999877929688,1
2006-10-12,575,575,575,576.2999877929688,5
2006-10-13,585.5,585.5,585.5,588.7999877929688,8
2006-10-16,593.5,594.5,593.5,594.7000122070312,210
2006-10-17,598.5,598.5,588.5,589.7000122070312,14
2006-10-18,592.5,594,591.5,588.9000244140625,18
2006-10-19,588.9000244140625,588.9000244140625,588.7000122070312,599,103
2006-10-20,597.5,597.5,597,593,4
2006-10-23,579.7000122070312,579.7000122070312,579.7000122070312,579.7000122070312,4
2006-10-24,576.5,576.5,576.5,584.4000244140625,501
2006-10-25,587.5999755859375,587.5999755859375,587.5999755859375,587.5999755859375,199
2006-10-26,595,595.5,595,596.7999877929688,26
2006-10-27,598.2000122070312,598.2000122070312,598.2000122070312,598.2000122070312,5
2006-10-30,608.5,608.9000244140625,608,604.7000122070312,13
2006-10-31,604.0999755859375,604.0999755859375,604.0999755859375,604.0999755859375,0
2006-11-01,612.5,612.5,612.5,616.5999755859375,6
2006-11-02,625.4000244140625,625.4000244140625,625.4000244140625,625.4000244140625,6
2006-11-03,626.9000244140625,626.9000244140625,626.9000244140625,626.9000244140625,0
2006-11-06,625.7999877929688,625.7999877929688,625.7999877929688,625.7999877929688,0
2006-11-07,625.7000122070312,625.7000122070312,625.7000122070312,625.7000122070312,0
2006-11-08,616.4000244140625,616.4000244140625,616.4000244140625,616.4000244140625,0
2006-11-09,617,617,617,635,2
2006-11-10,628.4000244140625,628.4000244140625,628.4000244140625,628.4000244140625,2
2006-11-13,629,629,629,624.2000122070312,1
2006-11-14,620.5,620.5,620.5,623.7999877929688,1
2006-11-15,622.5,622.5,622.5,622.5,0
2006-11-16,620.5999755859375,620.5999755859375,620.5999755859375,620.5999755859375,0
2006-11-17,617.5,617.5,617.5,621.5,10
2006-11-20,621.5,621.5,621.5,621.2000122070312,0
2006-11-21,628.0999755859375,628.0999755859375,628.0999755859375,628.2000122070312,0
2006-11-22,628.7000122070312,628.7000122070312,628.7000122070312,628.7000122070312,0
2006-11-24,628.7000122070312,628.7000122070312,628.7000122070312,628.7000122070312,0
2006-11-27,640.6,629.9,641.8,629.5,59.68K
2006-11-28,637.2000122070312,637.2000122070312,637.2000122070312,637.2000122070312,82649
2006-11-29,638.4000244140625,640.2999877929688,634.5,635.5,29111
2006-11-30,635,648,635,646.9000244140625,2327
2006-12-01,645.7000122070312,649.7000122070312,643.5,644.7000122070312,728
2006-12-04,647.0999755859375,648,640.5,645.2000122070312,562
2006-12-05,644.2999877929688,648,640.5,642.2999877929688,214
2006-12-06,640.5,640.5,631,630.5,247
2006-12-07,628.2999877929688,632.5,625,631.9000244140625,316
2006-12-08,633.2999877929688,636.5,626,626.0999755859375,104
2006-12-11,623,629.7000122070312,622.4000244140625,630,467
2006-12-12,630.2999877929688,630.5,627.5,627,222
2006-12-13,634.7999877929688,632.5,624,627.9000244140625,81
2006-12-14,628,628.5,627.5,626.5999755859375,43
2006-12-15,625.5,627.7000122070312,613,615,118
2006-12-18,614,616.5,612,614,57
2006-12-19,620.9000244140625,620.9000244140625,616.5,621.5999755859375,40
2006-12-20,621.4000244140625,622.7000122070312,619.7000122070312,620.5999755859375,385
2006-12-21,620.7999877929688,620.7999877929688,618,618.2000122070312,22
2006-12-22,619,619,618.7000122070312,619.0999755859375,122
2006-12-26,625.0999755859375,628,623,623.7000122070312,58
2006-12-27,627.2000122070312,627.2000122070312,627.2000122070312,627.2000122070312,3
2006-12-28,627.0999755859375,627.0999755859375,626,634.0999755859375,17
2006-12-29,635.2000122070312,635.2000122070312,635.2000122070312,635.2000122070312,17
2007-01-02,635.2000122070312,635.2000122070312,635.2000122070312,635.2000122070312,17
2007-01-03,640.4000244140625,640.4000244140625,628.5,627.0999755859375,38
2007-01-04,624.5,624.5,624.5,623.9000244140625,4
2007-01-05,623.7000122070312,623.7000122070312,617.2999877929688,604.9000244140625,531
2007-01-08,607.5,607.5,607.5,607.5,1000
2007-01-09,607,607,607,613.0999755859375,2
2007-01-10,611.5999755859375,611.5999755859375,611.5999755859375,611.5999755859375,2
2007-01-11,612.4000244140625,612.4000244140625,612.4000244140625,612.4000244140625,0
2007-01-12,616.2000122070312,616.2000122070312,616.2000122070312,625.5,1
2007-01-16,623.5999755859375,623.5999755859375,623.5999755859375,624.5999755859375,2
2007-01-17,630.5,632.5999755859375,630.5,632.0999755859375,2
2007-01-18,627.0999755859375,627.0999755859375,627.0999755859375,627.0999755859375,2
2007-01-19,633.5,633.5,633.5,635.5,2
2007-01-22,633.2999877929688,633.2999877929688,633.2999877929688,633.2999877929688,2
2007-01-23,642.2000122070312,642.2000122070312,642.2000122070312,645.2000122070312,1
2007-01-24,640.2999877929688,640.2999877929688,640.2999877929688,647.5999755859375,1
2007-01-25,647.7999877929688,647.7999877929688,647.7999877929688,647.7999877929688,1
2007-01-26,644.5,644.5,644.5,644.5,2
2007-01-29,643.0999755859375,643.0999755859375,643.0999755859375,643.0999755859375,71048
2007-01-30,643,647.5,640.7999877929688,644.2000122070312,25819
2007-01-31,646.5,655.5,641.7999877929688,652,3048
2007-02-01,652.9000244140625,661.5,652.5999755859375,657.4000244140625,1198
2007-02-02,655.7000122070312,659.2999877929688,642,646.2000122070312,449
2007-02-05,649,651,647,650.9000244140625,196
2007-02-06,648.2000122070312,659,648.0999755859375,653.5999755859375,169
2007-02-07,654.7999877929688,655.5,650.4000244140625,652.2999877929688,156
2007-02-08,650,659.2999877929688,649.0999755859375,658,463
2007-02-09,659.0999755859375,669.5,658,667.5,127
2007-02-12,664.2999877929688,665.9000244140625,661,662.5999755859375,65
2007-02-13,664.2999877929688,669,663.7999877929688,663.9000244140625,41
2007-02-14,666.7000122070312,672,666.7000122070312,667.4000244140625,167
2007-02-15,668.5,668.5,663,667.2999877929688,93
2007-02-16,664.5,668.4000244140625,664.5,668.7999877929688,93
2007-02-19,674.3,673.2,677.8,671.6,50.43K
2007-02-20,671,671,658.2999877929688,657.0999755859375,26
2007-02-21,660.4000244140625,682.2999877929688,657.5,680.2000122070312,33
2007-02-22,676.5,679.2999877929688,676.5,679.4000244140625,344
2007-02-23,678.2999877929688,685.2999877929688,674,683.0999755859375,146
2007-02-26,684.5999755859375,687.5999755859375,683.7999877929688,686.5,34
2007-02-27,684,687.7000122070312,668.5,683.9000244140625,150
2007-02-28,665.5999755859375,674.5,662,669.4000244140625,6
2007-03-01,673,673,673,662.2999877929688,1
2007-03-02,641.5,641.5,641.5,641.5,24
2007-03-05,640.2000122070312,640.2000122070312,640,636.7000122070312,17
2007-03-06,643.7000122070312,644.5,641.2999877929688,643.7999877929688,15
2007-03-07,650.5999755859375,650.5999755859375,650.5999755859375,650.5999755859375,13
2007-03-08,653.4000244140625,653.4000244140625,653.4000244140625,653.4000244140625,13
2007-03-09,650,650,650,650,320
2007-03-12,648,648,648,648.4000244140625,8
2007-03-13,647.5999755859375,647.5999755859375,647.5999755859375,647.5999755859375,20
2007-03-14,640.9000244140625,640.9000244140625,640.9000244140625,640.9000244140625,8
2007-03-15,645.7000122070312,645.7000122070312,645.7000122070312,645.7000122070312,8
2007-03-16,652.9000244140625,652.9000244140625,652.7000122070312,652.5999755859375,15
2007-03-19,653.0999755859375,653.0999755859375,653.0999755859375,653.0999755859375,15
2007-03-20,657.9000244140625,657.9000244140625,657.9000244140625,657.9000244140625,0
2007-03-21,659,659,659,659,0
2007-03-22,663.4000244140625,663.4000244140625,663.4000244140625,663.4000244140625,27
2007-03-23,656.7000122070312,656.7000122070312,656.7000122070312,656.7000122070312,200
2007-03-26,663.4000244140625,663.4000244140625,663.4000244140625,663.4000244140625,0
2007-03-27,662.0999755859375,662.0999755859375,662.0999755859375,662.0999755859375,0
2007-03-28,666.5,666.5,666.5,666.5,10244
2007-03-29,665.9000244140625,666.2000122070312,654.5999755859375,661.5,37425
2007-03-30,661.2000122070312,667.7000122070312,659.0999755859375,663,4623
2007-04-02,665.5,665.5,656.0999755859375,665.7000122070312,1468
2007-04-03,663.0999755859375,667.2999877929688,662.2000122070312,664,291
2007-04-04,664,675,664,672.0999755859375,1718
2007-04-05,674.2000122070312,676,671.5,674.2000122070312,226
2007-04-09,671.0999755859375,677.5,671.0999755859375,671.9000244140625,35
2007-04-10,673.9000244140625,681.5,673.9000244140625,676.5,29
2007-04-11,678.2999877929688,680.2999877929688,674.7999877929688,676.7999877929688,31
2007-04-12,677,677.5,673.0999755859375,675.0999755859375,63
2007-04-13,680.2000122070312,683.5999755859375,680.2000122070312,685.4000244140625,25
2007-04-16,685.0999755859375,690.0999755859375,685.0999755859375,690.0999755859375,55
2007-04-17,689,689.4000244140625,687.2000122070312,688.2000122070312,29
2007-04-18,689.0999755859375,690.5999755859375,687,689.0999755859375,13
2007-04-19,681.9000244140625,685.7000122070312,681.9000244140625,684.2999877929688,58
2007-04-20,690.0999755859375,692.5,690.0999755859375,692,24
2007-04-23,689,689,688,690.5999755859375,16
2007-04-24,689.4000244140625,691.2999877929688,683,684.2000122070312,220
2007-04-25,686.5,686.5,683.7999877929688,684.0999755859375,17
2007-04-26,684.5,686.7999877929688,673.5,674.9000244140625,51
2007-04-27,673,678.2999877929688,673,678.7000122070312,55
2007-04-30,677.4000244140625,680,677.2999877929688,680.5,12
2007-05-01,673.7000122070312,673.7000122070312,673,674.4000244140625,6
2007-05-02,672.2999877929688,672.2999877929688,672.2999877929688,672.2999877929688,0
2007-05-03,681.7999877929688,681.7999877929688,681.7999877929688,681.7999877929688,0
2007-05-04,687.2000122070312,687.2000122070312,687.2000122070312,687.2000122070312,0
2007-05-07,688,688,688,688,1
2007-05-08,685.0999755859375,685.0999755859375,685.0999755859375,685.0999755859375,1
2007-05-09,680.2999877929688,680.2999877929688,680.2999877929688,680.2999877929688,1
2007-05-10,651,651,651,665.0999755859375,0
2007-05-11,670.5999755859375,670.5999755859375,670.5999755859375,670.5999755859375,0
2007-05-14,668.5,668.5,668.5,668.5,0
2007-05-15,673,673,673,673,0
2007-05-16,660.2000122070312,660.2000122070312,660.2000122070312,660.2000122070312,0
2007-05-17,656.2000122070312,656.2000122070312,656.2000122070312,656.2000122070312,0
2007-05-18,661,661,661,661,0
2007-05-21,660.7000122070312,661.4000244140625,660,662.9000244140625,6
2007-05-22,659.0999755859375,659.0999755859375,659.0999755859375,659.0999755859375,6
2007-05-23,661.9000244140625,661.9000244140625,661.9000244140625,661.9000244140625,6
2007-05-24,654,656,654,653,5
2007-05-25,655.9000244140625,655.9000244140625,655.7000122070312,655.0999755859375,5
2007-05-29,657.0999755859375,657.0999755859375,657.0999755859375,657.0999755859375,100718
2007-05-30,655.7000122070312,658.4000244140625,651.5,653.0999755859375,49921
2007-05-31,652.5,662,652.5,661,8065
2007-06-01,661.5,672,660.7999877929688,671.2000122070312,1496
2007-06-04,671.2000122070312,673.7000122070312,668.9000244140625,670.7000122070312,612
2007-06-05,672.0999755859375,674,669.2999877929688,669.5999755859375,242
2007-06-06,670.4000244140625,670.9000244140625,665.4000244140625,669.2999877929688,489
2007-06-07,671.4000244140625,671.4000244140625,658.2999877929688,660.0999755859375,282
2007-06-08,658.5,659.5999755859375,645.2000122070312,645.5,261
2007-06-11,649.2000122070312,654.4000244140625,649.2000122070312,654.2999877929688,91
2007-06-12,653.7999877929688,653.7999877929688,646.9000244140625,648.5,61
2007-06-13,646.5999755859375,651.5,644.2999877929688,648.2000122070312,82
2007-06-14,652.5999755859375,652.7999877929688,650,651.5999755859375,15
2007-06-15,651,655.2000122070312,650.7000122070312,654.5,28
2007-06-18,657.9000244140625,658.2000122070312,655.7000122070312,655.7999877929688,57
2007-06-19,656.2000122070312,660.2000122070312,653,660.7000122070312,36
2007-06-20,660.7999877929688,660.7999877929688,658,656.0999755859375,8
2007-06-21,648.5999755859375,648.5999755859375,648.5999755859375,650.5999755859375,6
2007-06-22,649.9000244140625,649.9000244140625,649.9000244140625,653.5,3
2007-06-25,650,650.5,650,651.2999877929688,21
2007-06-26,647.5999755859375,647.5999755859375,640,642.0999755859375,60
2007-06-27,640.4000244140625,643.5,640.4000244140625,641.7000122070312,43
2007-06-28,643.9000244140625,648.4000244140625,643.9000244140625,647.5,89
2007-06-29,647.5,649.2000122070312,647.5,648.0999755859375,45
2007-07-02,656.7999877929688,656.7999877929688,656.7999877929688,656.5,1
2007-07-03,655.7000122070312,655.7000122070312,655.7000122070312,652.9000244140625,1
2007-07-04,656.3,656.1,657.2,655.3,61.22K
2007-07-05,648.4000244140625,648.4000244140625,648.4000244140625,648.4000244140625,18
2007-07-06,652.7000122070312,652.7000122070312,652.7000122070312,652.7000122070312,18
2007-07-09,660.5,660.5,660.5,660.5,0
2007-07-10,662.5,662.5,662.5,662.5,0
2007-07-11,660.2999877929688,660.2999877929688,660.2999877929688,660.2999877929688,6
2007-07-12,665,665,665,666.7000122070312,2
2007-07-13,666.7000122070312,666.7000122070312,666.7000122070312,665.7999877929688,8
2007-07-16,667.0999755859375,667.0999755859375,667.0999755859375,665,1
2007-07-17,664.7000122070312,664.7000122070312,664.7000122070312,664.7000122070312,0
2007-07-18,672.5999755859375,672.5999755859375,672.5999755859375,672.5999755859375,0
2007-07-19,677.2000122070312,677.2000122070312,677.2000122070312,677.2000122070312,0
2007-07-20,683.9000244140625,683.9000244140625,683.9000244140625,683.9000244140625,0
2007-07-23,680.7999877929688,680.7999877929688,680.7999877929688,680.7999877929688,0
2007-07-24,684.2000122070312,684.2000122070312,684.2000122070312,684.2000122070312,0
2007-07-25,673.2999877929688,673.2999877929688,673.2999877929688,673.2999877929688,0
2007-07-26,662.5,662.5,662.5,662.5,0
2007-07-27,660,660,660,660,95749
2007-07-30,659.9000244140625,665.2000122070312,659.2999877929688,664.0999755859375,36526
2007-07-31,665,668.2999877929688,662.5999755859375,666.9000244140625,5769
2007-08-01,663.2000122070312,666.2999877929688,658.5,663.5999755859375,2026
2007-08-02,666.7000122070312,666.7000122070312,662.7999877929688,664.5999755859375,1062
2007-08-03,665.7999877929688,674.4000244140625,665.7000122070312,672.5,575
2007-08-06,672.0999755859375,672.0999755859375,668.7999877929688,671.5,212
2007-08-07,670,670,666.5,670.5999755859375,313
2007-08-08,674.7000122070312,676.2000122070312,674,674.5,136
2007-08-09,667.7999877929688,667.7999877929688,661.4000244140625,661.4000244140625,377
2007-08-10,659.5,673.4000244140625,659.5,670.2999877929688,1101
2007-08-13,669.9000244140625,671,668.5999755859375,669.7000122070312,52
2007-08-14,665,670.5,665,668.5999755859375,106
2007-08-15,665,669.7000122070312,662.5,668.9000244140625,845
2007-08-16,665.2000122070312,665.2000122070312,642.9000244140625,648.2999877929688,130
2007-08-17,648.4000244140625,657.7000122070312,648.4000244140625,656.9000244140625,219
2007-08-20,658.5999755859375,660,658.5999755859375,656.7000122070312,189
2007-08-21,657.9000244140625,658.4000244140625,657.5,656.7000122070312,9
2007-08-22,658.9000244140625,661.0999755859375,658.9000244140625,659.0999755859375,303
2007-08-23,663.5999755859375,663.7000122070312,663.2000122070312,658.9000244140625,135
2007-08-24,662.0999755859375,668.7999877929688,662.0999755859375,668,208
2007-08-27,667.9000244140625,668,666,666.7999877929688,77
2007-08-28,665.5,665.9000244140625,664.2000122070312,664.4000244140625,22
2007-08-29,667,667.7000122070312,667,666.2999877929688,78
2007-08-30,665.5,666.5,665.5,665,186
2007-08-31,672.5,672.7999877929688,672.5,673,186
2007-09-03,680.9,681.9,682.8,680.1,69.73K
2007-09-04,682.5,682.5,682.5,682.5,0
2007-09-05,678.5999755859375,679.0999755859375,678.5999755859375,681.7000122070312,80
2007-09-06,692.2000122070312,692.4000244140625,692.2000122070312,695.5999755859375,2
2007-09-07,700.7999877929688,700.7999877929688,700.7999877929688,700.7999877929688,1
2007-09-10,704.5,705,702,703.2999877929688,43
2007-09-11,703.5,703.5,702.7999877929688,712.2000122070312,55
2007-09-12,713.9000244140625,713.9000244140625,712.5,711.9000244140625,6
2007-09-13,706.9000244140625,707.4000244140625,706.9000244140625,709.5,19
2007-09-14,717.2000122070312,717.2000122070312,714.9000244140625,709.5999755859375,33
2007-09-17,719.0999755859375,719.0999755859375,719.0999755859375,715.7999877929688,36
2007-09-18,715.7999877929688,715.7999877929688,715.7999877929688,715.7999877929688,104
2007-09-19,724.5999755859375,724.5999755859375,724.5999755859375,722,12
2007-09-20,732.4000244140625,732.4000244140625,732.4000244140625,732.4000244140625,12
2007-09-21,731.4000244140625,731.4000244140625,731.4000244140625,731.4000244140625,6
2007-09-24,732.0999755859375,732.0999755859375,732.0999755859375,732.0999755859375,150
2007-09-25,731.5999755859375,731.5999755859375,731.5999755859375,731.5999755859375,60
2007-09-26,728.2999877929688,728.2999877929688,728.2999877929688,728.2999877929688,12901
2007-09-27,728.2000122070312,735.5,727.4000244140625,732.7000122070312,11841
2007-09-28,733.7000122070312,745.7000122070312,733.7000122070312,742.7999877929688,2004
2007-10-01,745.0999755859375,747.4000244140625,741.7999877929688,747.2000122070312,644
2007-10-02,746.5,746.5,726.5,729.7999877929688,319
2007-10-03,727.5999755859375,732.5,726.7000122070312,729.2999877929688,61
2007-10-04,725.0999755859375,736.7999877929688,724.2999877929688,737.7999877929688,17
2007-10-05,731,741.7000122070312,731,741.2999877929688,6
2007-10-08,735.2000122070312,737,732.4000244140625,732.7999877929688,88
2007-10-09,736.0999755859375,736.5,735.5,737.4000244140625,44
2007-10-10,740.9000244140625,741,740.7000122070312,740.4000244140625,32
2007-10-11,747.4000244140625,749.7000122070312,746,751.2999877929688,180
2007-10-12,750.4000244140625,750.4000244140625,748.7000122070312,748.7000122070312,371
2007-10-15,758,759.5999755859375,757.9000244140625,757.0999755859375,344
2007-10-16,762.4000244140625,762.4000244140625,756.0999755859375,757,151
2007-10-17,760,760,757,757.5,45
2007-10-18,765.7999877929688,765.7999877929688,765.7999877929688,764.0999755859375,9
2007-10-19,765.2000122070312,765.2000122070312,762.7000122070312,764,7
2007-10-22,766.7000122070312,766.7000122070312,751.9000244140625,755.7999877929688,60
2007-10-23,755.7000122070312,756,756,759,7
2007-10-24,758.2000122070312,758.2000122070312,753.5,761.5999755859375,55
2007-10-25,767.9000244140625,767.9000244140625,767.9000244140625,767.2999877929688,10
2007-10-26,771.4000244140625,783.4000244140625,771.4000244140625,783.9000244140625,81
2007-10-29,793.7999877929688,793.7999877929688,787.2999877929688,789.0999755859375,9
2007-10-30,785.5,785.5,780.7000122070312,784.2999877929688,168
2007-10-31,789.2999877929688,795.4000244140625,789.2999877929688,792,12
2007-11-01,785.2999877929688,791.2999877929688,785.2999877929688,790.7000122070312,4
2007-11-02,794.0999755859375,806.5,794.0999755859375,805.7000122070312,4
2007-11-05,804.5999755859375,804.5999755859375,804.2000122070312,808.0999755859375,17
2007-11-06,821.9000244140625,825.2999877929688,821.9000244140625,820.7999877929688,4
2007-11-07,830,831.2000122070312,830,831,3
2007-11-08,829.7999877929688,841.2999877929688,829.7999877929688,835.2000122070312,8
2007-11-09,835.7000122070312,835.7999877929688,831.7000122070312,832.5,7
2007-11-12,803.9000244140625,803.9000244140625,798.7000122070312,805.7999877929688,3
2007-11-13,804.2999877929688,804.2999877929688,800,797.2000122070312,6
2007-11-14,816.7000122070312,817,816.7000122070312,813,11
2007-11-15,794.5,794.5,793.7000122070312,785.9000244140625,0
2007-11-16,785.7000122070312,785.7000122070312,785.7000122070312,785.7000122070312,0
2007-11-19,777.5999755859375,777.5999755859375,777.5999755859375,776.7999877929688,1
2007-11-20,792.9000244140625,802.5,792.9000244140625,790.2999877929688,5
2007-11-21,797.5999755859375,797.5999755859375,797.5999755859375,797.5999755859375,5
2007-11-22,804,801.2,805.9,798.4,115.80K
2007-11-23,824,824,824,824,6
2007-11-26,826,826,826,826,6
2007-11-27,823.2000122070312,824.7999877929688,812.5,813.7000122070312,32
2007-11-28,800.0999755859375,800.0999755859375,800.0999755859375,800.0999755859375,165342
2007-11-29,804,807.7999877929688,791.9000244140625,795.2999877929688,66669
2007-11-30,795,798.5999755859375,778.4000244140625,782.2000122070312,7212
2007-12-03,783.9000244140625,794.5999755859375,777,788.2999877929688,3728
2007-12-04,794,805,787.2000122070312,801.2999877929688,925
2007-12-05,802.2000122070312,803.9000244140625,791.7000122070312,797.5,389
2007-12-06,794.4000244140625,804.7999877929688,786.5,801.2000122070312,332
2007-12-07,800.7000122070312,801.2000122070312,792,794.4000244140625,218
2007-12-10,799.2999877929688,809.7000122070312,799.2999877929688,807.7000122070312,274
2007-12-11,808.0999755859375,812,796,811.4000244140625,347
2007-12-12,809.7000122070312,815.9000244140625,809.5999755859375,813.5,291
2007-12-13,810.2999877929688,810.2999877929688,792.7000122070312,799,200
2007-12-14,800.2999877929688,803.5,789.5999755859375,793.2999877929688,196
2007-12-17,793.5,794.5,788.4000244140625,794.7999877929688,115
2007-12-18,793,804.7999877929688,793,803,72
2007-12-19,799.2000122070312,804,799.0999755859375,801.0999755859375,68
2007-12-20,799.5,800,794.2000122070312,799.2000122070312,114
2007-12-21,800,812.5,800,811.5999755859375,64
2007-12-24,811.5,814.0999755859375,809.7999877929688,812.7999877929688,41
2007-12-26,815.7000122070312,826.9000244140625,815.7000122070312,826,36
2007-12-27,824.7999877929688,832.5,824.7999877929688,828.5999755859375,160
2007-12-28,826.5999755859375,840.2000122070312,826.5999755859375,839.5999755859375,107
2007-12-31,843.2000122070312,843.2000122070312,843.2000122070312,834.9000244140625,4
2008-01-02,848.7000122070312,857.7999877929688,846.4000244140625,857,130
2008-01-03,863,865.5,856.2999877929688,866.4000244140625,181
2008-01-04,861.4000244140625,865.5,860.2000122070312,863.0999755859375,28
2008-01-07,860.9000244140625,860.9000244140625,857.4000244140625,859.5999755859375,4
2008-01-08,861.5999755859375,879.4000244140625,861.5999755859375,878,21
2008-01-09,885,885,876,879.5,48
2008-01-10,882,891.4000244140625,881.2000122070312,891.7000122070312,6
2008-01-11,889.7999877929688,899.7000122070312,889.7000122070312,896.0999755859375,183
2008-01-14,907.2999877929688,907.2999877929688,905,901.5999755859375,89
2008-01-15,887.5999755859375,887.5999755859375,887.5999755859375,901,101
2008-01-16,880.5,885.7999877929688,880.5,880.5999755859375,102
2008-01-17,888.2000122070312,888.2000122070312,876.7999877929688,879.5,11
2008-01-18,871.7999877929688,886.7999877929688,871,880.7999877929688,30
2008-01-22,878.7000122070312,891,863.2000122070312,889.5999755859375,30
2008-01-23,885,895.7000122070312,880,882.5,49
2008-01-24,890.9000244140625,906.5999755859375,890.9000244140625,905.5,6
2008-01-25,910.5,910.5,910.5,910.5,6
2008-01-28,916.5999755859375,922,914.5,927.0999755859375,25
2008-01-29,925,925,925,925.0999755859375,157692
2008-01-30,924.4000244140625,936.2999877929688,915.2999877929688,920.5999755859375,68820
2008-01-31,928.2000122070312,928.5999755859375,918.2999877929688,922.7000122070312,4289
2008-02-01,924.7999877929688,936.2000122070312,903.7000122070312,908.7000122070312,2152
2008-02-04,903.7000122070312,912,892.5,904.9000244140625,1493
2008-02-05,905.0999755859375,905.2000122070312,884.7000122070312,885.9000244140625,476
2008-02-06,887.9000244140625,910,887.5,900.7000122070312,430
2008-02-07,900.5999755859375,909.2999877929688,896.4000244140625,906.0999755859375,463
2008-02-08,915.2999877929688,920,911.5,918.4000244140625,339
2008-02-11,920.7000122070312,926.9000244140625,917.5,922.9000244140625,181
2008-02-12,921,924.7999877929688,904.2000122070312,907.4000244140625,278
2008-02-13,903,909.4000244140625,897.2000122070312,906.5,89
2008-02-14,904,911,904,907.4000244140625,128
2008-02-15,910.0999755859375,913.5999755859375,898.7000122070312,902.7999877929688,128
2008-02-19,904.2999877929688,928.7999877929688,900.5,926.5999755859375,174
2008-02-20,926.5,945,919.5999755859375,934.5999755859375,73
2008-02-21,940.0999755859375,953.4000244140625,940.0999755859375,946.0999755859375,138
2008-02-22,944.9000244140625,948.5,942.5,944.7000122070312,79
2008-02-25,946.5,948.9000244140625,933,937.5999755859375,312
2008-02-26,931.2999877929688,949,931.2999877929688,946.0999755859375,224
2008-02-27,960,960,955,958.2000122070312,215
2008-02-28,957.4000244140625,972.0999755859375,954.4000244140625,964.5,238
2008-02-29,971.4000244140625,973.0999755859375,963.5,972.0999755859375,39
2008-03-03,984.2000122070312,986.9000244140625,979.7000122070312,981.5,26
2008-03-04,982.4000244140625,984.5,963.7999877929688,963.9000244140625,41
2008-03-05,965,992.7000122070312,963.9000244140625,986.2000122070312,45
2008-03-06,984.2999877929688,987.7000122070312,973.4000244140625,975,46
2008-03-07,982.7999877929688,984.9000244140625,972.4000244140625,972.2000122070312,96
2008-03-10,975.5,976.7999877929688,964.7000122070312,969.9000244140625,92
2008-03-11,975.7000122070312,976.7000122070312,971.5,974.2000122070312,12
2008-03-12,973.5999755859375,979.2999877929688,973.5,978.7999877929688,6
2008-03-13,983.7000122070312,998.5,983.7000122070312,992.2999877929688,10
2008-03-14,993.9000244140625,1004.5999755859375,993,998.2000122070312,27
2008-03-17,1005,1014.5999755859375,996.4000244140625,1001.4000244140625,82
2008-03-18,1003.5999755859375,1010,978.2000122070312,1003.2000122070312,30
2008-03-19,979.2999877929688,979.2999877929688,938.4000244140625,944.7000122070312,84
2008-03-20,939.9000244140625,943.2000122070312,917.7000122070312,919.5999755859375,34
2008-03-24,915.5,922,915.2000122070312,918.2999877929688,71
2008-03-25,931.5,933.9000244140625,927.2000122070312,934.5999755859375,102
2008-03-26,949.5999755859375,949.5999755859375,949.5999755859375,949,1
2008-03-27,947.4000244140625,951.7000122070312,945.7000122070312,948.7999877929688,145634
2008-03-28,947.5,951.0999755859375,921.7999877929688,930.5999755859375,64013
2008-03-31,931,940.0999755859375,912,916.2000122070312,5980
2008-04-01,915,919.7999877929688,871.7999877929688,882.9000244140625,3204
2008-04-02,884,906.5,881.2000122070312,895.2000122070312,2367
2008-04-03,901.2000122070312,907.5,889.5999755859375,905,984
2008-04-04,904.7000122070312,914.9000244140625,898.7999877929688,909,279
2008-04-07,915.2999877929688,927.2000122070312,912.2999877929688,922.7000122070312,2086
2008-04-08,924.2000122070312,925.2999877929688,909.2999877929688,914,405
2008-04-09,916,935.5,904.0999755859375,933.5999755859375,390
2008-04-10,931.2999877929688,939.2000122070312,922.4000244140625,928.2999877929688,409
2008-04-11,919.5999755859375,931.2000122070312,919.5999755859375,923.5999755859375,141
2008-04-14,917,929.4000244140625,915.5999755859375,925.4000244140625,153
2008-04-15,924.2999877929688,936,924.2999877929688,928.7000122070312,168
2008-04-16,927.2000122070312,948.7000122070312,927.2000122070312,945.0999755859375,161
2008-04-17,927.2000122070312,947.9000244140625,938.7000122070312,939.7999877929688,209
2008-04-18,936,936,907.2000122070312,912.2000122070312,145
2008-04-21,922.5,924.5999755859375,914.0999755859375,914.7000122070312,449
2008-04-22,920.5999755859375,922.7999877929688,916.2000122070312,922.2999877929688,625
2008-04-23,916.7999877929688,921.5,898.7999877929688,906.2000122070312,111
2008-04-24,902.4000244140625,904.7999877929688,885.0999755859375,886.7999877929688,80
2008-04-25,878.2000122070312,893.5999755859375,878.0999755859375,887.2000122070312,77
2008-04-28,887,893.7999877929688,887,892.9000244140625,339
2008-04-29,890.5999755859375,890.5999755859375,869.5999755859375,874.2000122070312,136
2008-04-30,868.7000122070312,875.2000122070312,863,862.7999877929688,88
2008-05-01,855,873.5,849.5999755859375,848.9000244140625,28
2008-05-02,853.2999877929688,857.7000122070312,853.2999877929688,856.0999755859375,6
2008-05-05,861.2000122070312,872.7999877929688,861.2000122070312,872.2999877929688,35
2008-05-06,872.2999877929688,881.4000244140625,872.2999877929688,876,47
2008-05-07,868,869.4000244140625,864.7999877929688,869.5999755859375,43
2008-05-08,871,883.2999877929688,867.0999755859375,880.5999755859375,71
2008-05-09,883.9000244140625,884.7000122070312,883.9000244140625,884.5,25
2008-05-12,879.2000122070312,886.5,879.2000122070312,883.7000122070312,56
2008-05-13,862.9000244140625,870.4000244140625,862.9000244140625,868.5,17
2008-05-14,862.7999877929688,868.5999755859375,862.7999877929688,865.4000244140625,41
2008-05-15,865.7999877929688,886.2999877929688,865.7999877929688,879,121
2008-05-16,892,904.2000122070312,892,899,85
2008-05-19,905,905,905,905,2
2008-05-20,919.5,919.5,919.5,919.5,2
2008-05-21,923.5,924,923.2000122070312,928,3
2008-05-22,917.5999755859375,917.5999755859375,917.5999755859375,917.9000244140625,1
2008-05-23,916.9000244140625,925.5999755859375,916,925.5999755859375,1
2008-05-26,929,924.8,929,923.2,108.72K
2008-05-27,912,912,906.5,907.7000122070312,25
2008-05-28,900.5,900.5,900.5,900.5,149889
2008-05-29,903,903.2000122070312,872.0999755859375,877.2000122070312,64624
2008-05-30,880.2000122070312,888.5,868.5999755859375,887.2999877929688,6671
2008-06-02,887.2999877929688,898,881.7999877929688,892.9000244140625,2132
2008-06-03,889.7999877929688,896.0999755859375,874.5999755859375,881.5999755859375,2079
2008-06-04,879.5,886.0999755859375,876,879.9000244140625,612
2008-06-05,876.0999755859375,878.7999877929688,865.4000244140625,871.7999877929688,340
2008-06-06,878.5,901,877.7000122070312,895.4000244140625,230
2008-06-09,900.7000122070312,908.9000244140625,890.5,894.7000122070312,1930
2008-06-10,886.5999755859375,886.5999755859375,866,867.9000244140625,457
2008-06-11,869.5,882,869.5,879.7000122070312,146
2008-06-12,873.5999755859375,873.5999755859375,858.2000122070312,869.2000122070312,135
2008-06-13,870.2999877929688,870.2999877929688,860.5,870.2999877929688,361
2008-06-16,872.5,893,871.2999877929688,883.5999755859375,70
2008-06-17,883.4000244140625,887,876.2999877929688,884.2999877929688,62
2008-06-18,888,891.9000244140625,885.0999755859375,890.9000244140625,135
2008-06-19,888.5999755859375,906.5,888.5999755859375,901.7000122070312,44
2008-06-20,903.7999877929688,907.2999877929688,901,901.2999877929688,21
2008-06-23,903.4000244140625,903.4000244140625,879.2000122070312,884.7999877929688,54
2008-06-24,889.5999755859375,891.2000122070312,885.5,889.2000122070312,64
2008-06-25,883.5999755859375,883.7999877929688,876.4000244140625,880,97
2008-06-26,909.5999755859375,912.5999755859375,909.5999755859375,913.0999755859375,182
2008-06-27,913.0999755859375,927.5999755859375,910.7000122070312,929.2999877929688,167
2008-06-30,927.7000122070312,933.7000122070312,922.2999877929688,926.2000122070312,144
2008-07-01,943.5999755859375,945.7999877929688,938,942.5,32
2008-07-02,938.7999877929688,944.7999877929688,933.0999755859375,944.7999877929688,58
2008-07-03,944.7999877929688,944.7999877929688,928,931.9000244140625,58
2008-07-04,935.7,935.9,938.3,930.8,128.42K
2008-07-07,931.4000244140625,931.4000244140625,915.4000244140625,927.2999877929688,141
2008-07-08,922.7999877929688,922.7999877929688,919.2000122070312,921.9000244140625,37
2008-07-09,919.7999877929688,928.2000122070312,919.7999877929688,927.2999877929688,31
2008-07-10,928.0999755859375,942.0999755859375,928.0999755859375,940.9000244140625,18
2008-07-11,948.2000122070312,965.7000122070312,948.2000122070312,959.5,58
2008-07-14,964.7000122070312,974.5999755859375,955,972.7000122070312,55
2008-07-15,983.5,986.2000122070312,976,977.7000122070312,12
2008-07-16,960,960,960,961.7999877929688,1
2008-07-17,957.2999877929688,976.2000122070312,957.2999877929688,970,37
2008-07-18,956.7999877929688,957,956.7999877929688,957.2999877929688,2
2008-07-21,964.5,964.5,963.5,963.0999755859375,2
2008-07-22,973,974.9000244140625,973,948,3
2008-07-23,935,935,924.2000122070312,922.4000244140625,203
2008-07-24,920.9000244140625,926.4000244140625,920.9000244140625,922,47
2008-07-25,928.4000244140625,929.2000122070312,921.2000122070312,926.5999755859375,35
2008-07-28,928.7999877929688,931.0999755859375,927,927.5999755859375,28
2008-07-29,916.2000122070312,917.7000122070312,916.2000122070312,916.4000244140625,147310
2008-07-30,917.9000244140625,919.0999755859375,893.2999877929688,902.9000244140625,93759
2008-07-31,906.9000244140625,925.5999755859375,906.0999755859375,913.9000244140625,8550
2008-08-01,904.9000244140625,916.0999755859375,902.0999755859375,909,1834
2008-08-04,912.7000122070312,915.2999877929688,894.4000244140625,900.0999755859375,2415
2008-08-05,895.4000244140625,895.4000244140625,873.2999877929688,878.5999755859375,790
2008-08-06,880.7000122070312,885.5999755859375,875,875.5999755859375,1330
2008-08-07,882.2000122070312,883.7999877929688,870.2999877929688,870.7000122070312,335
2008-08-08,868.7999877929688,869.5,851.0999755859375,857.7999877929688,303
2008-08-11,858.2999877929688,863.4000244140625,818,821.5,286
2008-08-12,826.4000244140625,826.4000244140625,803.5999755859375,808.2000122070312,99
2008-08-13,810.9000244140625,829.0999755859375,810.9000244140625,825,155
2008-08-14,831.4000244140625,831.9000244140625,805,808.2000122070312,67
2008-08-15,796.9000244140625,799.2000122070312,780.9000244140625,786,134
2008-08-18,792,801.7000122070312,792,799.7000122070312,22
2008-08-19,789.5999755859375,814.5,789.5999755859375,811.0999755859375,48
2008-08-20,814.9000244140625,814.9000244140625,804.7000122070312,810.2999877929688,87
2008-08-21,825.7999877929688,835.5999755859375,825.7999877929688,833,99
2008-08-22,832.2999877929688,836.5999755859375,823.0999755859375,827.4000244140625,21
2008-08-25,819.7999877929688,819.7999877929688,819.7999877929688,819.7999877929688,44
2008-08-26,826,826,826,822.2000122070312,142
2008-08-27,830.2999877929688,830.2999877929688,825.2999877929688,828.0999755859375,423
2008-08-28,828,842.5999755859375,824.5,830.9000244140625,503
2008-08-29,831.7000122070312,833,831.7000122070312,829.2999877929688,116
2008-09-02,829.9000244140625,840.7000122070312,790.7999877929688,805,185
2008-09-03,805.5999755859375,805.5999755859375,791.5999755859375,802.7000122070312,28
2008-09-04,801.4000244140625,809.0999755859375,794.9000244140625,797.9000244140625,76
2008-09-05,794.7000122070312,809,794,797.5999755859375,85
2008-09-08,811,813.2000122070312,796.4000244140625,797.5,88
2008-09-09,802,802,780,787.0999755859375,29
2008-09-10,776.5999755859375,781,752.7999877929688,757.9000244140625,56
2008-09-11,756.5999755859375,756.5999755859375,739,741.2999877929688,25
2008-09-12,750.5,756,750.5,760.2999877929688,12
2008-09-15,778.0999755859375,778.5999755859375,764,783.0999755859375,19
2008-09-16,777.7000122070312,777.7000122070312,777,776.5,2
2008-09-17,782.9000244140625,808,782.9000244140625,846.5999755859375,26
2008-09-18,869.9000244140625,910.9000244140625,836,892.7000122070312,59
2008-09-19,860.5999755859375,860.5999755859375,860.5999755859375,860.5999755859375,112
2008-09-22,888.7999877929688,908.0999755859375,888.7999877929688,903.9000244140625,20
2008-09-23,892.4000244140625,898.9000244140625,886,885.5,184
2008-09-24,879.5,891.2999877929688,879.5,889,185
2008-09-25,891.5,891.5,884.5,877.7000122070312,92
2008-09-26,884.2000122070312,890.2000122070312,884.2000122070312,882.9000244140625,13695
2008-09-29,871.2999877929688,919,866.4000244140625,888.2000122070312,2943
2008-09-30,904.7999877929688,912.5,855,874.2000122070312,879
2008-10-01,878,889.0999755859375,869.2000122070312,880.7000122070312,304
2008-10-02,870.4000244140625,870.4000244140625,829.2999877929688,839,462
2008-10-03,832.5,844.2999877929688,823,828.9000244140625,228
2008-10-06,828.7999877929688,868.7999877929688,826,862.7000122070312,510
2008-10-07,862.0999755859375,883,858.2000122070312,878.4000244140625,41
2008-10-08,879.7000122070312,915.5,877.7000122070312,903.0999755859375,310
2008-10-09,902.7000122070312,919.7000122070312,883,883.0999755859375,76
2008-10-10,925.7000122070312,925.7000122070312,843,855.4000244140625,104
2008-10-13,861.0999755859375,861.0999755859375,830.2999877929688,838.9000244140625,186
2008-10-14,848.0999755859375,848.0999755859375,833.5,836.2999877929688,48
2008-10-15,839.5,848.7000122070312,831.5999755859375,835.5,120
2008-10-16,846,846,790,801.5,34
2008-10-17,798,807,773.7999877929688,785.0999755859375,55
2008-10-20,803.7999877929688,803.7999877929688,787.5,787.5999755859375,19
2008-10-21,793.7000122070312,793.7000122070312,767.7000122070312,766.0999755859375,83
2008-10-22,771.7000122070312,771.7000122070312,721,733.2999877929688,244
2008-10-23,705,719.7999877929688,705,713.2999877929688,37
2008-10-24,715.2999877929688,734.2000122070312,681,729.0999755859375,99
2008-10-27,742.7999877929688,744.5,712,741.7000122070312,268
2008-10-28,731,748.7999877929688,730.5999755859375,739.2999877929688,6
2008-10-29,750.7999877929688,750.7999877929688,750.7999877929688,752.7999877929688,90
2008-10-30,760.5,774,739.0999755859375,737.2000122070312,24
2008-10-31,731.4000244140625,736,718.4000244140625,716.7999877929688,17
2008-11-03,728.7999877929688,731.5,728.7000122070312,725.4000244140625,16
2008-11-04,726,760,726,756,30
2008-11-05,757.4000244140625,757.4000244140625,739,741.2999877929688,22
2008-11-06,743.4000244140625,759,731.9000244140625,731.2000122070312,30
2008-11-07,731.5,743,727.2000122070312,733.2000122070312,17
2008-11-10,749,753.5999755859375,747.9000244140625,745.5999755859375,42
2008-11-11,734.2000122070312,735.5999755859375,729.7999877929688,732,39
2008-11-12,730.4000244140625,734.7000122070312,722.5,717.7000122070312,71
2008-11-13,714.2999877929688,715.5,707,704.9000244140625,922
2008-11-14,726.5,747.0999755859375,726.5,742.4000244140625,9
2008-11-17,741.9000244140625,741.9000244140625,741.9000244140625,741.9000244140625,9
2008-11-18,738,744.9000244140625,734,732.5999755859375,13
2008-11-19,736,758.7999877929688,735,735.9000244140625,55
2008-11-20,740.5,750,739.5,748.5999755859375,62
2008-11-21,771.2999877929688,784.0999755859375,771.2000122070312,791.7000122070312,20
2008-11-24,819.9000244140625,824,819.9000244140625,819.4000244140625,3
2008-11-25,818.4000244140625,818.4000244140625,818.4000244140625,818.4000244140625,158862
2008-11-26,819.0999755859375,822,806.7999877929688,808.5,158862
2008-11-28,811.0999755859375,819,808.2000122070312,816.2000122070312,6325
2008-12-01,817.2000122070312,817.2999877929688,766,774.5999755859375,2791
2008-12-02,765.2999877929688,786,759.7000122070312,781.2999877929688,1393
2008-12-03,780,781.9000244140625,762.9000244140625,768.7999877929688,439
2008-12-04,770,780.4000244140625,761.7000122070312,763.7999877929688,606
2008-12-05,764.5,769.5999755859375,740,750.5,888
2008-12-08,755,780.2000122070312,754.2000122070312,767.4000244140625,573
2008-12-09,775,776.5,762.2999877929688,772.4000244140625,101
2008-12-10,784.0999755859375,811,783.0999755859375,807.0999755859375,235
2008-12-11,803.4000244140625,832.0999755859375,801,824.9000244140625,260
2008-12-12,821.5,827,813.7999877929688,818.9000244140625,182
2008-12-15,828,842,824,835.4000244140625,470
2008-12-16,839,859,831.5999755859375,841.7000122070312,73
2008-12-17,854.4000244140625,880.7999877929688,849.2999877929688,867.5,122
2008-12-18,862.4000244140625,873,852,859.5999755859375,242
2008-12-19,846.5999755859375,852.0999755859375,833.2999877929688,836.4000244140625,106
2008-12-22,848.5,851,844,846.2000122070312,235
2008-12-23,848,848,835,837.2000122070312,176
2008-12-24,838.9000244140625,848.9000244140625,838.5,847.0999755859375,19
2008-12-26,847,872.4000244140625,845.7999877929688,870.4000244140625,88
2008-12-29,882.9000244140625,882.9000244140625,875,874.5999755859375,426
2008-12-30,878.0999755859375,878.0999755859375,866.5,869.2999877929688,139
2008-12-31,860,883.5999755859375,858.4000244140625,883.5999755859375,35
2009-01-02,881.5,881.5,868.9000244140625,878.7999877929688,46
2009-01-05,882,883.5,847,857.2000122070312,35
2009-01-06,855.0999755859375,867.5999755859375,840,865.4000244140625,113
2009-01-07,862,867,837.7000122070312,841.0999755859375,101
2009-01-08,837.9000244140625,861,837.9000244140625,853.9000244140625,255
2009-01-09,855.9000244140625,862.0999755859375,855.9000244140625,854.2999877929688,123
2009-01-12,844.4000244140625,844.4000244140625,815.4000244140625,820.2999877929688,72
2009-01-13,825.5999755859375,825.5999755859375,815.7000122070312,820.0999755859375,20
2009-01-14,825.9000244140625,827.0999755859375,814,808.2000122070312,5
2009-01-15,805.5999755859375,808.7999877929688,805.5999755859375,806.7000122070312,16
2009-01-16,834,842.5,834,839.2999877929688,64
2009-01-19,855.2,844.1,866.6,823.6,169.40K
2009-01-20,838.7000122070312,862.7000122070312,824,854.5999755859375,20
2009-01-21,850.5,852.5999755859375,843.7999877929688,849.5999755859375,37
2009-01-22,856.7999877929688,860.9000244140625,846.2000122070312,858.2000122070312,57
2009-01-23,875,899.0999755859375,875,895.2999877929688,52
2009-01-26,907.2999877929688,911.5999755859375,901.2000122070312,908.5,18
2009-01-27,902.7999877929688,903,895.2000122070312,899.2000122070312,48
2009-01-28,886.0999755859375,894.5999755859375,883.7000122070312,888.0999755859375,137271
2009-01-29,888.0999755859375,909.7000122070312,874.2000122070312,905.0999755859375,66607
2009-01-30,909.7999877929688,930.2999877929688,902,927.2999877929688,10460
2009-02-02,924.2999877929688,928.7999877929688,902.2000122070312,906.7000122070312,3220
2009-02-03,903.2000122070312,913.2999877929688,889.7999877929688,892,1451
2009-02-04,900.0999755859375,909.2000122070312,897,901.5999755859375,465
2009-02-05,906.2999877929688,924.4000244140625,904.4000244140625,913.5999755859375,770
2009-02-06,914.5,918.5,909.5,913.9000244140625,334
2009-02-09,910,911,891.7999877929688,892.4000244140625,984
2009-02-10,898,917.5,892,913.7000122070312,252
2009-02-11,913.7000122070312,947.2000122070312,912.2000122070312,943.7999877929688,892
2009-02-12,938.7999877929688,952.7999877929688,936.4000244140625,948.5,335
2009-02-13,947.2999877929688,947.2999877929688,934.2000122070312,941.5,137
2009-02-16,967.5,942.8,975.4,937.3,137.89K
2009-02-17,939.5,973.7999877929688,937.2999877929688,967,1639
2009-02-18,968.4000244140625,988,962.2000122070312,977.7000122070312,422
2009-02-19,982.7000122070312,986.2000122070312,972,976.0999755859375,202
2009-02-20,974,1004.9000244140625,971.5999755859375,1001.7999877929688,219
2009-02-23,995.5999755859375,996.5,980,994.5999755859375,215
2009-02-24,988,991.5999755859375,963.2000122070312,969.0999755859375,243
2009-02-25,963.2999877929688,977.5,953.0999755859375,965.7000122070312,1019
2009-02-26,953,956,933,941.7999877929688,687
2009-02-27,943.4000244140625,963.2000122070312,928.0999755859375,941.5,730
2009-03-02,945,963.2000122070312,924.5,939,474
2009-03-03,927,931.7999877929688,906.4000244140625,912.9000244140625,362
2009-03-04,914.9000244140625,923.2000122070312,900.0999755859375,906,155
2009-03-05,912,932.5999755859375,908.9000244140625,927,141
2009-03-06,933.5,944.5,931.7999877929688,942.0999755859375,308
2009-03-09,940.5,940.5,914.5,917.7000122070312,838
2009-03-10,921.5999755859375,921.7999877929688,892.0999755859375,895.5999755859375,120
2009-03-11,894.7000122070312,912.4000244140625,894.0999755859375,910.4000244140625,221
2009-03-12,909.2000122070312,927.5,908,923.7000122070312,118
2009-03-13,924.4000244140625,937,924.4000244140625,929.7999877929688,69
2009-03-16,926.4000244140625,929.5999755859375,916.7000122070312,921.5999755859375,139
2009-03-17,923.2000122070312,924.4000244140625,912.4000244140625,916.4000244140625,48
2009-03-18,915.4000244140625,944,885,888.7000122070312,120
2009-03-19,938,960.7999877929688,933.7999877929688,958.2999877929688,360
2009-03-20,960.5999755859375,960.5999755859375,954,955.7999877929688,23
2009-03-23,950.7000122070312,952.5999755859375,937.9000244140625,952.0999755859375,30
2009-03-24,923.2999877929688,923.2999877929688,923.2999877929688,923.2999877929688,1494
2009-03-25,921.2000122070312,936.5,920.7999877929688,935.4000244140625,97
2009-03-26,939.5999755859375,943,937.5999755859375,939.5999755859375,66
2009-03-27,923,923,923,923,106869
2009-03-30,924.5999755859375,932.5,908.5999755859375,915.5,58837
2009-03-31,918,924.5,911.5999755859375,922.5999755859375,7403
2009-04-01,918.5999755859375,932.5,916.9000244140625,926.0999755859375,3659
2009-04-02,926.9000244140625,930.2999877929688,894.9000244140625,907.4000244140625,3389
2009-04-03,904.5999755859375,910.2999877929688,891.2999877929688,895.5999755859375,1616
2009-04-06,895,895,865.0999755859375,871.5,1078
2009-04-07,872.2000122070312,884.7000122070312,872.2000122070312,882.2000122070312,395
2009-04-08,884,889.0999755859375,879,884.7999877929688,119
2009-04-09,882.4000244140625,886.0999755859375,874.7000122070312,882.2000122070312,360
2009-04-13,882.5,899.4000244140625,882.5,894.7000122070312,418
2009-04-14,896.0999755859375,897.7999877929688,887.4000244140625,890.9000244140625,362
2009-04-15,890,895.2999877929688,888.9000244140625,892.7999877929688,665
2009-04-16,890.9000244140625,893.4000244140625,872.7999877929688,879.2999877929688,632
2009-04-17,874,875.7000122070312,865,867.4000244140625,212
2009-04-20,868.7999877929688,889,866.0999755859375,887,655
2009-04-21,886.9000244140625,895.0999755859375,880.7000122070312,882.0999755859375,230
2009-04-22,883.0999755859375,893,883,891.7999877929688,330
2009-04-23,893.5999755859375,909,892.5999755859375,905.9000244140625,234
2009-04-24,911.2000122070312,913.5999755859375,906.7000122070312,913.5999755859375,438
2009-04-27,918,918,906.2999877929688,907.4000244140625,1179
2009-04-28,899.7000122070312,899.7000122070312,890.0999755859375,892.7999877929688,308
2009-04-29,890.0999755859375,902.5,887.7999877929688,899.7999877929688,809
2009-04-30,898.2000122070312,898.9000244140625,881.2999877929688,890.7000122070312,212
2009-05-01,884,889.2000122070312,881.5,887.5999755859375,506
2009-05-04,885.7999877929688,907.5,885.7999877929688,901.5999755859375,83
2009-05-05,903.5,912.2999877929688,902,903.7000122070312,69
2009-05-06,901.2999877929688,911.0999755859375,901.2999877929688,910.5,30
2009-05-07,922.4000244140625,924,910.4000244140625,915,64
2009-05-08,910.0999755859375,915.2999877929688,910.0999755859375,914.4000244140625,156
2009-05-11,913.0999755859375,914.4000244140625,913.0999755859375,913,2
2009-05-12,918.5,923.5,916.0999755859375,923.5,24
2009-05-13,922,929.7000122070312,921.2000122070312,925.5,71
2009-05-14,922.5999755859375,922.5999755859375,922.5999755859375,928,1
2009-05-15,925.2000122070312,931.5999755859375,925.2000122070312,930.9000244140625,45
2009-05-18,929.5999755859375,932.9000244140625,918.7000122070312,921.2999877929688,71
2009-05-19,926.2999877929688,926.2999877929688,926.2999877929688,926.2999877929688,71
2009-05-20,933,940.5,931,937,67
2009-05-21,939.0999755859375,943.9000244140625,937.4000244140625,950.7999877929688,71
2009-05-22,956.9000244140625,958.7000122070312,956.9000244140625,958.5,12
2009-05-25,953.3,957.6,960.1,936.6,166.71K
2009-05-26,953,953.5,944,953.0999755859375,20
2009-05-27,947.2000122070312,956,947.2000122070312,953.2000122070312,151332
2009-05-28,948.5999755859375,964.9000244140625,944,961.5,74257
2009-05-29,959.2000122070312,980.4000244140625,959,978.7999877929688,7607
2009-06-01,978.7999877929688,988.0999755859375,973,978.5999755859375,2883
2009-06-02,974.7000122070312,986.5,969.7999877929688,983.2000122070312,2345
2009-06-03,981.7000122070312,990.2999877929688,961,964.5,1187
2009-06-04,963.5999755859375,982,960.9000244140625,981.2000122070312,600
2009-06-05,981.4000244140625,983,954,961.7000122070312,714
2009-06-08,958,960.0999755859375,944.4000244140625,951.7000122070312,580
2009-06-09,953.5,963.7000122070312,948.4000244140625,954,684
2009-06-10,956,966,949.2000122070312,954,698
2009-06-11,954.2999877929688,961.9000244140625,943.0999755859375,961.2999877929688,583
2009-06-12,955.9000244140625,956.5,935.7999877929688,940.0999755859375,166
2009-06-15,938.5,938.5,926.9000244140625,926.9000244140625,258
2009-06-16,930.9000244140625,938.5999755859375,930.9000244140625,931.5999755859375,149
2009-06-17,931.5,937.7999877929688,930.4000244140625,935.4000244140625,29
2009-06-18,942,942,931,934,91
2009-06-19,932,936.5,932,935.5999755859375,73
2009-06-22,925,926.2000122070312,919,920.5999755859375,134
2009-06-23,921.9000244140625,926.5,917.2999877929688,923.9000244140625,181
2009-06-24,925.4000244140625,942.7000122070312,922.9000244140625,934.0999755859375,588
2009-06-25,932.2999877929688,939.0999755859375,932.2999877929688,939.0999755859375,72
2009-06-26,945.2999877929688,946,939.5999755859375,940.7000122070312,185
2009-06-29,940.2000122070312,942.5,934.7999877929688,940.4000244140625,445
2009-06-30,941.4000244140625,943.9000244140625,925.2999877929688,927.0999755859375,128
2009-07-01,929.2999877929688,944.2000122070312,928,941,88
2009-07-02,941.4000244140625,941.5,926.5999755859375,930.7000122070312,67
2009-07-03,924.3,932,932.4,920.3,79.79K
2009-07-06,933.5,933.5,920.2000122070312,924,108
2009-07-07,924.2000122070312,931.7000122070312,921.2000122070312,928.7999877929688,57
2009-07-08,919.5999755859375,919.5999755859375,905.5999755859375,909,41
2009-07-09,907.2000122070312,917.4000244140625,907.2000122070312,915.9000244140625,74
2009-07-10,910.7000122070312,913.5,908.5,912.2000122070312,40
2009-07-13,911.5,922.2000122070312,908.4000244140625,922.2000122070312,30
2009-07-14,920.2000122070312,926.2000122070312,920.2000122070312,922.5,64
2009-07-15,928.9000244140625,941,928.2999877929688,939.0999755859375,67
2009-07-16,938.4000244140625,938.4000244140625,934.7999877929688,935.0999755859375,63
2009-07-17,936.9000244140625,937.7999877929688,931.7999877929688,937.2000122070312,34
2009-07-20,954.0999755859375,954.5,950.9000244140625,948.5,5
2009-07-21,948.5999755859375,948.5999755859375,945.7999877929688,946.5999755859375,15
2009-07-22,949.2000122070312,953,946.4000244140625,953,71
2009-07-23,954.2000122070312,954.2000122070312,949.7999877929688,954.5,47
2009-07-24,950.2999877929688,952.7999877929688,950.2999877929688,952.7999877929688,77
2009-07-27,955.0999755859375,957.0999755859375,953.2999877929688,953.2999877929688,5
2009-07-28,949.5,949.5,937.5,939,10
2009-07-29,927.2000122070312,927.2000122070312,927.2000122070312,927.2000122070312,129090
2009-07-30,929.2000122070312,937,928.4000244140625,934.9000244140625,36620
2009-07-31,934.4000244140625,958.0999755859375,932,953.7000122070312,10747
2009-08-03,952.5999755859375,964,952.4000244140625,956.5999755859375,2602
2009-08-04,956.5999755859375,969.5,950.7999877929688,967.5,565
2009-08-05,967.5999755859375,968.0999755859375,959.7999877929688,964.2000122070312,742
2009-08-06,964.0999755859375,971.0999755859375,956.5,960.7000122070312,543
2009-08-07,964.2999877929688,964.2999877929688,954.5999755859375,957.2999877929688,641
2009-08-10,955,956.0999755859375,943.5,945,395
2009-08-11,947.2000122070312,949.7000122070312,943.0999755859375,945.7999877929688,106
2009-08-12,947.5,951.5,943,950.7000122070312,102
2009-08-13,952.5999755859375,960.0999755859375,952.2999877929688,954.7000122070312,104
2009-08-14,957.4000244140625,957.4000244140625,942.0999755859375,947,141
2009-08-17,947.4000244140625,947.4000244140625,931.5,934.2999877929688,128
2009-08-18,938.5999755859375,938.5999755859375,935.5,937.7000122070312,276
2009-08-19,941.7999877929688,944.9000244140625,933.4000244140625,943.2999877929688,194
2009-08-20,942.9000244140625,945.7000122070312,940.0999755859375,940.2999877929688,35
2009-08-21,957,957.5999755859375,952.5999755859375,953.2000122070312,53
2009-08-24,953.5,957,941.2999877929688,942.2999877929688,198
2009-08-25,946.2999877929688,954.5,943.5,944.5,143
2009-08-26,947.5,948.2000122070312,940.2999877929688,944.2999877929688,128
2009-08-27,944.2000122070312,949.4000244140625,942.9000244140625,945.5,193
2009-08-28,949.2999877929688,962.2000122070312,948.0999755859375,957,182
2009-08-31,959.5,959.5,944.7999877929688,951.7000122070312,21
2009-09-01,954.2000122070312,956.5,948.7000122070312,954.7000122070312,17
2009-09-02,954,978.7999877929688,954,976.5999755859375,65
2009-09-03,978.0999755859375,995.7999877929688,978.0999755859375,995.7999877929688,55
2009-09-04,992.5999755859375,995,985.5,994.9000244140625,75
2009-09-07,999.8,996.9,"1,009.70",992.6,165.00K
2009-09-08,993.5,1006.9000244140625,993.2000122070312,997.9000244140625,90
2009-09-09,1002,1002.7999877929688,988.7999877929688,995.2999877929688,84
2009-09-10,996.2000122070312,997.2000122070312,987.2999877929688,995.4000244140625,51
2009-09-11,999.7000122070312,1011.9000244140625,999.7000122070312,1004.9000244140625,198
2009-09-14,1002.9000244140625,1003.7999877929688,998.5,999.9000244140625,91
2009-09-15,998,1008,994.9000244140625,1005,118
2009-09-16,1014.7000122070312,1019.7999877929688,1014.7000122070312,1018.9000244140625,92
2009-09-17,1017.2000122070312,1019.5,1011.5999755859375,1012.2999877929688,48
2009-09-18,1013.9000244140625,1017.5999755859375,1009.2000122070312,1009.2000122070312,26
2009-09-21,1003.7000122070312,1003.7000122070312,998,1003.7000122070312,26
2009-09-22,1011.5,1019.4000244140625,1011.5,1014.2000122070312,67
2009-09-23,1014.4000244140625,1015.2000122070312,1008.2000122070312,1013,212
2009-09-24,1015,1015,993.9000244140625,997.5,123
2009-09-25,997.2999877929688,997.4000244140625,986.7000122070312,990.2000122070312,70
2009-09-28,993.2000122070312,993.2000122070312,991.4000244140625,992.5,6999
2009-09-29,990.5,995.7000122070312,984.7000122070312,993.0999755859375,5742
2009-09-30,992.5,1009,992.5,1008,1393
2009-10-01,1007.4000244140625,1008.7999877929688,998,999.5,213
2009-10-02,998.7999877929688,1007.2999877929688,986.7999877929688,1003.2000122070312,247
2009-10-05,1004.0999755859375,1017.5999755859375,1003,1016.7000122070312,180
2009-10-06,1019.5,1043.800048828125,1018.2999877929688,1038.5999755859375,180
2009-10-07,1038.300048828125,1048.199951171875,1038.300048828125,1043.300048828125,180
2009-10-08,1045.800048828125,1060.4000244140625,1045.0999755859375,1055.4000244140625,160
2009-10-09,1049.300048828125,1051.5,1044,1047.800048828125,175
2009-10-12,1049,1058.4000244140625,1049,1056.699951171875,209
2009-10-13,1064,1068.4000244140625,1056.5,1064.199951171875,183
2009-10-14,1064,1070.199951171875,1057.5999755859375,1063.9000244140625,140
2009-10-15,1062.199951171875,1062.199951171875,1048,1049.800048828125,179
2009-10-16,1051.5,1056.199951171875,1043.699951171875,1050.699951171875,76
2009-10-19,1053.5999755859375,1061.199951171875,1049.199951171875,1057.300048828125,157
2009-10-20,1065.5,1066.199951171875,1054,1057.800048828125,231
2009-10-21,1053.699951171875,1064,1047.5,1063.699951171875,35
2009-10-22,1061.199951171875,1061.199951171875,1051.5,1057.800048828125,173
2009-10-23,1063.800048828125,1065.9000244140625,1050.199951171875,1055.5999755859375,116
2009-10-26,1055.5999755859375,1055.5999755859375,1039.9000244140625,1042.0999755859375,76
2009-10-27,1039.5,1042.0999755859375,1034.699951171875,1034.699951171875,100
2009-10-28,1042.0999755859375,1042.0999755859375,1028,1029.9000244140625,307
2009-10-29,1035.199951171875,1047.300048828125,1032.4000244140625,1046.4000244140625,234
2009-10-30,1045.5,1045.800048828125,1035.5999755859375,1039.699951171875,148
2009-11-02,1053.4000244140625,1061.800048828125,1043.5,1053.4000244140625,41
2009-11-03,1084.300048828125,1087,1056.800048828125,1084.300048828125,196
2009-11-04,1086.699951171875,1097.4000244140625,1082.199951171875,1086.699951171875,114
2009-11-05,1088.699951171875,1092.300048828125,1086,1088.699951171875,63
2009-11-06,1095.0999755859375,1100,1090.199951171875,1095.0999755859375,102
2009-11-09,1098.5999755859375,1109.300048828125,1098.5999755859375,1100.800048828125,102
2009-11-10,1100.9000244140625,1108.5999755859375,1098.199951171875,1101.9000244140625,92
2009-11-11,1114,1117.5999755859375,1106.300048828125,1114,104
2009-11-12,1106,1121.300048828125,1104.300048828125,1106,68
2009-11-13,1116.0999755859375,1118.199951171875,1105,1116.0999755859375,56
2009-11-16,1138.5999755859375,1140.5,1127.199951171875,1138.5999755859375,64
2009-11-17,1138.800048828125,1140.4000244140625,1131.300048828125,1138.800048828125,67
2009-11-18,1140.699951171875,1149.4000244140625,1136.5,1140.699951171875,77
2009-11-19,1141.4000244140625,1144.800048828125,1135.5,1141.4000244140625,20
2009-11-20,1146.4000244140625,1147.9000244140625,1137.300048828125,1146.4000244140625,18
2009-11-23,1164.300048828125,1163,1164.300048828125,1164.300048828125,3
2009-11-24,1165.5,1169.800048828125,1167.5,1165.5,26
2009-11-25,1186.9000244140625,1186.9000244140625,1186.9000244140625,1186.9000244140625,205513
2009-11-26,"1,175.50","1,194.60","1,196.80","1,135.80",275.93K
2009-11-27,1190.800048828125,1195,1130.0999755859375,1174.199951171875,112015
2009-11-30,1179.9000244140625,1183.699951171875,1163.699951171875,1181.0999755859375,14549
2009-12-01,1181,1202.699951171875,1176,1199.0999755859375,3787
2009-12-02,1196.4000244140625,1217.300048828125,1196.300048828125,1212,2145
2009-12-03,1218,1226.4000244140625,1204.5999755859375,1217.4000244140625,1530
2009-12-04,1207.800048828125,1211.199951171875,1147,1168.800048828125,4288
2009-12-07,1157.5999755859375,1165.5,1136.300048828125,1163.4000244140625,3669
2009-12-08,1159.5,1169.300048828125,1125.300048828125,1142.800048828125,784
2009-12-09,1130.300048828125,1147,1116.5,1120.4000244140625,2256
2009-12-10,1125.699951171875,1134.800048828125,1122.199951171875,1125.699951171875,344
2009-12-11,1132.699951171875,1141.4000244140625,1110.800048828125,1119.4000244140625,912
2009-12-14,1123.300048828125,1127.5,1114.5,1123.300048828125,230
2009-12-15,1127.9000244140625,1128.5999755859375,1111.9000244140625,1122.4000244140625,242
2009-12-16,1125.699951171875,1140,1122.4000244140625,1135.5,205
2009-12-17,1141.5,1141.5,1095.699951171875,1106.800048828125,422
2009-12-18,1110.800048828125,1115.199951171875,1097.800048828125,1110.800048828125,404
2009-12-21,1095.4000244140625,1119.199951171875,1090.800048828125,1095.4000244140625,248
2009-12-22,1095.300048828125,1097.4000244140625,1075,1086,480
2009-12-23,1093.300048828125,1094.5999755859375,1080,1093.300048828125,168
2009-12-24,1092,1105.300048828125,1092,1104.0999755859375,127
2009-12-28,1107.199951171875,1111.9000244140625,1102.800048828125,1107.199951171875,350
2009-12-29,1097,1105.199951171875,1097,1097,1038
2009-12-30,1091.5,1097.0999755859375,1086,1091.5,399
2009-12-31,1095.199951171875,1106.0999755859375,1094,1095.199951171875,149
2010-01-04,1117.699951171875,1122.300048828125,1097.0999755859375,1117.699951171875,184
2010-01-05,1118.0999755859375,1126.5,1115,1118.0999755859375,53
2010-01-06,1135.9000244140625,1139.199951171875,1120.699951171875,1135.9000244140625,363
2010-01-07,1133.0999755859375,1133.0999755859375,1129.199951171875,1133.0999755859375,56
2010-01-08,1138.199951171875,1138.199951171875,1122.699951171875,1138.199951171875,54
2010-01-11,1150.699951171875,1161.199951171875,1143,1150.699951171875,177
2010-01-12,1128.9000244140625,1157.199951171875,1127.199951171875,1128.9000244140625,51
2010-01-13,1136.4000244140625,1136.4000244140625,1121,1136.4000244140625,58
2010-01-14,1137,1145.9000244140625,1132.800048828125,1142.5999755859375,81
2010-01-15,1132.800048828125,1133.4000244140625,1127.199951171875,1130.0999755859375,50
2010-01-18,"1,140.00","1,130.70","1,140.70","1,127.50",188.03K
2010-01-19,1139.699951171875,1139.699951171875,1130.5,1139.699951171875,22
2010-01-20,1123.300048828125,1133,1109.800048828125,1112.300048828125,28
2010-01-21,1102.699951171875,1107.5,1090.199951171875,1102.699951171875,99
2010-01-22,1089.199951171875,1095.4000244140625,1083,1089.199951171875,58
2010-01-25,1095.199951171875,1095.199951171875,1095.199951171875,1095.199951171875,8
2010-01-26,1097.9000244140625,1097.9000244140625,1097.9000244140625,1097.9000244140625,4
2010-01-27,1084.4000244140625,1084.4000244140625,1084.4000244140625,1084.4000244140625,206694
2010-01-28,1087.800048828125,1095.699951171875,1073.199951171875,1083.5999755859375,101168
2010-01-29,1085,1090.800048828125,1074.5,1083,11456
2010-02-01,1081,1107.300048828125,1076.800048828125,1104.300048828125,2452
2010-02-02,1117.4000244140625,1118.5,1100.199951171875,1117.4000244140625,3326
2010-02-03,1115.800048828125,1124.9000244140625,1108.5999755859375,1111.4000244140625,853
2010-02-04,1110,1110.699951171875,1059,1062.4000244140625,1426
2010-02-05,1052.199951171875,1068.5,1045.199951171875,1052.199951171875,1956
2010-02-08,1065.699951171875,1073.4000244140625,1061.5999755859375,1065.699951171875,549
2010-02-09,1076.699951171875,1082,1063.0999755859375,1076.699951171875,387
2010-02-10,1075.800048828125,1081.0999755859375,1063.300048828125,1075.800048828125,640
2010-02-11,1076.800048828125,1097.0999755859375,1075.5999755859375,1094.199951171875,1491
2010-02-12,1089.5,1092,1079.800048828125,1089.5,197
2010-02-15,"1,119.80","1,093.70","1,121.90","1,092.00",179.06K
2010-02-16,1119.300048828125,1120.4000244140625,1092.4000244140625,1119.300048828125,928
2010-02-17,1119.5,1127,1108.5,1119.5,1083
2010-02-18,1118,1123.699951171875,1100.800048828125,1118,989
2010-02-19,1121.300048828125,1126.199951171875,1099.699951171875,1121.300048828125,137
2010-02-22,1112.5999755859375,1127.4000244140625,1110,1112.5999755859375,124
2010-02-23,1116.4000244140625,1118.300048828125,1102.5999755859375,1102.699951171875,152
2010-02-24,1096.5,1096.5,1096.5,1096.5,751
2010-02-25,1107.800048828125,1108.199951171875,1088.699951171875,1107.800048828125,386
2010-02-26,1106.800048828125,1118.300048828125,1106.800048828125,1118.300048828125,382
2010-03-01,1119.300048828125,1121.9000244140625,1113.5999755859375,1117.800048828125,184
2010-03-02,1136.9000244140625,1137.4000244140625,1115.699951171875,1136.9000244140625,155
2010-03-03,1142.699951171875,1145,1133.699951171875,1142.699951171875,170
2010-03-04,1132.5999755859375,1139,1128.5999755859375,1132.5999755859375,118
2010-03-05,1134.800048828125,1134.800048828125,1134.800048828125,1134.800048828125,129
2010-03-08,1123.5999755859375,1123.5999755859375,1123.5999755859375,1123.5999755859375,17
2010-03-09,1122,1124,1113.0999755859375,1122,27
2010-03-10,1107.800048828125,1127.0999755859375,1106.9000244140625,1107.800048828125,21
2010-03-11,1108,1108,1108,1108,46
2010-03-12,1101.5,1117.4000244140625,1099.9000244140625,1101.5,135
2010-03-15,1105.0999755859375,1107.0999755859375,1101.4000244140625,1105.0999755859375,21
2010-03-16,1122.199951171875,1127,1114.5,1122.199951171875,66
2010-03-17,1124,1131.4000244140625,1118,1124,29
2010-03-18,1127.4000244140625,1127.800048828125,1121.0999755859375,1127.4000244140625,86
2010-03-19,1107.4000244140625,1107.4000244140625,1107.4000244140625,1107.4000244140625,54
2010-03-22,1099.300048828125,1099.300048828125,1099.300048828125,1099.300048828125,71
2010-03-23,1103.5,1103.5,1103.5,1103.5,16
2010-03-24,1088.5999755859375,1092.4000244140625,1085.5,1088.5999755859375,9
2010-03-25,1092.699951171875,1092.699951171875,1086.699951171875,1092.699951171875,8
2010-03-26,1104.199951171875,1104.199951171875,1104.199951171875,1104.199951171875,5
2010-03-29,1110.300048828125,1110.300048828125,1110.300048828125,1110.300048828125,158733
2010-03-30,1109.699951171875,1112.9000244140625,1101.0999755859375,1104.5,56533
2010-03-31,1103.0999755859375,1118.699951171875,1102,1113.300048828125,5950
2010-04-01,1125.0999755859375,1127.699951171875,1111.300048828125,1125.0999755859375,2696
2010-04-05,1122.300048828125,1133.300048828125,1119.9000244140625,1132.9000244140625,567
2010-04-06,1130.800048828125,1138.5,1122.699951171875,1135.0999755859375,2490
2010-04-07,1152.300048828125,1153,1132.5999755859375,1152.300048828125,1342
2010-04-08,1152.199951171875,1152.300048828125,1144,1152.199951171875,254
2010-04-09,1161.0999755859375,1164.800048828125,1150.5,1161.0999755859375,505
2010-04-12,1161.5999755859375,1169,1154.5999755859375,1161.5999755859375,483
2010-04-13,1152.800048828125,1157,1145,1152.800048828125,278
2010-04-14,1159,1160.5999755859375,1151.199951171875,1159,162
2010-04-15,1157.5,1159.800048828125,1151,1159.699951171875,179
2010-04-16,1136.300048828125,1160,1130.4000244140625,1136.300048828125,483
2010-04-19,1135.199951171875,1137.0999755859375,1124,1135.199951171875,145
2010-04-20,1138.5999755859375,1145.800048828125,1136,1138.5999755859375,80
2010-04-21,1148.199951171875,1150,1138.4000244140625,1148.199951171875,68
2010-04-22,1142.300048828125,1144,1133.5999755859375,1142.300048828125,213
2010-04-23,1153.0999755859375,1153.0999755859375,1153.0999755859375,1153.0999755859375,40
2010-04-26,1160.0999755859375,1160.0999755859375,1151.4000244140625,1153.5,108
2010-04-27,1152.800048828125,1170.699951171875,1148.5999755859375,1161.699951171875,213
2010-04-28,1171.300048828125,1171.300048828125,1171.300048828125,1171.300048828125,299
2010-04-29,1168.4000244140625,1171.199951171875,1164,1168.4000244140625,166
2010-04-30,1180.0999755859375,1181.300048828125,1170,1180.0999755859375,146
2010-05-03,1178.5999755859375,1187.5,1177.300048828125,1182.699951171875,90
2010-05-04,1168.5999755859375,1191.800048828125,1168.300048828125,1168.5999755859375,94
2010-05-05,1174.5999755859375,1177.199951171875,1159.199951171875,1174.5999755859375,98
2010-05-06,1196.9000244140625,1210.5999755859375,1175.9000244140625,1196.9000244140625,79
2010-05-07,1210,1210.800048828125,1194.5999755859375,1210,112
2010-05-10,1200.4000244140625,1203.800048828125,1189.199951171875,1200.4000244140625,118
2010-05-11,1219.9000244140625,1233.5,1201.5,1219.9000244140625,201
2010-05-12,1242.699951171875,1246.5,1227.0999755859375,1242.699951171875,213
2010-05-13,1235.300048828125,1240,1228.699951171875,1228.800048828125,37
2010-05-14,1227.4000244140625,1227.4000244140625,1227.4000244140625,1227.4000244140625,99
2010-05-17,1233.300048828125,1235.9000244140625,1225.199951171875,1227.699951171875,49
2010-05-18,1214.300048828125,1216.0999755859375,1208.199951171875,1214.300048828125,73
2010-05-19,1192.5999755859375,1192.5999755859375,1192.5999755859375,1192.5999755859375,75
2010-05-20,1187.800048828125,1191.800048828125,1179.4000244140625,1187.800048828125,297
2010-05-21,1175.699951171875,1175.699951171875,1175.699951171875,1175.699951171875,177
2010-05-24,1193.800048828125,1193.800048828125,1193.800048828125,1193.800048828125,14
2010-05-25,1197.800048828125,1200,1195.5999755859375,1197.800048828125,9
2010-05-26,1213.300048828125,1213.300048828125,1213.300048828125,1213.300048828125,237497
2010-05-27,1211.699951171875,1218.5,1205.4000244140625,1211.9000244140625,109434
2010-05-28,1210.4000244140625,1214.800048828125,1201.0999755859375,1212.199951171875,12895
2010-05-31,"1,226.90","1,216.70","1,230.60","1,211.60",107.41K
2010-06-01,1224.800048828125,1228.199951171875,1209.300048828125,1224.800048828125,4547
2010-06-02,1220.5999755859375,1225.800048828125,1213.199951171875,1220.5999755859375,2799
2010-06-03,1208.300048828125,1224,1201,1208.300048828125,1552
2010-06-04,1207.5999755859375,1220.4000244140625,1196.9000244140625,1216.199951171875,1070
2010-06-07,1239.300048828125,1244.699951171875,1211,1239.300048828125,859
2010-06-08,1241.5,1252.0999755859375,1234.0999755859375,1244,763
2010-06-09,1237,1238.199951171875,1222,1228.5,446
2010-06-10,1232.800048828125,1233.5,1215.0999755859375,1220.800048828125,488
2010-06-11,1228.9000244140625,1229.5999755859375,1218,1228.9000244140625,481
2010-06-14,1223.199951171875,1232.699951171875,1217.699951171875,1223.300048828125,989
2010-06-15,1222.5999755859375,1236,1222.4000244140625,1233.199951171875,251
2010-06-16,1229.300048828125,1229.300048828125,1229.300048828125,1229.300048828125,318
2010-06-17,1233.9000244140625,1251.0999755859375,1233.9000244140625,1247.5,266
2010-06-18,1247.699951171875,1261.5,1242.9000244140625,1257.199951171875,130
2010-06-21,1257.4000244140625,1264.800048828125,1232,1239.699951171875,219
2010-06-22,1239.9000244140625,1242.800048828125,1232.0999755859375,1239.9000244140625,172
2010-06-23,1233.9000244140625,1245.0999755859375,1226.9000244140625,1234.0999755859375,100
2010-06-24,1236.4000244140625,1248.0999755859375,1230.699951171875,1245.5,253
2010-06-25,1246.699951171875,1256.9000244140625,1243.699951171875,1255.800048828125,159
2010-06-28,1238.199951171875,1238.199951171875,1238.199951171875,1238.199951171875,351
2010-06-29,1242,1245,1228.5,1242,417
2010-06-30,1245.5,1246.199951171875,1236.699951171875,1245.5,73
2010-07-01,1206.300048828125,1242.4000244140625,1204.5,1206.300048828125,50
2010-07-02,1201.4000244140625,1211.5999755859375,1200.800048828125,1207.4000244140625,169
2010-07-05,"1,195.10","1,212.20","1,215.10","1,189.50",148.11K
2010-07-06,1207.300048828125,1211.800048828125,1190.5,1194.800048828125,52
2010-07-07,1198.5999755859375,1198.5999755859375,1198.5999755859375,1198.5999755859375,18
2010-07-08,1195.800048828125,1203.300048828125,1189.300048828125,1195.800048828125,93
2010-07-09,1209.5999755859375,1213,1195,1209.5999755859375,22
2010-07-12,1198.5,1198.5,1198.5,1198.5,45
2010-07-13,1213.300048828125,1217.4000244140625,1205.199951171875,1213.300048828125,53
2010-07-14,1212,1213.800048828125,1202.4000244140625,1206.800048828125,54
2010-07-15,1208.0999755859375,1208.0999755859375,1208.0999755859375,1208.0999755859375,32
2010-07-16,1188,1188,1188,1188,46
2010-07-19,1181.699951171875,1182.199951171875,1180,1181.699951171875,4
2010-07-20,1191.5,1191.5,1191.5,1191.5,8
2010-07-21,1191.5999755859375,1194.5,1184.0999755859375,1191.5999755859375,24
2010-07-22,1195.5,1196,1194.4000244140625,1195.5,79
2010-07-23,1187.699951171875,1198.5999755859375,1187.699951171875,1187.699951171875,32
2010-07-26,1183,1183,1183,1183,37
2010-07-27,1158,1158,1158,1158,29
2010-07-28,1160.4000244140625,1160.4000244140625,1160.4000244140625,1160.4000244140625,206828
2010-07-29,1163.800048828125,1169.199951171875,1158.699951171875,1168.4000244140625,54384
2010-07-30,1168.199951171875,1183.0999755859375,1166,1181.699951171875,5466
2010-08-02,1183.4000244140625,1191.800048828125,1174.699951171875,1183.4000244140625,2504
2010-08-03,1185.199951171875,1190.5,1180,1185.199951171875,598
2010-08-04,1186.300048828125,1203,1186.300048828125,1193.699951171875,1068
2010-08-05,1197.199951171875,1199.300048828125,1190,1197.199951171875,214
2010-08-06,1203.300048828125,1211,1195.300048828125,1203.4000244140625,347
2010-08-09,1205.800048828125,1209.5,1199.800048828125,1200.699951171875,658
2010-08-10,1196.199951171875,1206.5,1191,1196.199951171875,713
2010-08-11,1197.5,1208,1193,1197.5,351
2010-08-12,1214.800048828125,1215.5,1199,1214.800048828125,289
2010-08-13,1214.9000244140625,1214.9000244140625,1214.9000244140625,1214.9000244140625,138
2010-08-16,1224.5,1225.4000244140625,1218,1224.5,252
2010-08-17,1226.5999755859375,1227.4000244140625,1224,1226.5999755859375,84
2010-08-18,1229.699951171875,1231.5999755859375,1218,1229.699951171875,169
2010-08-19,1233.800048828125,1237.5999755859375,1228.800048828125,1233.800048828125,46
2010-08-20,1227.199951171875,1232.800048828125,1223,1227.199951171875,236
2010-08-23,1226.9000244140625,1228.9000244140625,1222.9000244140625,1226.9000244140625,56
2010-08-24,1231.800048828125,1234,1211.5,1231.800048828125,300
2010-08-25,1239.5,1240.699951171875,1230.699951171875,1239.5,298
2010-08-26,1235.4000244140625,1243.300048828125,1235,1235.4000244140625,104
2010-08-27,1236,1236,1236,1236,573
2010-08-30,1237.0999755859375,1237.9000244140625,1234,1237.0999755859375,128
2010-08-31,1248.300048828125,1249.4000244140625,1233,1248.300048828125,124
2010-09-01,1246.300048828125,1254.300048828125,1243.5999755859375,1246.300048828125,41
2010-09-02,1251.5,1252.5,1246.9000244140625,1251.5,100
2010-09-03,1249.199951171875,1249.199951171875,1240,1249.199951171875,3
2010-09-06,"1,259.30","1,250.30","1,261.60","1,246.40",109.66K
2010-09-07,1257.300048828125,1258,1255.5,1257.300048828125,7
2010-09-08,1255.5999755859375,1260.199951171875,1254.699951171875,1255.5999755859375,27
2010-09-09,1248.9000244140625,1256,1244.0999755859375,1248.9000244140625,9
2010-09-10,1244.5,1244.5,1244.5,1244.5,20
2010-09-13,1245.0999755859375,1245.0999755859375,1245.0999755859375,1245.0999755859375,18
2010-09-14,1269.699951171875,1272.4000244140625,1253.4000244140625,1269.699951171875,87
2010-09-15,1266.5999755859375,1269.800048828125,1263.5,1266.699951171875,34
2010-09-16,1271.9000244140625,1275.199951171875,1268.699951171875,1271.9000244140625,37
2010-09-17,1275.5999755859375,1279.5999755859375,1273.800048828125,1275.5999755859375,54
2010-09-20,1279,1282,1279,1279,27
2010-09-21,1272.4000244140625,1289.800048828125,1271.800048828125,1272.4000244140625,56
2010-09-22,1290.199951171875,1290.199951171875,1290.199951171875,1290.199951171875,17
2010-09-23,1294.300048828125,1294.300048828125,1289.4000244140625,1294.300048828125,45
2010-09-24,1296,1297.4000244140625,1294.199951171875,1296,37
2010-09-27,1296.699951171875,1296.699951171875,1296.699951171875,1296.699951171875,67
2010-09-28,1287.5,1308.5999755859375,1287.5,1306.5999755859375,25190
2010-09-29,1309.4000244140625,1312.5,1305,1308.5,6745
2010-09-30,1307.199951171875,1315.199951171875,1295.699951171875,1307.800048828125,579
2010-10-01,1309,1320,1309,1316.0999755859375,153
2010-10-04,1318.300048828125,1319.0999755859375,1312,1315.4000244140625,95
2010-10-05,1312.9000244140625,1341.0999755859375,1312.9000244140625,1338.9000244140625,197
2010-10-06,1339.0999755859375,1349,1339,1346.4000244140625,215
2010-10-07,1347.9000244140625,1363,1325.699951171875,1333.9000244140625,261
2010-10-08,1333.5,1348.4000244140625,1325,1344.199951171875,80
2010-10-11,1346.699951171875,1353.699951171875,1344,1353.300048828125,79
2010-10-12,1346.9000244140625,1352.199951171875,1343.5999755859375,1345.699951171875,112
2010-10-13,1356.4000244140625,1374,1355.0999755859375,1369.5,251
2010-10-14,1372.800048828125,1383.9000244140625,1371.300048828125,1376.699951171875,106
2010-10-15,1379.199951171875,1382.4000244140625,1364.699951171875,1371.0999755859375,170
2010-10-18,1358,1372.5999755859375,1358,1371.199951171875,46
2010-10-19,1366.800048828125,1370.5,1328.5,1335.0999755859375,301
2010-10-20,1336,1345.800048828125,1334.199951171875,1343.300048828125,148
2010-10-21,1344.199951171875,1346.199951171875,1317.5,1324.699951171875,102
2010-10-22,1326.699951171875,1328.0999755859375,1319,1324.4000244140625,113
2010-10-25,1333.5999755859375,1349.0999755859375,1333.0999755859375,1338.300048828125,194
2010-10-26,1341.199951171875,1341.199951171875,1328.300048828125,1338,195
2010-10-27,1341,1341,1321.0999755859375,1322.199951171875,106
2010-10-28,1327.9000244140625,1343.5999755859375,1325.9000244140625,1342.0999755859375,192
2010-10-29,1340.199951171875,1358.699951171875,1336.800048828125,1357.0999755859375,74
2010-11-01,1360.300048828125,1360.300048828125,1350.699951171875,1350.199951171875,40
2010-11-02,1356.800048828125,1356.800048828125,1355.5,1356.4000244140625,17
2010-11-03,1351.4000244140625,1359.199951171875,1327.5,1337.0999755859375,135
2010-11-04,1368.5999755859375,1392.5,1368.5999755859375,1382.699951171875,109
2010-11-05,1390.699951171875,1398,1378.199951171875,1397.300048828125,109
2010-11-08,1390.5,1409.199951171875,1387.0999755859375,1402.800048828125,112
2010-11-09,1405.199951171875,1423.199951171875,1382.9000244140625,1409.800048828125,84
2010-11-10,1395.199951171875,1408.0999755859375,1384,1399.0999755859375,29
2010-11-11,1400.699951171875,1413.5,1397.300048828125,1403.0999755859375,26
2010-11-12,1407.9000244140625,1407.9000244140625,1360.0999755859375,1365.4000244140625,182
2010-11-15,1363.699951171875,1372.5999755859375,1355.300048828125,1368.4000244140625,46
2010-11-16,1356.5,1358.199951171875,1329.5,1338.300048828125,67
2010-11-17,1336.9000244140625,1341.800048828125,1331.300048828125,1336.800048828125,50
2010-11-18,1349.5,1353.199951171875,1347.699951171875,1352.9000244140625,17
2010-11-19,1350.699951171875,1352,1344.5,1352.199951171875,7
2010-11-22,1357.699951171875,1357.699951171875,1357.699951171875,1357.699951171875,7
2010-11-23,1369.4000244140625,1377.5,1364.5,1377.5,15
2010-11-24,1377.800048828125,1377.800048828125,1377.800048828125,1372.9000244140625,3
2010-11-25,"1,362.40","1,372.00","1,374.90","1,350.10",138.42K
2010-11-26,1372.0999755859375,1372.0999755859375,1372.0999755859375,1362.300048828125,138416
2010-11-29,1364,1369.300048828125,1352.5999755859375,1366,94486
2010-11-30,1366.699951171875,1390.0999755859375,1362.800048828125,1385,11370
2010-12-01,1386.800048828125,1396.5999755859375,1382.300048828125,1387.300048828125,4759
2010-12-02,1387.5999755859375,1398.5999755859375,1383.300048828125,1388.5,1550
2010-12-03,1385.0999755859375,1415.0999755859375,1385.0999755859375,1405.4000244140625,2341
2010-12-06,1414,1428.4000244140625,1410,1415.300048828125,833
2010-12-07,1424.5,1431.0999755859375,1398,1408.300048828125,866
2010-12-08,1402.5,1403.800048828125,1372,1382.5,1675
2010-12-09,1380.5999755859375,1394.199951171875,1380.5,1392.0999755859375,971
2010-12-10,1388.9000244140625,1392,1373.0999755859375,1384.300048828125,457
2010-12-13,1384.5,1399.199951171875,1384.5,1397.300048828125,193
2010-12-14,1401.9000244140625,1407.300048828125,1391.800048828125,1403.5999755859375,431
2010-12-15,1394,1394,1379.5,1385.5,215
2010-12-16,1380.9000244140625,1385,1362.5,1370.4000244140625,228
2010-12-17,1376.4000244140625,1378.5999755859375,1365.9000244140625,1378.5999755859375,102
2010-12-20,1383.199951171875,1386.699951171875,1376.5,1385.5,125
2010-12-21,1385.800048828125,1389.5,1381.5,1388.199951171875,113
2010-12-22,1388,1389.5,1385,1386.800048828125,58
2010-12-23,1388.4000244140625,1388.4000244140625,1373.699951171875,1380,101
2010-12-27,1373.5,1384.199951171875,1373.5,1382.4000244140625,322
2010-12-28,1389.800048828125,1406.699951171875,1389.800048828125,1405.199951171875,519
2010-12-29,1403.4000244140625,1412.199951171875,1402.9000244140625,1413.0999755859375,413
2010-12-30,1413.800048828125,1413.800048828125,1403.0999755859375,1405.5999755859375,185
2010-12-31,1405.699951171875,1421.0999755859375,1405.699951171875,1421.0999755859375,54
2011-01-03,1415.5999755859375,1423.9000244140625,1413.699951171875,1422.5999755859375,28
2011-01-04,1409.5999755859375,1410.9000244140625,1375.800048828125,1378.5,122
2011-01-05,1383.4000244140625,1384,1364.199951171875,1373.4000244140625,175
2011-01-06,1374.800048828125,1376.5,1368.9000244140625,1371.4000244140625,158
2011-01-07,1372.699951171875,1377.199951171875,1355.5,1368.5,225
2011-01-10,1369,1374,1365.699951171875,1373.699951171875,181
2011-01-11,1375.4000244140625,1384.5,1373.9000244140625,1384,13
2011-01-12,1382.5999755859375,1385.5,1378,1385.699951171875,204
2011-01-13,1386.0999755859375,1392.5,1371.4000244140625,1386.9000244140625,66
2011-01-14,1375,1376,1356.699951171875,1360.4000244140625,252
2011-01-17,"1,368.20","1,361.20","1,376.00","1,356.80",165.11K
2011-01-18,1365.0999755859375,1371,1359.199951171875,1368.0999755859375,106
2011-01-19,1371.9000244140625,1376.199951171875,1367,1370.199951171875,40
2011-01-20,1367.699951171875,1367.699951171875,1345,1346.5,10
2011-01-21,1341.699951171875,1345.5999755859375,1338.5999755859375,1341,20
2011-01-24,1352.300048828125,1352.300048828125,1341.800048828125,1344.5,2
2011-01-25,1330.4000244140625,1331.5,1323.5999755859375,1332.300048828125,394
2011-01-26,1333,1341.699951171875,1333,1333,4
2011-01-27,1342,1342,1318.4000244140625,1318.4000244140625,210699
2011-01-28,1314,1346.5999755859375,1307.699951171875,1340.699951171875,73023
2011-01-31,1339,1345.9000244140625,1323.300048828125,1333.800048828125,13657
2011-02-01,1333.0999755859375,1342.9000244140625,1325.300048828125,1339.5999755859375,3180
2011-02-02,1344,1344,1327,1331.5,1363
2011-02-03,1335.5999755859375,1355.800048828125,1324.9000244140625,1352.300048828125,1865
2011-02-04,1354.800048828125,1360,1345,1348.300048828125,591
2011-02-07,1345.800048828125,1353.800048828125,1343.800048828125,1347.5999755859375,1004
2011-02-08,1351.199951171875,1367,1350,1363.4000244140625,2536
2011-02-09,1362.800048828125,1366.5,1359.5999755859375,1364.800048828125,146
2011-02-10,1364.300048828125,1364.5,1351.699951171875,1361.9000244140625,312
2011-02-11,1364,1368.800048828125,1355.199951171875,1359.9000244140625,488
2011-02-14,1357.800048828125,1365.5999755859375,1356.5999755859375,1364.5999755859375,181
2011-02-15,1361.5999755859375,1376,1361.5999755859375,1373.5999755859375,321
2011-02-16,1373.5999755859375,1382,1370.5,1374.699951171875,156
2011-02-17,1377.699951171875,1384.699951171875,1377,1384.699951171875,113
2011-02-18,1384.0999755859375,1391.800048828125,1381.800048828125,1388.199951171875,98
2011-02-21,"1,401.10","1,390.10","1,411.50","1,390.10",222.81K
2011-02-22,1395.0999755859375,1408.699951171875,1395.0999755859375,1400.5,430
2011-02-23,1397.800048828125,1413.800048828125,1397.800048828125,1413.4000244140625,318
2011-02-24,1415.0999755859375,1415.300048828125,1408.300048828125,1415.300048828125,809
2011-02-25,1401.699951171875,1411,1401,1408.699951171875,352
2011-02-28,1410.699951171875,1415.699951171875,1407.699951171875,1409.300048828125,205
2011-03-01,1415.300048828125,1434.4000244140625,1415.300048828125,1430.699951171875,116
2011-03-02,1432.5,1440.5,1428.800048828125,1437.199951171875,1600
2011-03-03,1432.300048828125,1432.300048828125,1415.9000244140625,1416,244
2011-03-04,1418.9000244140625,1429.800048828125,1416.800048828125,1428.199951171875,60
2011-03-07,1434.5,1445,1429.5,1434.0999755859375,613
2011-03-08,1431.5999755859375,1432.5999755859375,1424.300048828125,1426.9000244140625,198
2011-03-09,1430,1435.699951171875,1426.0999755859375,1429.300048828125,98
2011-03-10,1429.5,1429.800048828125,1403.800048828125,1412.199951171875,23
2011-03-11,1413.699951171875,1422.5999755859375,1404.9000244140625,1421.5,23
2011-03-14,1420,1427.699951171875,1420,1424.5999755859375,58
2011-03-15,1413.300048828125,1413.300048828125,1385.5,1392.5999755859375,20
2011-03-16,1398,1404.199951171875,1394.300048828125,1396,38
2011-03-17,1387.699951171875,1393.5999755859375,1387.699951171875,1404,27
2011-03-18,1406.4000244140625,1419.300048828125,1406.4000244140625,1415.9000244140625,6
2011-03-21,1433.5,1433.5,1430.800048828125,1426.199951171875,43
2011-03-22,1430.4000244140625,1430.4000244140625,1430.4000244140625,1427.5,85
2011-03-23,1432.199951171875,1439.699951171875,1432.199951171875,1437.9000244140625,19
2011-03-24,1437.699951171875,1446.9000244140625,1437.5,1434.800048828125,27
2011-03-25,1436,1436,1436,1426.0999755859375,1
2011-03-28,1413.199951171875,1415.5999755859375,1413.199951171875,1419.800048828125,6
2011-03-29,1416,1416,1416,1416,135792
2011-03-30,1418.699951171875,1430.300048828125,1412,1423.800048828125,47011
2011-03-31,1423.300048828125,1440,1420.699951171875,1438.9000244140625,8230
2011-04-01,1433.4000244140625,1436.5,1413,1428.0999755859375,5318
2011-04-04,1429.0999755859375,1439.0999755859375,1428.800048828125,1432.199951171875,683
2011-04-05,1437.9000244140625,1457.5999755859375,1430.300048828125,1451.800048828125,2609
2011-04-06,1456.9000244140625,1462.300048828125,1452,1457.699951171875,901
2011-04-07,1459.699951171875,1462.5,1453.9000244140625,1458.5,229
2011-04-08,1457.5999755859375,1475.5,1457.5,1473.4000244140625,1407
2011-04-11,1476,1476,1459.699951171875,1467.4000244140625,378
2011-04-12,1461.800048828125,1467.199951171875,1444.4000244140625,1452.9000244140625,345
2011-04-13,1455,1462,1454,1454.9000244140625,197
2011-04-14,1456.800048828125,1476,1452.699951171875,1471.699951171875,535
2011-04-15,1477.5999755859375,1487.5,1473.199951171875,1485.300048828125,293
2011-04-18,1486.300048828125,1497.300048828125,1477.5,1492.300048828125,650
2011-04-19,1493.300048828125,1499.5,1489,1494.5,168
2011-04-20,1494,1505.300048828125,1494,1498.300048828125,386
2011-04-21,1503.699951171875,1508.300048828125,1501.699951171875,1503.199951171875,237
2011-04-25,1513.300048828125,1518,1502.800048828125,1508.5999755859375,233
2011-04-26,1501.5,1506.300048828125,1495,1503,223
2011-04-27,1507.0999755859375,1512.800048828125,1505.199951171875,1516.699951171875,460
2011-04-28,1528.5999755859375,1536,1526.5999755859375,1530.800048828125,425
2011-04-29,1538.699951171875,1568.699951171875,1537.300048828125,1556,124
2011-05-02,1572.9000244140625,1576.5999755859375,1543.0999755859375,1556.699951171875,200
2011-05-03,1542.5,1547,1527.5,1540.0999755859375,246
2011-05-04,1535,1539,1506.199951171875,1514.9000244140625,272
2011-05-05,1514.699951171875,1520.699951171875,1471,1480.9000244140625,133
2011-05-06,1473.199951171875,1494.800048828125,1472.300048828125,1491.199951171875,144
2011-05-09,1501.5,1512.800048828125,1501.300048828125,1502.9000244140625,44
2011-05-10,1508.4000244140625,1516.9000244140625,1508.4000244140625,1516.5999755859375,13
2011-05-11,1524,1524.0999755859375,1495.199951171875,1501.0999755859375,30
2011-05-12,1492.0999755859375,1498.5,1484.800048828125,1506.5999755859375,11
2011-05-13,1503.5,1511.300048828125,1490.199951171875,1493.4000244140625,16
2011-05-16,1489.300048828125,1494.9000244140625,1489.300048828125,1490.4000244140625,10
2011-05-17,1489.800048828125,1491.800048828125,1473,1479.800048828125,41
2011-05-18,1496.4000244140625,1497,1496.300048828125,1495.5999755859375,82
2011-05-19,1491.5,1491.5,1491.5,1492.199951171875,1
2011-05-20,1499,1512.699951171875,1488.699951171875,1508.800048828125,93
2011-05-23,1510.5,1512.300048828125,1507,1515.300048828125,42
2011-05-24,1527.0999755859375,1527.0999755859375,1521.9000244140625,1523.199951171875,4
2011-05-25,1526.4000244140625,1527.5,1526.0999755859375,1526.5999755859375,10
2011-05-26,1521.199951171875,1521.199951171875,1519.5,1522.800048828125,186986
2011-05-27,1519.4000244140625,1538.5,1518.4000244140625,1536.300048828125,76719
2011-05-30,"1,536.80","1,538.10","1,541.90","1,533.10",114.70K
2011-05-31,1536.699951171875,1541.0999755859375,1532.4000244140625,1535.9000244140625,6152
2011-06-01,1535.699951171875,1550.5999755859375,1529.699951171875,1542.4000244140625,2845
2011-06-02,1541.300048828125,1544.5,1520,1532,1651
2011-06-03,1534.699951171875,1546.300048828125,1525,1541.699951171875,1745
2011-06-06,1542.9000244140625,1553.9000244140625,1542,1546.5,691
2011-06-07,1545,1549.9000244140625,1537.199951171875,1543.300048828125,2530
2011-06-08,1544.199951171875,1544.199951171875,1531.300048828125,1538.0999755859375,489
2011-06-09,1536.0999755859375,1548.800048828125,1534.4000244140625,1542.0999755859375,288
2011-06-10,1543.699951171875,1543.9000244140625,1526.4000244140625,1528.5999755859375,632
2011-06-13,1528.0999755859375,1533,1511.300048828125,1515,851
2011-06-14,1517.199951171875,1526.199951171875,1513.0999755859375,1523.800048828125,306
2011-06-15,1525,1533.4000244140625,1515,1525.5999755859375,648
2011-06-16,1526,1531.199951171875,1522,1529.300048828125,164
2011-06-17,1523,1541.5999755859375,1523,1538.5999755859375,72
2011-06-20,1536,1545.699951171875,1535.199951171875,1541.5,99
2011-06-21,1540.0999755859375,1547.5,1540,1546,125
2011-06-22,1547.199951171875,1558.5,1544.4000244140625,1552.9000244140625,222
2011-06-23,1547.199951171875,1547.199951171875,1514.699951171875,1520.0999755859375,300
2011-06-24,1524.699951171875,1525,1498.5,1500.5,257
2011-06-27,1503.5,1503.5,1490.699951171875,1496,140
2011-06-28,1499.9000244140625,1505,1496.0999755859375,1499.699951171875,508
2011-06-29,1504.0999755859375,1512.199951171875,1504.0999755859375,1509.9000244140625,395
2011-06-30,1511.5,1514,1498.800048828125,1502.300048828125,69
2011-07-01,1502.199951171875,1502.199951171875,1480,1482.300048828125,66
2011-07-04,"1,512.70","1,486.80","1,518.00","1,486.20",137.18K
2011-07-05,1490.4000244140625,1515,1490.300048828125,1512.300048828125,199
2011-07-06,1513.699951171875,1531.5,1510.300048828125,1528.699951171875,71
2011-07-07,1529.0999755859375,1533.0999755859375,1522.699951171875,1530.199951171875,55
2011-07-08,1527,1542.5999755859375,1526.5999755859375,1541.199951171875,3
2011-07-11,1550,1555.199951171875,1543.0999755859375,1548.800048828125,14
2011-07-12,1548.199951171875,1565,1542,1561.9000244140625,8
2011-07-13,1574,1585.5999755859375,1570.800048828125,1585.199951171875,29
2011-07-14,1586.300048828125,1592.800048828125,1583.5999755859375,1589,19
2011-07-15,1582.300048828125,1592.199951171875,1582.300048828125,1589.800048828125,8
2011-07-18,1592.800048828125,1605,1592.800048828125,1602.0999755859375,13
2011-07-19,1608.0999755859375,1608.800048828125,1583.300048828125,1600.9000244140625,63
2011-07-20,1584.300048828125,1596.699951171875,1582.4000244140625,1596.699951171875,9
2011-07-21,1598,1601.5999755859375,1586.5999755859375,1586.800048828125,24
2011-07-22,1588.5,1606.5,1588.5,1601.300048828125,12
2011-07-25,1610,1619.4000244140625,1610,1612,67
2011-07-26,1609.800048828125,1618.5,1609.800048828125,1616.5999755859375,28
2011-07-27,1619.699951171875,1619.699951171875,1617,1615,232220
2011-07-28,1614.199951171875,1620.5999755859375,1602.800048828125,1613.4000244140625,70263
2011-07-29,1617.0999755859375,1634.9000244140625,1610.5999755859375,1628.300048828125,6761
2011-08-01,1623,1631.800048828125,1607,1619,2889
2011-08-02,1619.300048828125,1660.5999755859375,1616.800048828125,1641.9000244140625,2440
2011-08-03,1659.9000244140625,1672.300048828125,1651.5999755859375,1663.4000244140625,2024
2011-08-04,1660.5,1681.800048828125,1640,1656.199951171875,1952
2011-08-05,1647.5,1666.0999755859375,1642.699951171875,1648.800048828125,825
2011-08-08,1679.0999755859375,1720,1678.0999755859375,1710.199951171875,1885
2011-08-09,1722.5,1779,1720.0999755859375,1740,1861
2011-08-10,1744,1795.5999755859375,1741.300048828125,1781.300048828125,969
2011-08-11,1795.0999755859375,1813.5,1733.300048828125,1748.800048828125,1503
2011-08-12,1760.5999755859375,1764.199951171875,1723.800048828125,1740.199951171875,1166
2011-08-15,1734.9000244140625,1765.199951171875,1730.5,1755.5,976
2011-08-16,1769,1787.300048828125,1761.5999755859375,1782.4000244140625,278
2011-08-17,1784.800048828125,1794.300048828125,1782,1791.199951171875,231
2011-08-18,1786.5,1828.5,1785.5,1818.9000244140625,868
2011-08-19,1823.699951171875,1874.4000244140625,1823.699951171875,1848.9000244140625,328
2011-08-22,1868.5999755859375,1895,1858.4000244140625,1888.699951171875,1106
2011-08-23,1909,1909.300048828125,1824.5999755859375,1858.300048828125,458
2011-08-24,1833,1853.0999755859375,1753.0999755859375,1754.0999755859375,992
2011-08-25,1748.4000244140625,1772.5,1707.300048828125,1759.800048828125,864
2011-08-26,1768.5,1829.300048828125,1768.5,1794.0999755859375,270
2011-08-29,1817.9000244140625,1817.9000244140625,1786.699951171875,1788.4000244140625,828
2011-08-30,1787.199951171875,1839.5999755859375,1783.0999755859375,1826.699951171875,598
2011-08-31,1830.5999755859375,1837.9000244140625,1811.4000244140625,1828.5,336
2011-09-01,1825.800048828125,1829.5,1814.4000244140625,1826,263
2011-09-02,1828.5999755859375,1884.199951171875,1828.5999755859375,1873.699951171875,442
2011-09-05,"1,873.30","1,879.90","1,923.70","1,861.80",414.59K
2011-09-06,1886.300048828125,1911.5999755859375,1864,1869.9000244140625,536
2011-09-07,1868.9000244140625,1873.699951171875,1792.800048828125,1814.199951171875,470
2011-09-08,1839.300048828125,1870,1835,1854.4000244140625,142
2011-09-09,1858.0999755859375,1881.300048828125,1830,1856.4000244140625,188
2011-09-12,1852.4000244140625,1852.4000244140625,1806,1809.9000244140625,245
2011-09-13,1817.800048828125,1835.300048828125,1808.0999755859375,1826.800048828125,52
2011-09-14,1843,1843,1809,1823.5,156
2011-09-15,1816.300048828125,1816.300048828125,1775.800048828125,1778.5,80
2011-09-16,1768.5,1819.0999755859375,1768.5,1812.0999755859375,111
2011-09-19,1814.699951171875,1818.9000244140625,1788,1776.4000244140625,13
2011-09-20,1778.800048828125,1807.800048828125,1776,1806.5999755859375,86
2011-09-21,1808,1811.699951171875,1782.800048828125,1805.5,22
2011-09-22,1773.199951171875,1773.199951171875,1730.9000244140625,1739.199951171875,23
2011-09-23,1737.300048828125,1737.300048828125,1636.300048828125,1637.5,81
2011-09-26,1646.4000244140625,1661.800048828125,1562.4000244140625,1592.5,151
2011-09-27,1653.800048828125,1665.4000244140625,1653.699951171875,1650.5999755859375,47
2011-09-28,1650,1650,1650,1616.300048828125,21275
2011-09-29,1604,1633.800048828125,1585,1615.5,7181
2011-09-30,1620.800048828125,1639.4000244140625,1609.4000244140625,1620.4000244140625,284
2011-10-03,1627.800048828125,1660.800048828125,1627.5999755859375,1656,101
2011-10-04,1661,1678.0999755859375,1596.5999755859375,1614.699951171875,159
2011-10-05,1629.300048828125,1640.300048828125,1599.5999755859375,1640.300048828125,114
2011-10-06,1642.5999755859375,1654.699951171875,1637.5999755859375,1651.9000244140625,38
2011-10-07,1657,1665,1626.199951171875,1634.5,66
2011-10-10,1645.5999755859375,1676.800048828125,1645.5999755859375,1669.5999755859375,61
2011-10-11,1685,1685,1657.5999755859375,1659.699951171875,151
2011-10-12,1667.0999755859375,1691,1667.0999755859375,1681.300048828125,37
2011-10-13,1676.0999755859375,1678.800048828125,1656.199951171875,1667.300048828125,148
2011-10-14,1665.800048828125,1683.300048828125,1665.800048828125,1681.800048828125,51
2011-10-17,1683.5999755859375,1693.5,1667.300048828125,1675.5,41
2011-10-18,1666,1666,1627.5,1651.699951171875,85
2011-10-19,1659.300048828125,1659.300048828125,1641.300048828125,1646,22
2011-10-20,1643.199951171875,1643.199951171875,1608.699951171875,1611.9000244140625,92
2011-10-21,1626.0999755859375,1647.4000244140625,1626.0999755859375,1635.0999755859375,32
2011-10-24,1646.199951171875,1657.800048828125,1646.199951171875,1651.5,313
2011-10-25,1645,1706.800048828125,1645,1699.5999755859375,355
2011-10-26,1717,1723.5999755859375,1708.9000244140625,1722.699951171875,135
2011-10-27,1717.800048828125,1735.5,1717.800048828125,1746.699951171875,494
2011-10-28,1752,1752,1733,1746.199951171875,158
2011-10-31,1741.9000244140625,1741.9000244140625,1717,1724.199951171875,62
2011-11-01,1706.699951171875,1720.0999755859375,1682.5,1711,246
2011-11-02,1724.300048828125,1741.4000244140625,1723.199951171875,1728.699951171875,294
2011-11-03,1740.5,1766,1726.5999755859375,1764.199951171875,290
2011-11-04,1757,1761.199951171875,1754.9000244140625,1755.300048828125,47
2011-11-07,1755.300048828125,1797,1755.300048828125,1790.300048828125,35
2011-11-08,1798.4000244140625,1798.4000244140625,1785.699951171875,1798.4000244140625,14
2011-11-09,1793,1793,1774.199951171875,1790.9000244140625,6
2011-11-10,1766.800048828125,1766.800048828125,1754.800048828125,1758.9000244140625,16
2011-11-11,1777,1789.0999755859375,1777,1787.5,28
2011-11-14,1779,1779,1779,1777.800048828125,24
2011-11-15,1779.199951171875,1783.0999755859375,1761.300048828125,1781.699951171875,18
2011-11-16,1777.5,1777.5,1757.699951171875,1773.800048828125,65
2011-11-17,1755.300048828125,1755.300048828125,1714,1719.800048828125,54
2011-11-18,1725,1736,1719,1724.699951171875,14
2011-11-21,1704.5999755859375,1704.5999755859375,1674.4000244140625,1678.300048828125,9
2011-11-22,1675.4000244140625,1702.199951171875,1675.4000244140625,1702.199951171875,13
2011-11-23,1691.199951171875,1700,1681.5999755859375,1695.699951171875,34
2011-11-24,"1,685.70","1,693.40","1,702.70","1,672.60",139.44K
2011-11-25,1690.0999755859375,1693.5,1675.300048828125,1685.5,28
2011-11-28,1710.800048828125,1710.800048828125,1710.800048828125,1710.800048828125,175525
2011-11-29,1711.300048828125,1718.4000244140625,1704,1713.4000244140625,64786
2011-11-30,1714,1749.199951171875,1699.9000244140625,1745.5,15463
2011-12-01,1747,1753.300048828125,1734.5,1735.300048828125,1350
2011-12-02,1744.800048828125,1762.9000244140625,1741.5999755859375,1747,1067
2011-12-05,1748.9000244140625,1752.5999755859375,1718.699951171875,1730.699951171875,756
2011-12-06,1722.0999755859375,1731.800048828125,1703,1727.9000244140625,648
2011-12-07,1730.5999755859375,1741.9000244140625,1720,1740.9000244140625,300
2011-12-08,1742,1752.300048828125,1705.4000244140625,1709.800048828125,942
2011-12-09,1713.300048828125,1720.699951171875,1705.699951171875,1712.800048828125,568
2011-12-12,1707.5,1708.199951171875,1658.5,1664.199951171875,894
2011-12-13,1654.699951171875,1671.800048828125,1628,1659.9000244140625,274
2011-12-14,1636.5,1639.5,1565.800048828125,1584.300048828125,890
2011-12-15,1571.4000244140625,1592.800048828125,1565.5999755859375,1574.5999755859375,589
2011-12-16,1587.4000244140625,1595.9000244140625,1586,1595.5999755859375,57
2011-12-19,1596.4000244140625,1603.4000244140625,1589.699951171875,1594.4000244140625,92
2011-12-20,1596.4000244140625,1617,1596.4000244140625,1615.5999755859375,215
2011-12-21,1615.5999755859375,1635,1608.300048828125,1611.9000244140625,38
2011-12-22,1608.800048828125,1610,1601.9000244140625,1608.9000244140625,599
2011-12-23,1612,1612.800048828125,1604.699951171875,1604.699951171875,62
2011-12-27,1599,1599,1592.5999755859375,1594.199951171875,52
2011-12-28,1584.9000244140625,1588.5999755859375,1561.300048828125,1562.9000244140625,763
2011-12-29,1559.300048828125,1559.300048828125,1525,1539.9000244140625,866
2011-12-30,1549.4000244140625,1579.5,1547.9000244140625,1565.800048828125,289
2012-01-03,1568.9000244140625,1604.300048828125,1566,1599.699951171875,229
2012-01-04,1596.5999755859375,1618.5999755859375,1594.5,1611.9000244140625,172
2012-01-05,1610.800048828125,1624.0999755859375,1597.800048828125,1619.4000244140625,362
2012-01-06,1622.5,1627.800048828125,1616.0999755859375,1616.0999755859375,20
2012-01-09,1614.300048828125,1620.0999755859375,1607.5,1607.5,8
2012-01-10,1619.9000244140625,1638,1619.9000244140625,1631,47
2012-01-11,1634.800048828125,1645.4000244140625,1633.800048828125,1639.199951171875,65
2012-01-12,1645.199951171875,1656.0999755859375,1645.199951171875,1647.300048828125,84
2012-01-13,1638.9000244140625,1643.4000244140625,1630.4000244140625,1630.4000244140625,368
2012-01-16,"1,655.60","1,635.80","1,668.00","1,631.90",193.66K
2012-01-17,1643.699951171875,1657.800048828125,1642.0999755859375,1655.199951171875,16
2012-01-18,1654,1660.300048828125,1654,1659.5,11
2012-01-19,1663,1664.4000244140625,1653.5,1654.0999755859375,58
2012-01-20,1652.800048828125,1664.300048828125,1652.800048828125,1663.699951171875,8
2012-01-23,1676.9000244140625,1680,1669.9000244140625,1678,10
2012-01-24,1666.9000244140625,1668.199951171875,1664.199951171875,1664.199951171875,5
2012-01-25,1673,1706.199951171875,1672,1699.800048828125,239
2012-01-26,1729,1729,1721,1726.300048828125,16
2012-01-27,1727,1734.0999755859375,1727,1731.800048828125,175023
2012-01-30,1737.199951171875,1739.9000244140625,1715.699951171875,1731,53427
2012-01-31,1731.699951171875,1747.699951171875,1725,1737.800048828125,7540
2012-02-01,1738.199951171875,1751.0999755859375,1734,1747.0999755859375,2027
2012-02-02,1745.0999755859375,1761.0999755859375,1742.9000244140625,1756.800048828125,2062
2012-02-03,1758.699951171875,1761.300048828125,1724.5,1737.9000244140625,543
2012-02-06,1728,1738.300048828125,1713.300048828125,1722.800048828125,726
2012-02-07,1722,1748,1713.199951171875,1746.4000244140625,272
2012-02-08,1744,1751.5,1728.199951171875,1729.300048828125,955
2012-02-09,1731.4000244140625,1749.699951171875,1726.0999755859375,1739,119
2012-02-10,1732.699951171875,1734.4000244140625,1706.4000244140625,1723.300048828125,248
2012-02-13,1725,1733,1718.4000244140625,1723,104
2012-02-14,1720,1724.9000244140625,1715,1715.9000244140625,94
2012-02-15,1723.5999755859375,1737,1723.5999755859375,1726.300048828125,110
2012-02-16,1718.4000244140625,1728.4000244140625,1707,1726.800048828125,38
2012-02-17,1733.5999755859375,1735.0999755859375,1718.800048828125,1724.5,80
2012-02-20,"1,758.50","1,728.40","1,761.90","1,727.00",202.41K
2012-02-21,1736.0999755859375,1760,1733.5999755859375,1757.0999755859375,115
2012-02-22,1758.699951171875,1781.9000244140625,1750,1770,161
2012-02-23,1774,1786,1773,1784.9000244140625,298
2012-02-24,1778.5,1780.699951171875,1771.300048828125,1775.0999755859375,129
2012-02-27,1773.5999755859375,1775.5999755859375,1768.0999755859375,1773.5999755859375,841
2012-02-28,1767.9000244140625,1789.4000244140625,1767.9000244140625,1787,306
2012-02-29,1789.9000244140625,1790.4000244140625,1669,1709.9000244140625,359
2012-03-01,1698.5999755859375,1724.5999755859375,1698.5999755859375,1721.0999755859375,214
2012-03-02,1723,1723,1705.199951171875,1708.800048828125,135
2012-03-05,1705.5,1709.5,1695.4000244140625,1703,421
2012-03-06,1708.699951171875,1708.699951171875,1666,1671.4000244140625,176
2012-03-07,1676,1684,1673.0999755859375,1683.300048828125,39
2012-03-08,1686.4000244140625,1702.4000244140625,1686.4000244140625,1698.0999755859375,301
2012-03-09,1698.800048828125,1710.9000244140625,1680.699951171875,1710.9000244140625,73
2012-03-12,1708.0999755859375,1708.0999755859375,1694.9000244140625,1699.199951171875,98
2012-03-13,1698.4000244140625,1698.4000244140625,1685.0999755859375,1693.699951171875,47
2012-03-14,1676.9000244140625,1681,1637.4000244140625,1642.5,201
2012-03-15,1646.300048828125,1660.199951171875,1640,1659.0999755859375,405
2012-03-16,1660,1661.4000244140625,1641.300048828125,1655.5,317
2012-03-19,1661.199951171875,1668,1652.0999755859375,1666.9000244140625,462
2012-03-20,1648.0999755859375,1652.300048828125,1642,1646.699951171875,250
2012-03-21,1657.800048828125,1660,1646.0999755859375,1650,546
2012-03-22,1648,1649.4000244140625,1633.800048828125,1642.300048828125,321
2012-03-23,1652.5,1665.0999755859375,1646.300048828125,1662.300048828125,76
2012-03-26,1665,1692.9000244140625,1657.800048828125,1685.5,84
2012-03-27,1687.800048828125,1690.800048828125,1684.4000244140625,1684.800048828125,100
2012-03-28,1670.0999755859375,1670.0999755859375,1657.9000244140625,1657.9000244140625,193107
2012-03-29,1661.800048828125,1664.5,1644.300048828125,1652.199951171875,47342
2012-03-30,1660.5999755859375,1670,1659,1669.300048828125,9825
2012-04-02,1670.4000244140625,1682.800048828125,1662,1677.5,2531
2012-04-03,1677.5999755859375,1679.5,1638.699951171875,1670,1165
2012-04-04,1646.5,1647,1612.300048828125,1612.300048828125,1122
2012-04-05,1620.800048828125,1633.199951171875,1620.4000244140625,1628.5,289
2012-04-09,1645.300048828125,1646.4000244140625,1636.5,1642.5,158
2012-04-10,1649,1661.699951171875,1636.199951171875,1659.5,350
2012-04-11,1654.800048828125,1659.699951171875,1654.699951171875,1659,426
2012-04-12,1660,1680.0999755859375,1650,1679.5,1309
2012-04-13,1673.300048828125,1674.800048828125,1650,1659.0999755859375,220
2012-04-16,1650.800048828125,1656.800048828125,1641.199951171875,1648.699951171875,717
2012-04-17,1652,1652.9000244140625,1637,1650.300048828125,69
2012-04-18,1653.199951171875,1653.300048828125,1638.0999755859375,1638.800048828125,273
2012-04-19,1642.0999755859375,1653.0999755859375,1632,1640.5999755859375,77
2012-04-20,1641.699951171875,1645.5999755859375,1640.9000244140625,1642.0999755859375,54
2012-04-23,1642.4000244140625,1642.4000244140625,1625.0999755859375,1631.9000244140625,226
2012-04-24,1634.4000244140625,1648.5999755859375,1634.4000244140625,1643,123
2012-04-25,1641.300048828125,1643.800048828125,1626.9000244140625,1641.4000244140625,82
2012-04-26,1658.300048828125,1659.5999755859375,1658.300048828125,1659.5999755859375,280
2012-04-27,1654.5,1666.9000244140625,1654,1664,236
2012-04-30,1663,1665.699951171875,1653,1663.4000244140625,36
2012-05-01,1665,1670.5,1661.699951171875,1661.699951171875,25
2012-05-02,1659.199951171875,1659.199951171875,1648.300048828125,1653.4000244140625,50
2012-05-03,1651.199951171875,1652.199951171875,1631.300048828125,1634.199951171875,78
2012-05-04,1635.699951171875,1645.5999755859375,1629.4000244140625,1644.699951171875,68
2012-05-07,1637.9000244140625,1640,1632.5999755859375,1638.5999755859375,21
2012-05-08,1636.699951171875,1636.699951171875,1596,1604,154
2012-05-09,1595.300048828125,1595.300048828125,1586.300048828125,1593.699951171875,30
2012-05-10,1594.199951171875,1595.0999755859375,1592.4000244140625,1595.0999755859375,6
2012-05-11,1586.0999755859375,1589.5999755859375,1583.5999755859375,1583.5999755859375,6
2012-05-14,1563,1563.0999755859375,1555.5,1560.5999755859375,5
2012-05-15,1555.4000244140625,1558.300048828125,1542.4000244140625,1556.800048828125,28
2012-05-16,1541.4000244140625,1541.4000244140625,1528.5,1536.199951171875,26
2012-05-17,1546.9000244140625,1579,1546.9000244140625,1574.5,51
2012-05-18,1573.699951171875,1591.5999755859375,1568.199951171875,1591.5999755859375,26
2012-05-21,1591.9000244140625,1594.0999755859375,1588.4000244140625,1588.4000244140625,32
2012-05-22,1575.699951171875,1578.0999755859375,1568.4000244140625,1576.300048828125,27
2012-05-23,1538.199951171875,1548.0999755859375,1534.4000244140625,1548.0999755859375,6
2012-05-24,1559,1569.4000244140625,1551.5,1557.300048828125,23
2012-05-25,1558.199951171875,1568.800048828125,1557.300048828125,1568.800048828125,7
2012-05-28,"1,548.70","1,573.60","1,583.50","1,545.70",259.05K
2012-05-29,1574.699951171875,1582.5,1548.5999755859375,1548.5999755859375,259050
2012-05-30,1553.9000244140625,1569,1530.4000244140625,1563.4000244140625,79887
2012-05-31,1562.699951171875,1572.5999755859375,1551.800048828125,1562.5999755859375,5901
2012-06-01,1560,1630,1545.5,1620.5,2820
2012-06-04,1623,1627.9000244140625,1609,1612.199951171875,2134
2012-06-05,1619.300048828125,1622.699951171875,1612.9000244140625,1615.199951171875,604
2012-06-06,1619.699951171875,1639.699951171875,1616.5,1632.800048828125,419
2012-06-07,1622.5999755859375,1627.199951171875,1581.9000244140625,1586.5999755859375,1200
2012-06-08,1589.9000244140625,1593.9000244140625,1566.5,1590.0999755859375,157
2012-06-11,1608,1608,1583,1595.5,129
2012-06-12,1594.0999755859375,1612.800048828125,1588.5,1612.699951171875,523
2012-06-13,1608.199951171875,1622.4000244140625,1608.199951171875,1618.0999755859375,655
2012-06-14,1621.199951171875,1626.4000244140625,1610.0999755859375,1618.4000244140625,493
2012-06-15,1624.300048828125,1630,1621.5,1627,1015
2012-06-18,1622.5999755859375,1627.5999755859375,1615,1625.699951171875,246
2012-06-19,1629.800048828125,1630.699951171875,1622,1622.199951171875,32
2012-06-20,1618.300048828125,1618.300048828125,1601.300048828125,1614.800048828125,140
2012-06-21,1603.199951171875,1603.300048828125,1564.5,1564.5,29
2012-06-22,1565.5,1568.4000244140625,1560,1566,16
2012-06-25,1574.9000244140625,1587.5,1571,1587.5,32
2012-06-26,1583.5,1583.5,1567.699951171875,1574,104
2012-06-27,1567,1577.5,1563,1577.5,220
2012-06-28,1573.699951171875,1573.699951171875,1548.4000244140625,1549.699951171875,133
2012-06-29,1562.5999755859375,1603.5,1561.9000244140625,1603.5,61
2012-07-02,1597.0999755859375,1598.300048828125,1589.699951171875,1597.199951171875,35
2012-07-03,1603.800048828125,1624,1603.800048828125,1621.300048828125,44
2012-07-04,"1,609.40","1,617.60","1,624.50","1,597.50",172.55K
2012-07-05,1618.5,1619.199951171875,1598,1608.9000244140625,27
2012-07-06,1592.300048828125,1593.800048828125,1578.4000244140625,1578.4000244140625,15
2012-07-09,1582.0999755859375,1588.5999755859375,1580.9000244140625,1588.5999755859375,5
2012-07-10,1599.199951171875,1599.800048828125,1567.5999755859375,1579.300048828125,12
2012-07-11,1577.4000244140625,1579.5,1575.199951171875,1575.199951171875,12
2012-07-12,1569.300048828125,1574.699951171875,1557.199951171875,1564.9000244140625,44
2012-07-13,1567.800048828125,1594.0999755859375,1567.800048828125,1591.5999755859375,26
2012-07-16,1586.199951171875,1591.199951171875,1585.800048828125,1591.199951171875,7
2012-07-17,1596,1596,1576.300048828125,1589.0999755859375,27
2012-07-18,1581.199951171875,1583.699951171875,1569.9000244140625,1570.4000244140625,30
2012-07-19,1580,1586.9000244140625,1578.4000244140625,1580.0999755859375,60
2012-07-20,1583.9000244140625,1584.4000244140625,1576.0999755859375,1582.5,5
2012-07-23,1571.699951171875,1577.0999755859375,1569.800048828125,1577.0999755859375,4
2012-07-24,1574,1581.9000244140625,1574,1576,9
2012-07-25,1583.699951171875,1608,1583.300048828125,1608,12
2012-07-26,1614.9000244140625,1615,1614.0999755859375,1615,7
2012-07-27,1613.4000244140625,1617.9000244140625,1613.4000244140625,1617.9000244140625,197976
2012-07-30,1622.9000244140625,1625.800048828125,1613.0999755859375,1619.699951171875,52890
2012-07-31,1621.0999755859375,1627.5,1610,1610.5,6281
2012-08-01,1613.4000244140625,1617.199951171875,1592,1603.699951171875,3530
2012-08-02,1600,1615,1583.0999755859375,1587.4000244140625,933
2012-08-03,1589.300048828125,1606,1585.0999755859375,1606,676
2012-08-06,1604.699951171875,1614.0999755859375,1603.199951171875,1612.9000244140625,662
2012-08-07,1610.800048828125,1615.699951171875,1609.300048828125,1609.699951171875,449
2012-08-08,1610.199951171875,1614.800048828125,1603,1612.9000244140625,341
2012-08-09,1612.800048828125,1617.199951171875,1610.0999755859375,1617.0999755859375,433
2012-08-10,1615.800048828125,1624.0999755859375,1605,1619.699951171875,1219
2012-08-13,1622,1623.699951171875,1607.300048828125,1609.5999755859375,402
2012-08-14,1612.800048828125,1615.5999755859375,1591.199951171875,1599.4000244140625,910
2012-08-15,1593.800048828125,1604.5999755859375,1592,1603.699951171875,280
2012-08-16,1600.199951171875,1616.0999755859375,1600.199951171875,1616.0999755859375,199
2012-08-17,1617.800048828125,1617.800048828125,1611.4000244140625,1616.300048828125,249
2012-08-20,1614,1621.4000244140625,1611.5999755859375,1620.0999755859375,68
2012-08-21,1620,1639.9000244140625,1620,1639.9000244140625,258
2012-08-22,1638.4000244140625,1653.0999755859375,1635,1637.4000244140625,37
2012-08-23,1659.9000244140625,1672.699951171875,1658,1669.5999755859375,141
2012-08-24,1665.800048828125,1669.800048828125,1662.199951171875,1669.800048828125,24
2012-08-27,1674.9000244140625,1674.9000244140625,1663.9000244140625,1672.4000244140625,42
2012-08-28,1659.9000244140625,1671,1659.199951171875,1666.5,51
2012-08-29,1667.199951171875,1667.300048828125,1659.800048828125,1659.800048828125,403
2012-08-30,1655.4000244140625,1662,1650.699951171875,1653.5,418
2012-08-31,1658.5999755859375,1690,1646.199951171875,1684.5999755859375,58
2012-09-03,"1,696.00","1,693.40","1,701.60","1,687.60",179.17K
2012-09-04,1689.0999755859375,1698,1687.699951171875,1692.9000244140625,43
2012-09-05,1690.4000244140625,1693.300048828125,1690.4000244140625,1690.800048828125,82
2012-09-06,1696.4000244140625,1712.4000244140625,1696.4000244140625,1702.5999755859375,39
2012-09-07,1696.699951171875,1738.199951171875,1696.699951171875,1737.5,109
2012-09-10,1733.0999755859375,1733.5,1727.199951171875,1728.699951171875,14
2012-09-11,1736,1736,1731.800048828125,1731.800048828125,2
2012-09-12,1742.199951171875,1742.300048828125,1730.5,1730.5999755859375,15
2012-09-13,1728.699951171875,1769.0999755859375,1728.699951171875,1769.0999755859375,33
2012-09-14,1771,1774.5,1766,1769.800048828125,25
2012-09-17,1774.800048828125,1774.800048828125,1753.800048828125,1767.699951171875,54
2012-09-18,1766.300048828125,1768.4000244140625,1766.300048828125,1768.4000244140625,13
2012-09-19,1776,1778.5,1768,1769,27
2012-09-20,1769.0999755859375,1771.300048828125,1760.5999755859375,1767.699951171875,17
2012-09-21,1785.300048828125,1785.300048828125,1772.300048828125,1775.5,10
2012-09-24,1762.0999755859375,1762.0999755859375,1762.0999755859375,1762.0999755859375,4
2012-09-25,1772.5999755859375,1772.699951171875,1763.800048828125,1763.800048828125,5
2012-09-26,1762.800048828125,1764.199951171875,1743,1750.5999755859375,15237
2012-09-27,1752.5999755859375,1780.199951171875,1750.699951171875,1777.5999755859375,6989
2012-09-28,1776.800048828125,1782.199951171875,1767.5,1771.0999755859375,2839
2012-10-01,1766,1791,1763.300048828125,1780.5,816
2012-10-02,1777.9000244140625,1779.300048828125,1772.699951171875,1772.699951171875,94
2012-10-03,1772.199951171875,1779.9000244140625,1771.9000244140625,1777.300048828125,134
2012-10-04,1783.5,1794.800048828125,1783.5,1794.0999755859375,199
2012-10-05,1792.199951171875,1792.199951171875,1776.5999755859375,1778.5999755859375,257
2012-10-08,1778,1778,1766.800048828125,1773.5,33
2012-10-09,1776.699951171875,1776.699951171875,1762.300048828125,1763,24
2012-10-10,1762.4000244140625,1764.199951171875,1758.0999755859375,1763.199951171875,29
2012-10-11,1761.5999755859375,1771,1761.5999755859375,1768.800048828125,30
2012-10-12,1769.5,1769.5,1753.5999755859375,1758,84
2012-10-15,1750,1750,1729.9000244140625,1736,108
2012-10-16,1736.699951171875,1744.699951171875,1736.5999755859375,1744.699951171875,15
2012-10-17,1749.4000244140625,1751.5,1746,1751.5,36
2012-10-18,1749.0999755859375,1749.0999755859375,1740.5,1743.300048828125,27
2012-10-19,1741.0999755859375,1741.0999755859375,1721,1722.800048828125,70
2012-10-22,1715,1728.300048828125,1715,1725.0999755859375,12
2012-10-23,1726.5999755859375,1726.5999755859375,1708.300048828125,1708.300048828125,75
2012-10-24,1708.4000244140625,1708.5,1698.5999755859375,1700.5,27
2012-10-25,1711.699951171875,1716.699951171875,1711.699951171875,1712,33
2012-10-26,1706.0999755859375,1716.199951171875,1706.0999755859375,1710.9000244140625,77
2012-10-29,"1,708.70","1,712.20","1,717.80","1,706.20",57.61K
2012-10-30,"1,712.10","1,710.30","1,715.70","1,705.20",57.25K
2012-10-31,1714.4000244140625,1724.5,1714.4000244140625,1717.5,64
2012-11-01,1722.300048828125,1725.0999755859375,1714.0999755859375,1714.0999755859375,24
2012-11-02,1711.300048828125,1711.300048828125,1674.0999755859375,1674.0999755859375,50
2012-11-05,1682.800048828125,1683.0999755859375,1674.300048828125,1682.199951171875,7
2012-11-06,1690.0999755859375,1718,1690.0999755859375,1714.0999755859375,47
2012-11-07,1707.699951171875,1726.5,1703.699951171875,1713.199951171875,42
2012-11-08,1715.9000244140625,1725.4000244140625,1714.199951171875,1725.4000244140625,34
2012-11-09,1733.699951171875,1734.0999755859375,1727.5999755859375,1730.300048828125,6
2012-11-12,1733.199951171875,1733.4000244140625,1730.300048828125,1730.300048828125,6
2012-11-13,1721.5999755859375,1728.199951171875,1718.5,1724.199951171875,12
2012-11-14,1722,1729.5,1722,1729.5,11
2012-11-15,1724.9000244140625,1724.9000244140625,1706.300048828125,1713.300048828125,10
2012-11-16,1710,1714.300048828125,1706.9000244140625,1714.300048828125,16
2012-11-19,1721.800048828125,1734,1721.800048828125,1734,4
2012-11-20,1730.5999755859375,1731.0999755859375,1722.5,1723.199951171875,21
2012-11-21,1725.800048828125,1727.9000244140625,1725.800048828125,1727.9000244140625,23
2012-11-22,"1,751.40","1,729.10","1,755.00","1,727.60",165.90K
2012-11-23,1735,1751.300048828125,1735,1751.300048828125,8
2012-11-26,1750.300048828125,1750.5,1749.4000244140625,1749.5,24
2012-11-27,1746.4000244140625,1746.4000244140625,1742.199951171875,1742.199951171875,7
2012-11-28,1739.800048828125,1739.800048828125,1716.5,1716.5,276136
2012-11-29,1719.5999755859375,1729,1717.699951171875,1727.199951171875,65599
2012-11-30,1725.199951171875,1731.199951171875,1708.4000244140625,1710.9000244140625,3690
2012-12-03,1714.9000244140625,1721.9000244140625,1714.5,1719.5999755859375,1238
2012-12-04,1716.300048828125,1716.800048828125,1691.5999755859375,1694.4000244140625,1428
2012-12-05,1697.0999755859375,1706,1685,1692.4000244140625,1262
2012-12-06,1694.300048828125,1702.0999755859375,1686.4000244140625,1700.300048828125,525
2012-12-07,1701.199951171875,1704.5,1684,1704,169
2012-12-10,1704.199951171875,1717,1704.199951171875,1713,88
2012-12-11,1710,1714.0999755859375,1705.9000244140625,1708.199951171875,88
2012-12-12,1710.0999755859375,1722.300048828125,1708,1716.5999755859375,195
2012-12-13,1707.199951171875,1707.199951171875,1689.9000244140625,1695.5999755859375,240
2012-12-14,1698.300048828125,1699.199951171875,1694.4000244140625,1695.800048828125,72
2012-12-17,1690.5,1698.5,1689.5,1697,65
2012-12-18,1701.4000244140625,1702.800048828125,1661,1669.5,501
2012-12-19,1675.300048828125,1676,1664.5999755859375,1666.5,76
2012-12-20,1667.9000244140625,1671,1637.5999755859375,1644.9000244140625,158
2012-12-21,1648,1659.0999755859375,1635.800048828125,1659.0999755859375,78
2012-12-24,1657.699951171875,1663.800048828125,1654.9000244140625,1658.5999755859375,73
2012-12-26,1654.5,1666.699951171875,1654.5,1659.800048828125,73
2012-12-27,1656.199951171875,1662.5999755859375,1656.199951171875,1662.5999755859375,446
2012-12-28,1664,1664,1653.699951171875,1654.9000244140625,197
2012-12-31,1655.4000244140625,1677.0999755859375,1655.4000244140625,1674.800048828125,89
2013-01-02,1672.800048828125,1693.800048828125,1670,1687.9000244140625,35
2013-01-03,1686.0999755859375,1686.800048828125,1662,1673.699951171875,140
2013-01-04,1647,1658.300048828125,1625.699951171875,1648.0999755859375,199
2013-01-07,1656.5,1659.9000244140625,1643.800048828125,1645.5,49
2013-01-08,1647.699951171875,1661.5,1647.699951171875,1661.5,17
2013-01-09,1658.5999755859375,1662.0999755859375,1651.9000244140625,1654.800048828125,9
2013-01-10,1672.5,1677.300048828125,1672.5,1677.300048828125,9
2013-01-11,1673.0999755859375,1673.0999755859375,1654.199951171875,1660,147
2013-01-14,1665.4000244140625,1673.800048828125,1664.0999755859375,1668.9000244140625,10
2013-01-15,1671.5999755859375,1684.300048828125,1671.5999755859375,1683.4000244140625,20
2013-01-16,1674.4000244140625,1682.699951171875,1674.4000244140625,1682.699951171875,11
2013-01-17,1676.4000244140625,1694.5999755859375,1671,1690.4000244140625,81
2013-01-18,1687.4000244140625,1692,1686.5999755859375,1686.5999755859375,14
2013-01-21,"1,693.20","1,686.50","1,695.90","1,684.80",165.13K
2013-01-22,1690.300048828125,1694.699951171875,1687.800048828125,1692.800048828125,15
2013-01-23,1691.300048828125,1693.699951171875,1685.199951171875,1686.300048828125,28
2013-01-24,1680.800048828125,1681.699951171875,1668,1669.5,13
2013-01-25,1663,1663,1656.4000244140625,1656.4000244140625,44
2013-01-28,1651.5999755859375,1655.5,1651.5999755859375,1652.4000244140625,82
2013-01-29,1661.199951171875,1661.5,1660.699951171875,1660.699951171875,145863
2013-01-30,1662.4000244140625,1683,1661.800048828125,1679.9000244140625,44893
2013-01-31,1675.4000244140625,1680,1657.4000244140625,1660.5999755859375,6044
2013-02-01,1663.9000244140625,1681.199951171875,1659.9000244140625,1669.4000244140625,3250
2013-02-04,1668,1676.5,1661.5999755859375,1675.300048828125,450
2013-02-05,1674.199951171875,1683.4000244140625,1666.5,1672.4000244140625,353
2013-02-06,1672.199951171875,1678.5,1668,1677.699951171875,376
2013-02-07,1677,1682.0999755859375,1663.0999755859375,1670.4000244140625,475
2013-02-08,1671.5,1672.5,1664.800048828125,1666,289
2013-02-11,1666.5,1668,1643.699951171875,1648.199951171875,868
2013-02-12,1643.800048828125,1650.4000244140625,1642.4000244140625,1648.699951171875,85
2013-02-13,1652.199951171875,1652.300048828125,1640.199951171875,1644.199951171875,236
2013-02-14,1641.0999755859375,1646.9000244140625,1632.699951171875,1634.699951171875,219
2013-02-15,1633.199951171875,1633.9000244140625,1599.5,1608.800048828125,460
2013-02-18,"1,604.20","1,610.00","1,618.80","1,600.20",220.23K
2013-02-19,1610,1617,1599.699951171875,1603.5999755859375,272
2013-02-20,1604.699951171875,1606.9000244140625,1561.800048828125,1577.5999755859375,278
2013-02-21,1568.5,1581.199951171875,1555.199951171875,1578.199951171875,2019
2013-02-22,1580,1585.4000244140625,1572.4000244140625,1572.4000244140625,76
2013-02-25,1579.4000244140625,1596,1577.699951171875,1586.199951171875,118
2013-02-26,1593.300048828125,1615.199951171875,1589,1615.199951171875,1158
2013-02-27,1612.800048828125,1612.800048828125,1591.800048828125,1595.199951171875,700
2013-02-28,1596,1601.5999755859375,1575.0999755859375,1577.699951171875,102
2013-03-01,1579.5999755859375,1585.5999755859375,1566,1571.9000244140625,68
2013-03-04,1580.800048828125,1580.800048828125,1569.699951171875,1572.0999755859375,64
2013-03-05,1577.5999755859375,1585.5,1571.4000244140625,1574.5999755859375,65
2013-03-06,1577.5999755859375,1582.5999755859375,1566.800048828125,1574.5999755859375,106
2013-03-07,1580,1583.5,1573.9000244140625,1574.800048828125,52
2013-03-08,1578.5999755859375,1581.199951171875,1561.800048828125,1576.5999755859375,68
2013-03-11,1576,1579.699951171875,1576,1577.800048828125,1115
2013-03-12,1579.800048828125,1595.5999755859375,1579.800048828125,1591.5,159
2013-03-13,1592.300048828125,1596,1585,1588.300048828125,396
2013-03-14,1585.699951171875,1590.5999755859375,1575.699951171875,1590.5999755859375,137
2013-03-15,1590.5,1594.4000244140625,1590.199951171875,1592.5,11
2013-03-18,1605.9000244140625,1607.699951171875,1601.5999755859375,1604.5999755859375,613
2013-03-19,1613.0999755859375,1613.0999755859375,1611.300048828125,1611.300048828125,202
2013-03-20,1610,1612.5,1606.199951171875,1607.5,5
2013-03-21,1612.800048828125,1613.800048828125,1611.9000244140625,1613.800048828125,7
2013-03-22,1611,1611,1604.0999755859375,1606.199951171875,101
2013-03-25,1607.0999755859375,1607.800048828125,1596.0999755859375,1604.5999755859375,27
2013-03-26,1595.800048828125,1595.800048828125,1595.800048828125,1595.800048828125,165484
2013-03-27,1598.5,1608.0999755859375,1590.300048828125,1606.199951171875,50450
2013-03-28,1604.699951171875,1606.5999755859375,1593.5999755859375,1594.800048828125,4717
2013-04-01,1596.800048828125,1600.5,1594.800048828125,1600,688
2013-04-02,1599.199951171875,1602.5999755859375,1574.0999755859375,1575.0999755859375,2289
2013-04-03,1575.699951171875,1576.4000244140625,1549.199951171875,1552.800048828125,2171
2013-04-04,1557.300048828125,1557.300048828125,1539.0999755859375,1551.800048828125,829
2013-04-05,1553.199951171875,1580.5999755859375,1550.0999755859375,1575.4000244140625,1184
2013-04-08,1575.800048828125,1577.800048828125,1567.800048828125,1572,101
2013-04-09,1571.5999755859375,1589.300048828125,1570,1586.199951171875,215
2013-04-10,1584.4000244140625,1586,1557,1558.300048828125,359
2013-04-11,1557.0999755859375,1566.699951171875,1554.800048828125,1564.300048828125,1070
2013-04-12,1560.800048828125,1560.800048828125,1480.199951171875,1501,881
2013-04-15,1478.199951171875,1487.4000244140625,1338,1360.5999755859375,1309
2013-04-16,1358,1401,1323,1386.800048828125,619
2013-04-17,1373.199951171875,1394.199951171875,1370.199951171875,1382.199951171875,92
2013-04-18,1347.5,1396.4000244140625,1347.5,1392,57
2013-04-19,1419.300048828125,1420.300048828125,1395.0999755859375,1395.300048828125,241
2013-04-22,1406.800048828125,1434.9000244140625,1406.800048828125,1421,70
2013-04-23,1429.5,1429.5,1405.800048828125,1408.5999755859375,334
2013-04-24,1423.199951171875,1430.0999755859375,1420.4000244140625,1423.4000244140625,138
2013-04-25,1433,1461.800048828125,1433,1461.800048828125,222
2013-04-26,1467.4000244140625,1476.199951171875,1451.4000244140625,1453.5999755859375,976
2013-04-29,1462.699951171875,1475.5,1462.300048828125,1467.4000244140625,269
2013-04-30,1471.0999755859375,1476.5999755859375,1461,1472.199951171875,534
2013-05-01,1475.800048828125,1477.0999755859375,1440,1446.300048828125,131
2013-05-02,1459,1471.199951171875,1453.5,1467.699951171875,244
2013-05-03,1465.5,1487.0999755859375,1461.4000244140625,1464.300048828125,68
2013-05-06,1468.0999755859375,1477.199951171875,1466.800048828125,1468.0999755859375,33
2013-05-07,1462,1466.199951171875,1441.199951171875,1449,91
2013-05-08,1455.5,1474.699951171875,1450.699951171875,1473.9000244140625,81
2013-05-09,1471.199951171875,1473.4000244140625,1453,1468.800048828125,27
2013-05-10,1455.5999755859375,1459.300048828125,1423,1436.800048828125,569
2013-05-13,1440,1440.5999755859375,1427.800048828125,1434.5,344
2013-05-14,1430.0999755859375,1444.4000244140625,1422,1424.699951171875,72
2013-05-15,1425.699951171875,1425.699951171875,1390.0999755859375,1396.5,364
2013-05-16,1390.4000244140625,1395.0999755859375,1370.5999755859375,1387.0999755859375,38
2013-05-17,1386.699951171875,1391.0999755859375,1359.0999755859375,1364.9000244140625,50
2013-05-20,1342.9000244140625,1387.5,1342.9000244140625,1384.300048828125,21
2013-05-21,1386.5,1392.300048828125,1358.5,1377.800048828125,51
2013-05-22,1387.199951171875,1395.699951171875,1364.5,1367.5999755859375,14
2013-05-23,1380.5999755859375,1394.800048828125,1377.800048828125,1392,58
2013-05-24,1386.800048828125,1386.800048828125,1386.800048828125,1386.800048828125,2
2013-05-27,"1,378.90","1,386.30","1,401.00","1,372.10",295.01K
2013-05-28,1380.800048828125,1390.4000244140625,1379.0999755859375,1379.0999755859375,55
2013-05-29,1391.300048828125,1391.300048828125,1391.300048828125,1391.300048828125,168665
2013-05-30,1392.0999755859375,1417.5,1388.300048828125,1411.5,45133
2013-05-31,1412.4000244140625,1421.0999755859375,1384.199951171875,1392.5999755859375,5997
2013-06-03,1389.0999755859375,1416.300048828125,1388.300048828125,1411.699951171875,1420
2013-06-04,1410.9000244140625,1413.699951171875,1389,1397.0999755859375,930
2013-06-05,1397.5,1410,1395.5999755859375,1398.4000244140625,1687
2013-06-06,1401.699951171875,1422.699951171875,1391.5999755859375,1415.699951171875,782
2013-06-07,1411.5,1416.0999755859375,1377.9000244140625,1383,1163
2013-06-10,1378.800048828125,1386.9000244140625,1375.5999755859375,1386.199951171875,367
2013-06-11,1384.199951171875,1384.4000244140625,1366,1377,482
2013-06-12,1375,1393.5,1373.699951171875,1391.800048828125,514
2013-06-13,1386.800048828125,1390.9000244140625,1373.4000244140625,1377.5999755859375,458
2013-06-14,1383.9000244140625,1389.5999755859375,1377.800048828125,1387.300048828125,90
2013-06-17,1390.300048828125,1390.5,1380,1382.800048828125,114
2013-06-18,1383.0999755859375,1383.5,1363,1366.5999755859375,346
2013-06-19,1368.0999755859375,1373.5999755859375,1348.0999755859375,1373.5999755859375,198
2013-06-20,1348.0999755859375,1348.0999755859375,1275.4000244140625,1285.9000244140625,712
2013-06-21,1280.4000244140625,1300,1268.9000244140625,1291.5999755859375,456
2013-06-24,1297.300048828125,1297.300048828125,1275.699951171875,1276.800048828125,321
2013-06-25,1281.300048828125,1286,1273.199951171875,1274.800048828125,953
2013-06-26,1273.9000244140625,1273.9000244140625,1228.800048828125,1229.5999755859375,981
2013-06-27,1224.699951171875,1241.4000244140625,1198.300048828125,1211.4000244140625,533
2013-06-28,1200.9000244140625,1232.300048828125,1183.199951171875,1223.800048828125,232
2013-07-01,1234.699951171875,1261,1234.199951171875,1255.9000244140625,150
2013-07-02,1254.0999755859375,1266.300048828125,1241.199951171875,1243.5999755859375,107
2013-07-03,1243.800048828125,1258.199951171875,1240.300048828125,1252.0999755859375,19
2013-07-04,"1,212.70","1,252.70","1,257.10","1,206.90",227.04K
2013-07-05,1252.699951171875,1254.0999755859375,1208.9000244140625,1212.9000244140625,72
2013-07-08,1218.800048828125,1235.199951171875,1215.4000244140625,1234.9000244140625,58
2013-07-09,1234.699951171875,1254.5,1234.4000244140625,1245.9000244140625,33
2013-07-10,1244.5999755859375,1263.9000244140625,1244.5999755859375,1247.4000244140625,58
2013-07-11,1284.5999755859375,1285,1278.9000244140625,1280.0999755859375,18
2013-07-12,1282.300048828125,1282.300048828125,1274.300048828125,1277.800048828125,6
2013-07-15,1292.0999755859375,1292.4000244140625,1281.5999755859375,1283.800048828125,19
2013-07-16,1279.4000244140625,1291.4000244140625,1279.4000244140625,1290.800048828125,13
2013-07-17,1286.199951171875,1294.4000244140625,1272.9000244140625,1277.9000244140625,11
2013-07-18,1275.300048828125,1286.4000244140625,1275.199951171875,1284.5999755859375,26
2013-07-19,1291.699951171875,1293.300048828125,1290,1293.300048828125,9
2013-07-22,1317,1336.4000244140625,1317,1336.4000244140625,18
2013-07-23,1334.800048828125,1342.300048828125,1327.9000244140625,1335.0999755859375,10
2013-07-24,1342.199951171875,1343.5,1318.5999755859375,1319.699951171875,42
2013-07-25,1318.5,1336.800048828125,1318.5,1329,55
2013-07-26,1326.5,1326.5,1321.699951171875,1321.699951171875,66
2013-07-29,1328.4000244140625,1328.4000244140625,1328.4000244140625,1328.4000244140625,134359
2013-07-30,1327.199951171875,1329.5999755859375,1316.199951171875,1324,44769
2013-07-31,1325.5,1338.4000244140625,1304.9000244140625,1312.4000244140625,6252
2013-08-01,1323,1328.5,1306.9000244140625,1311,1562
2013-08-02,1306.699951171875,1317,1283,1310.5999755859375,1451
2013-08-05,1311.199951171875,1318.300048828125,1297.5,1302.5999755859375,904
2013-08-06,1303,1305.9000244140625,1279.300048828125,1283.199951171875,1314
2013-08-07,1282.5,1288.4000244140625,1274,1286.0999755859375,989
2013-08-08,1283.9000244140625,1312.800048828125,1283.699951171875,1310.699951171875,482
2013-08-09,1315.0999755859375,1315.800048828125,1306.699951171875,1312.9000244140625,449
2013-08-12,1317.199951171875,1342.4000244140625,1317.199951171875,1334.699951171875,312
2013-08-13,1331.9000244140625,1339.0999755859375,1320.199951171875,1321.199951171875,209
2013-08-14,1317.699951171875,1336.300048828125,1317.699951171875,1334,333
2013-08-15,1340.0999755859375,1369.5999755859375,1319.9000244140625,1361.5999755859375,235
2013-08-16,1366.800048828125,1378.9000244140625,1361,1371.699951171875,175
2013-08-19,1379,1384.4000244140625,1363.9000244140625,1366.199951171875,139
2013-08-20,1355,1377,1355,1373.0999755859375,123
2013-08-21,1372.5,1377.300048828125,1360.9000244140625,1370.5999755859375,109
2013-08-22,1362,1380.4000244140625,1362,1371.199951171875,79
2013-08-23,1376.800048828125,1398.199951171875,1373.9000244140625,1395.699951171875,178
2013-08-26,1398.5999755859375,1402.800048828125,1391.300048828125,1393,203
2013-08-27,1403.800048828125,1421.0999755859375,1398.699951171875,1420.5999755859375,397
2013-08-28,1417.300048828125,1428,1417.300048828125,1419,489
2013-08-29,1417.4000244140625,1417.4000244140625,1404.5,1412.9000244140625,375
2013-08-30,1407.199951171875,1409.800048828125,1392.300048828125,1396.0999755859375,0
2013-09-02,"1,412.00","1,394.00","1,416.40","1,373.60",206.00K
2013-09-03,1393,1414.4000244140625,1382.300048828125,1412,139
2013-09-04,1413,1413,1387.0999755859375,1389.9000244140625,104
2013-09-05,1393.5,1397.5,1367.0999755859375,1373.0999755859375,37
2013-09-06,1371,1390.0999755859375,1368.9000244140625,1386.699951171875,52
2013-09-09,1389.800048828125,1389.800048828125,1386.5,1386.800048828125,44
2013-09-10,1377.5,1377.5,1357.5999755859375,1364.0999755859375,21
2013-09-11,1365.800048828125,1365.800048828125,1356.699951171875,1363.9000244140625,60
2013-09-12,1360,1360,1322.4000244140625,1330.4000244140625,120
2013-09-13,1322.9000244140625,1323,1305.300048828125,1308.4000244140625,38
2013-09-16,1328.4000244140625,1329.5999755859375,1310.800048828125,1317.9000244140625,107
2013-09-17,1313,1313.0999755859375,1309.5,1309.5,24
2013-09-18,1292.0999755859375,1347.699951171875,1292.0999755859375,1307.800048828125,29
2013-09-19,1362.9000244140625,1373,1362.9000244140625,1369.4000244140625,35
2013-09-20,1347.5,1347.5,1330.699951171875,1332.5,2
2013-09-23,1327.0999755859375,1327.800048828125,1317.5999755859375,1326.9000244140625,78
2013-09-24,1321.199951171875,1324.9000244140625,1309.4000244140625,1316,61
2013-09-25,1322.699951171875,1335.9000244140625,1322.699951171875,1335.9000244140625,51
2013-09-26,1335.199951171875,1338.300048828125,1323.5999755859375,1323.5999755859375,13170
2013-09-27,1321.5,1343.800048828125,1319.699951171875,1338.4000244140625,2990
2013-09-30,1345.800048828125,1350.9000244140625,1322,1326.5,597
2013-10-01,1328,1334,1284.5,1286,815
2013-10-02,1288.5,1321,1280,1320.5999755859375,152
2013-10-03,1312,1319.5,1302.5,1317.4000244140625,217
2013-10-04,1316.199951171875,1318.0999755859375,1305.699951171875,1309.699951171875,38
2013-10-07,1313.800048828125,1325.4000244140625,1311.800048828125,1324.800048828125,84
2013-10-08,1326.5,1330,1321.199951171875,1324.199951171875,57
2013-10-09,1317.5999755859375,1319,1295.300048828125,1306.9000244140625,140
2013-10-10,1303.4000244140625,1310.800048828125,1285,1296.5999755859375,89
2013-10-11,1286.9000244140625,1291.5999755859375,1263.800048828125,1268,210
2013-10-14,1275.800048828125,1285.800048828125,1273.9000244140625,1276.4000244140625,61
2013-10-15,1270.5,1283.5999755859375,1254.0999755859375,1273,208
2013-10-16,1282.800048828125,1284,1269.199951171875,1282,86
2013-10-17,1307,1322.699951171875,1307,1322.699951171875,72
2013-10-18,1318.800048828125,1326,1312.5999755859375,1314.4000244140625,65
2013-10-21,1316.800048828125,1317.699951171875,1315.699951171875,1315.699951171875,23
2013-10-22,1313.9000244140625,1342.5999755859375,1313.9000244140625,1342.5,55
2013-10-23,1331.9000244140625,1333.9000244140625,1331.9000244140625,1333.9000244140625,13
2013-10-24,1334.5,1350.199951171875,1334.5,1350.199951171875,18
2013-10-25,1346.199951171875,1353,1346.199951171875,1352.4000244140625,23
2013-10-28,1351.4000244140625,1359.199951171875,1349,1352,23
2013-10-29,1359.5999755859375,1359.699951171875,1345.199951171875,1345.199951171875,168
2013-10-30,1340.800048828125,1355.800048828125,1335.5999755859375,1349,44
2013-10-31,1334,1334,1321.699951171875,1323.5999755859375,62
2013-11-01,1325.699951171875,1325.699951171875,1308,1313.0999755859375,21
2013-11-04,1314.5999755859375,1320.5,1312.0999755859375,1314.5999755859375,39
2013-11-05,1313.300048828125,1317.5,1306.9000244140625,1308,98
2013-11-06,1313.5,1318.5999755859375,1312.5,1317.699951171875,11
2013-11-07,1323.5999755859375,1323.5999755859375,1298,1308.4000244140625,129
2013-11-08,1308,1308.0999755859375,1281.300048828125,1284.5,22
2013-11-11,1281.5999755859375,1281.800048828125,1281,1281,5
2013-11-12,1282.300048828125,1282.300048828125,1271.0999755859375,1271.0999755859375,3
2013-11-13,1274,1280.5,1268.300048828125,1268.300048828125,17
2013-11-14,1280.199951171875,1293.300048828125,1278.0999755859375,1286.199951171875,29
2013-11-15,1287.699951171875,1288.5,1281.5,1287.300048828125,16
2013-11-18,1284.699951171875,1284.800048828125,1272.199951171875,1272.199951171875,10
2013-11-19,1274.199951171875,1275.199951171875,1271,1273.4000244140625,10
2013-11-20,1269,1269,1241.9000244140625,1257.9000244140625,120
2013-11-21,1245.699951171875,1247.0999755859375,1236.5,1243.5,90
2013-11-22,1243.199951171875,1247,1241.4000244140625,1244,77
2013-11-25,1231.0999755859375,1241.0999755859375,1229,1241.0999755859375,19
2013-11-26,1243,1243,1241.4000244140625,1241.4000244140625,178417
2013-11-27,1241.5999755859375,1254.800048828125,1235.5,1237.800048828125,82331
2013-11-28,"1,250.40","1,237.90","1,254.50","1,234.10",113.09K
2013-11-29,1237.800048828125,1254.5,1233.699951171875,1250.5999755859375,9203
2013-12-02,1251.4000244140625,1251.5,1217.800048828125,1222.300048828125,4979
2013-12-03,1219.199951171875,1225.699951171875,1215.5999755859375,1221.699951171875,1932
2013-12-04,1225.0999755859375,1250.4000244140625,1212.9000244140625,1248.199951171875,1823
2013-12-05,1240,1241.5,1218.5999755859375,1233.199951171875,446
2013-12-06,1228.699951171875,1242,1213,1230.300048828125,1032
2013-12-09,1230.199951171875,1243.199951171875,1229,1235.300048828125,352
2013-12-10,1239,1267,1239,1262.4000244140625,882
2013-12-11,1261.9000244140625,1261.9000244140625,1252.0999755859375,1258.5,147
2013-12-12,1253.5,1255.4000244140625,1225.9000244140625,1226,609
2013-12-13,1226.699951171875,1239,1222.199951171875,1235.699951171875,446
2013-12-16,1238.4000244140625,1250.5999755859375,1228.9000244140625,1245.5,242
2013-12-17,1237,1240.4000244140625,1231.199951171875,1231.199951171875,22
2013-12-18,1231.5,1245.0999755859375,1217,1236.0999755859375,114
2013-12-19,1226.5999755859375,1226.5999755859375,1188.699951171875,1195,124
2013-12-20,1190.9000244140625,1207.800048828125,1190.9000244140625,1205.0999755859375,204
2013-12-23,1205.199951171875,1205.199951171875,1195.9000244140625,1198.4000244140625,123
2013-12-24,1199.800048828125,1205.5999755859375,1197.699951171875,1205.0999755859375,184
2013-12-26,1207.0999755859375,1215.9000244140625,1207.0999755859375,1214.0999755859375,140
2013-12-27,1213.4000244140625,1218.5,1212.9000244140625,1216.0999755859375,278
2013-12-30,1215,1215,1194.4000244140625,1203.0999755859375,351
2013-12-31,1196.4000244140625,1212.4000244140625,1182,1201.9000244140625,124
2014-01-02,1204.300048828125,1227.300048828125,1204.300048828125,1225,209
2014-01-03,1221.699951171875,1239,1221.699951171875,1238.4000244140625,142
2014-01-06,1232.800048828125,1247,1221.9000244140625,1237.800048828125,127
2014-01-07,1239.300048828125,1242.4000244140625,1226.300048828125,1229.4000244140625,73
2014-01-08,1227.5,1227.5,1218.5999755859375,1225.300048828125,189
2014-01-09,1225.800048828125,1229.300048828125,1225.800048828125,1229.300048828125,7
2014-01-10,1235,1246.800048828125,1234,1246.699951171875,58
2014-01-13,1250.5999755859375,1252.699951171875,1245.5,1250.9000244140625,46
2014-01-14,1251,1251.300048828125,1242,1245.199951171875,37
2014-01-15,1243.0999755859375,1243.199951171875,1238.0999755859375,1238.0999755859375,68
2014-01-16,1239.300048828125,1242.800048828125,1239,1240,48
2014-01-17,1239.699951171875,1254.300048828125,1239.699951171875,1251.699951171875,101
2014-01-20,"1,241.80","1,252.50","1,262.00","1,235.10",174.69K
2014-01-21,1256.4000244140625,1257.5,1240,1242.300048828125,224
2014-01-22,1241.699951171875,1242,1239,1239,58
2014-01-23,1235.199951171875,1264.199951171875,1235.199951171875,1262.5999755859375,40
2014-01-24,1258.300048828125,1269.4000244140625,1258.300048828125,1264.5,38
2014-01-27,1259.800048828125,1264.4000244140625,1254.4000244140625,1263.5999755859375,92
2014-01-28,1257.9000244140625,1258.4000244140625,1251,1251,20
2014-01-29,1262.199951171875,1262.199951171875,1262.199951171875,1262.199951171875,137028
2014-01-30,1267,1267.699951171875,1237.5,1242.199951171875,45276
2014-01-31,1243.5999755859375,1254.5,1238.4000244140625,1240.0999755859375,5820
2014-02-03,1242.4000244140625,1266.300048828125,1241.199951171875,1260.4000244140625,2914
2014-02-04,1258.4000244140625,1260.699951171875,1247.800048828125,1251.699951171875,1745
2014-02-05,1254,1273.699951171875,1253.0999755859375,1257.300048828125,1616
2014-02-06,1258,1267,1253.5,1257.5999755859375,274
2014-02-07,1258.300048828125,1271.4000244140625,1257.9000244140625,1263.300048828125,436
2014-02-10,1269.5999755859375,1277.300048828125,1265.699951171875,1274.800048828125,742
2014-02-11,1274,1292,1273.800048828125,1290.0999755859375,562
2014-02-12,1290.5,1296.199951171875,1285.5,1295.300048828125,140
2014-02-13,1293.300048828125,1303.5,1287.5,1300.4000244140625,877
2014-02-14,1301.699951171875,1320.699951171875,1301.699951171875,1319,308
2014-02-17,"1,324.40","1,318.60","1,332.40","1,312.30",184.50K
2014-02-18,1322.9000244140625,1330.5999755859375,1313.9000244140625,1324.699951171875,373
2014-02-19,1318.300048828125,1321.5999755859375,1309.0999755859375,1320.5999755859375,193
2014-02-20,1310.699951171875,1323.5,1309.5999755859375,1317.0999755859375,116
2014-02-21,1320,1328.300048828125,1317.4000244140625,1323.9000244140625,171
2014-02-24,1324.300048828125,1339,1321.4000244140625,1338.300048828125,93
2014-02-25,1336.4000244140625,1343.9000244140625,1333.0999755859375,1343,290
2014-02-26,1341.199951171875,1342,1325.5999755859375,1328.199951171875,485
2014-02-27,1329.300048828125,1335,1324.5999755859375,1331.5999755859375,369
2014-02-28,1329.800048828125,1332.5999755859375,1321.0999755859375,1321.4000244140625,239
2014-03-03,1335.9000244140625,1354.0999755859375,1332.9000244140625,1350.0999755859375,232
2014-03-04,1350.4000244140625,1350.4000244140625,1332.199951171875,1337.800048828125,80
2014-03-05,1334.800048828125,1341,1334.800048828125,1340.199951171875,32
2014-03-06,1338,1351.699951171875,1333.300048828125,1351.699951171875,59
2014-03-07,1349.5,1352.699951171875,1329.199951171875,1338.0999755859375,97
2014-03-10,1336,1344.699951171875,1330.5,1341.4000244140625,97
2014-03-11,1340,1352.4000244140625,1338.0999755859375,1346.5,53
2014-03-12,1349.0999755859375,1370.5,1348.699951171875,1370.300048828125,58
2014-03-13,1366.800048828125,1374.5,1366.5,1372.199951171875,23
2014-03-14,1376.0999755859375,1386.5999755859375,1371.0999755859375,1379,91
2014-03-17,1386.0999755859375,1391.4000244140625,1372.199951171875,1372.9000244140625,29
2014-03-18,1359.300048828125,1361.800048828125,1353.4000244140625,1359,35
2014-03-19,1357.0999755859375,1358,1332.699951171875,1341.4000244140625,57
2014-03-20,1333.699951171875,1333.699951171875,1325.800048828125,1330.5,72
2014-03-21,1339.0999755859375,1339.0999755859375,1335.800048828125,1336,3
2014-03-24,1333,1333,1310.5,1311.199951171875,103
2014-03-25,1315.5,1315.5,1307.5,1311.4000244140625,46
2014-03-26,1315.199951171875,1315.199951171875,1303.4000244140625,1303.4000244140625,4
2014-03-27,1294.699951171875,1294.699951171875,1294.699951171875,1294.699951171875,185016
2014-03-28,1292.199951171875,1299.4000244140625,1285.9000244140625,1293.800048828125,65486
2014-03-31,1294.300048828125,1298.800048828125,1282.4000244140625,1283.4000244140625,4121
2014-04-01,1285.0999755859375,1287.9000244140625,1277.300048828125,1279.5999755859375,884
2014-04-02,1280.199951171875,1294.0999755859375,1280.199951171875,1290.5,1099
2014-04-03,1290.800048828125,1293.5,1282.699951171875,1284.4000244140625,775
2014-04-04,1285.5,1306.0999755859375,1284.4000244140625,1303.199951171875,976
2014-04-07,1301.4000244140625,1304,1296.300048828125,1298,361
2014-04-08,1296.5999755859375,1314.0999755859375,1296.5999755859375,1308.699951171875,264
2014-04-09,1309.5,1313.5999755859375,1301.0999755859375,1305.5,191
2014-04-10,1311.800048828125,1323.800048828125,1311.199951171875,1320.0999755859375,127
2014-04-11,1319,1322.800048828125,1316.300048828125,1318.699951171875,76
2014-04-14,1320.0999755859375,1330,1320.0999755859375,1327.199951171875,328
2014-04-15,1322.699951171875,1322.699951171875,1291.5,1300,238
2014-04-16,1302.699951171875,1303.5,1295,1303.0999755859375,177
2014-04-17,1300.0999755859375,1303,1292.5,1293.4000244140625,124
2014-04-21,1290,1299.199951171875,1283.800048828125,1288,100
2014-04-22,1289.199951171875,1291.5999755859375,1276,1280.5999755859375,100
2014-04-23,1284.300048828125,1287.699951171875,1282.4000244140625,1284.199951171875,176
2014-04-24,1284.5999755859375,1297.9000244140625,1272.4000244140625,1290.5,522
2014-04-25,1293.800048828125,1304.5999755859375,1293.800048828125,1300.699951171875,274
2014-04-28,1305.4000244140625,1305.4000244140625,1293,1298.9000244140625,388
2014-04-29,1295.5,1300.5,1289.0999755859375,1296,904
2014-04-30,1296,1296.5,1286.5999755859375,1295.5999755859375,181
2014-05-01,1288.699951171875,1288.699951171875,1278,1283.0999755859375,25
2014-05-02,1276.699951171875,1302.699951171875,1276.699951171875,1302.5999755859375,90
2014-05-05,1305.5999755859375,1314.199951171875,1305.5,1309,31
2014-05-06,1309.4000244140625,1309.4000244140625,1306.9000244140625,1308.300048828125,14
2014-05-07,1310.300048828125,1312,1288,1288.5999755859375,21
2014-05-08,1291.5,1291.5,1285.5,1287.4000244140625,65
2014-05-09,1287.300048828125,1287.300048828125,1287.300048828125,1287.300048828125,3
2014-05-12,1282.0999755859375,1295.9000244140625,1281.199951171875,1295.5999755859375,19
2014-05-13,1295.5,1295.5,1292,1294.5999755859375,20
2014-05-14,1292.800048828125,1306.9000244140625,1292.800048828125,1305.699951171875,25
2014-05-15,1302.5,1302.5,1292.800048828125,1293.5,27
2014-05-16,1293.300048828125,1293.300048828125,1293.300048828125,1293.300048828125,8
2014-05-19,1293.699951171875,1293.699951171875,1293.699951171875,1293.699951171875,44
2014-05-20,1290.699951171875,1294.5,1290.0999755859375,1294.5,8
2014-05-21,1287.4000244140625,1288,1287.4000244140625,1288,2
2014-05-22,1294.199951171875,1295,1294.199951171875,1294.9000244140625,4
2014-05-23,1293.199951171875,1293.4000244140625,1291.5999755859375,1291.5999755859375,3
2014-05-26,"1,265.50","1,293.60","1,294.80","1,263.20",252.10K
2014-05-27,1291.9000244140625,1291.9000244140625,1265.4000244140625,1265.4000244140625,25
2014-05-28,1259.300048828125,1259.300048828125,1259.300048828125,1259.300048828125,168825
2014-05-29,1258.300048828125,1260.5999755859375,1250.9000244140625,1256.300048828125,38045
2014-05-30,1255.0999755859375,1259.5999755859375,1241.800048828125,1245.5999755859375,3839
2014-06-02,1250,1250.699951171875,1240.9000244140625,1243.699951171875,774
2014-06-03,1244.0999755859375,1247.5,1240.5,1244.300048828125,654
2014-06-04,1245.0999755859375,1248.800048828125,1242.699951171875,1244,604
2014-06-05,1244,1256.5999755859375,1241.199951171875,1253,1317
2014-06-06,1253.4000244140625,1256.5999755859375,1246.300048828125,1252.0999755859375,381
2014-06-09,1252.699951171875,1256.0999755859375,1252.5999755859375,1253.5,97
2014-06-10,1252.4000244140625,1262.300048828125,1251,1259.800048828125,1007
2014-06-11,1259.9000244140625,1264.4000244140625,1259.0999755859375,1260.800048828125,128
2014-06-12,1260,1274.5,1260,1273.5999755859375,129
2014-06-13,1272.5,1274.699951171875,1271.300048828125,1273.699951171875,145
2014-06-16,1279.800048828125,1282.0999755859375,1270.800048828125,1274.9000244140625,334
2014-06-17,1272.800048828125,1272.800048828125,1260.9000244140625,1271.699951171875,819
2014-06-18,1269.9000244140625,1272.699951171875,1267.4000244140625,1272.4000244140625,143
2014-06-19,1277.199951171875,1321,1277.199951171875,1313.699951171875,601
2014-06-20,1321.4000244140625,1321.4000244140625,1306.800048828125,1316.199951171875,254
2014-06-23,1312.300048828125,1318,1312.300048828125,1318,142
2014-06-24,1315.5999755859375,1325.5999755859375,1315.5999755859375,1320.9000244140625,223
2014-06-25,1315.300048828125,1323.4000244140625,1312,1322.199951171875,294
2014-06-26,1319.5999755859375,1319.5999755859375,1312.4000244140625,1316.0999755859375,1204
2014-06-27,1317.4000244140625,1320.9000244140625,1313.300048828125,1319,625
2014-06-30,1315.300048828125,1328.699951171875,1311.800048828125,1321.800048828125,744
2014-07-01,1326.699951171875,1331.4000244140625,1326.199951171875,1326.4000244140625,51
2014-07-02,1326.800048828125,1330.699951171875,1326.800048828125,1330.699951171875,226
2014-07-03,1327.300048828125,1327.699951171875,1313,1320.4000244140625,40
2014-07-04,"1,317.00","1,321.40","1,321.70","1,312.10",113.07K
2014-07-07,1318.699951171875,1320.300048828125,1313.199951171875,1316.5,93
2014-07-08,1318.4000244140625,1323.5,1316,1316,6
2014-07-09,1324,1330.4000244140625,1323.800048828125,1323.800048828125,16
2014-07-10,1330.5,1343.699951171875,1328,1338.699951171875,28
2014-07-11,1337.9000244140625,1339,1336.199951171875,1337,112
2014-07-14,1332.800048828125,1332.800048828125,1304.699951171875,1306.300048828125,103
2014-07-15,1307.4000244140625,1311.9000244140625,1294.0999755859375,1296.9000244140625,368
2014-07-16,1298.4000244140625,1303.0999755859375,1296.9000244140625,1299.5999755859375,34
2014-07-17,1303.0999755859375,1323.800048828125,1303.0999755859375,1316.699951171875,16
2014-07-18,1322.699951171875,1322.699951171875,1306.199951171875,1309.199951171875,27
2014-07-21,1311,1315.5,1311,1313.699951171875,18
2014-07-22,1306.0999755859375,1306.0999755859375,1306.0999755859375,1306.0999755859375,2
2014-07-23,1304.5,1304.5,1304.5,1304.5,0
2014-07-24,1297.5,1297.5,1290.5999755859375,1290.5999755859375,1
2014-07-25,1294.800048828125,1303.0999755859375,1294.800048828125,1303.0999755859375,8
2014-07-28,1307.4000244140625,1308,1303.300048828125,1303.300048828125,52
2014-07-29,1310.9000244140625,1310.9000244140625,1298.300048828125,1298.300048828125,181554
2014-07-30,1298.5999755859375,1303,1291,1294.9000244140625,36189
2014-07-31,1295.0999755859375,1297.300048828125,1280.5999755859375,1281.300048828125,5663
2014-08-01,1284.0999755859375,1296.5999755859375,1279.699951171875,1293.5999755859375,1985
2014-08-04,1294.4000244140625,1295,1285.9000244140625,1287.699951171875,917
2014-08-05,1288,1292.699951171875,1282.5999755859375,1284,825
2014-08-06,1288.0999755859375,1309,1287.800048828125,1306.699951171875,706
2014-08-07,1305.300048828125,1313.0999755859375,1302.5,1310.800048828125,225
2014-08-08,1310.800048828125,1321.4000244140625,1308,1308.9000244140625,586
2014-08-11,1308.4000244140625,1309.699951171875,1305.300048828125,1308.5,194
2014-08-12,1306.199951171875,1315.800048828125,1305.800048828125,1308.800048828125,438
2014-08-13,1308.800048828125,1312.800048828125,1305,1312.800048828125,238
2014-08-14,1311.800048828125,1316.4000244140625,1309.699951171875,1313.9000244140625,320
2014-08-15,1311.699951171875,1312.800048828125,1292,1304.5,199
2014-08-18,1301.4000244140625,1302.0999755859375,1295.699951171875,1297.699951171875,100
2014-08-19,1298.800048828125,1301.5999755859375,1294,1295.0999755859375,144
2014-08-20,1295.4000244140625,1295.800048828125,1288.4000244140625,1293.4000244140625,332
2014-08-21,1290,1290,1272,1273.699951171875,264
2014-08-22,1276,1280,1275,1278.5999755859375,119
2014-08-25,1277.300048828125,1277.5999755859375,1273.699951171875,1277.300048828125,251
2014-08-26,1289.4000244140625,1289.5,1281.0999755859375,1283.800048828125,74
2014-08-27,1281.5,1282.300048828125,1281.5,1281.9000244140625,783
2014-08-28,1284.5,1293.699951171875,1284.300048828125,1288.699951171875,817
2014-08-29,1289.5,1289.699951171875,1284.800048828125,1285.800048828125,116
2014-09-01,"1,265.00","1,288.50","1,290.90","1,263.10",190.58K
2014-09-02,1284.5,1286.4000244140625,1262.5,1263.699951171875,280
2014-09-03,1266.300048828125,1271.0999755859375,1263.0999755859375,1268.9000244140625,279
2014-09-04,1268.699951171875,1272.699951171875,1260.4000244140625,1265.0999755859375,290
2014-09-05,1263.199951171875,1268.0999755859375,1263.199951171875,1265.800048828125,123
2014-09-08,1268.4000244140625,1268.4000244140625,1252.699951171875,1252.699951171875,2
2014-09-09,1246.800048828125,1246.800048828125,1246.800048828125,1246.800048828125,0
2014-09-10,1256.699951171875,1256.699951171875,1243.5,1243.5,95
2014-09-11,1237.4000244140625,1237.4000244140625,1237.4000244140625,1237.4000244140625,0
2014-09-12,1227,1229.9000244140625,1227,1229.9000244140625,47
2014-09-15,1226.699951171875,1235,1226.699951171875,1233.5999755859375,21
2014-09-16,1238.300048828125,1238.300048828125,1235.199951171875,1235.199951171875,3
2014-09-17,1236.199951171875,1236.199951171875,1221.9000244140625,1234.4000244140625,10
2014-09-18,1216.199951171875,1225.699951171875,1216.199951171875,1225.699951171875,5
2014-09-19,1218.300048828125,1218.300048828125,1215.300048828125,1215.300048828125,4
2014-09-22,1214.9000244140625,1216.800048828125,1212.4000244140625,1216.800048828125,7
2014-09-23,1221,1221,1221,1221,5
2014-09-24,1218.5999755859375,1218.5999755859375,1216.800048828125,1218.5999755859375,2
2014-09-25,1209.5,1221.199951171875,1209.5,1221.199951171875,11
2014-09-26,1214.0999755859375,1214.0999755859375,1214.0999755859375,1214.0999755859375,19497
2014-09-29,1216.300048828125,1222.199951171875,1214.800048828125,1217.5,6344
2014-09-30,1214.800048828125,1218.199951171875,1204,1210.5,680
2014-10-01,1207.699951171875,1217.800048828125,1205.5,1214.5999755859375,178
2014-10-02,1215.300048828125,1219.5,1210.300048828125,1214.199951171875,176
2014-10-03,1212.4000244140625,1212.4000244140625,1191,1192.199951171875,499
2014-10-06,1187.699951171875,1208,1182.800048828125,1206.699951171875,415
2014-10-07,1209.0999755859375,1211.699951171875,1205.300048828125,1211.699951171875,272
2014-10-08,1210.199951171875,1217.9000244140625,1205.300048828125,1205.300048828125,9
2014-10-09,1223.9000244140625,1229,1223.9000244140625,1224.5999755859375,19
2014-10-10,1223.5,1223.5,1217,1221,186
2014-10-13,1229.800048828125,1234,1227,1229.300048828125,103
2014-10-14,1235.9000244140625,1235.9000244140625,1233.5999755859375,1233.5999755859375,73
2014-10-15,1243.699951171875,1247,1243.699951171875,1244.0999755859375,250
2014-10-16,1242.0999755859375,1243,1236.699951171875,1240.5,6
2014-10-17,1237.4000244140625,1238.300048828125,1232.5999755859375,1238.300048828125,356
2014-10-20,1237.300048828125,1244,1235.4000244140625,1244,105
2014-10-21,1251,1251,1251,1251,48
2014-10-22,1244.800048828125,1244.800048828125,1244.800048828125,1244.800048828125,2
2014-10-23,1228,1228.5,1227.9000244140625,1228.5,2
2014-10-24,1229.4000244140625,1232.699951171875,1229.4000244140625,1231.199951171875,71
2014-10-27,1230.199951171875,1230.199951171875,1227.300048828125,1229.0999755859375,282
2014-10-28,1224.9000244140625,1231,1224.699951171875,1229.199951171875,46
2014-10-29,1224.300048828125,1224.300048828125,1224.300048828125,1224.300048828125,631
2014-10-30,1213.699951171875,1214.699951171875,1195.800048828125,1198.0999755859375,521
2014-10-31,1199.5999755859375,1199.699951171875,1161.4000244140625,1171.0999755859375,260
2014-11-03,1166.4000244140625,1172.300048828125,1163.0999755859375,1169.4000244140625,60
2014-11-04,1166.9000244140625,1171,1165,1167.4000244140625,40
2014-11-05,1168.0999755859375,1168.699951171875,1137.800048828125,1145.4000244140625,157
2014-11-06,1141.0999755859375,1147.5,1137.9000244140625,1142.300048828125,137
2014-11-07,1139.9000244140625,1169.699951171875,1133,1169.5999755859375,97
2014-11-10,1171,1171,1150.699951171875,1159.5999755859375,40
2014-11-11,1155,1170.5,1151.5999755859375,1162.800048828125,22
2014-11-12,1162.5,1168.0999755859375,1157.5,1158.9000244140625,17
2014-11-13,1163.699951171875,1164.5,1155,1161.0999755859375,1047
2014-11-14,1155.199951171875,1191,1148,1185,486
2014-11-17,1183.0999755859375,1186.9000244140625,1180.5999755859375,1183,17
2014-11-18,1197.0999755859375,1197.0999755859375,1193.9000244140625,1196.699951171875,2
2014-11-19,1196.5,1198.300048828125,1190.5999755859375,1193.5999755859375,23
2014-11-20,1191.800048828125,1191.9000244140625,1190.699951171875,1190.699951171875,3
2014-11-21,1191,1202.4000244140625,1189,1197.5,20
2014-11-24,1197.699951171875,1197.9000244140625,1195.5,1195.5,17
2014-11-25,1197.0999755859375,1197.0999755859375,1197.0999755859375,1197.0999755859375,210753
2014-11-26,1200.5,1201,1193.699951171875,1196.5999755859375,75297
2014-11-27,"1,175.50","1,197.80","1,199.30","1,163.90",254.47K
2014-11-28,1197,1198.199951171875,1163.800048828125,1175.199951171875,11175
2014-12-01,1160,1220.4000244140625,1141.699951171875,1218,5524
2014-12-02,1212.300048828125,1212.300048828125,1191.300048828125,1199.199951171875,1236
2014-12-03,1198.0999755859375,1213.699951171875,1196.0999755859375,1208.5,440
2014-12-04,1208.199951171875,1213,1201.5999755859375,1207.5,358
2014-12-05,1203.0999755859375,1206,1186.699951171875,1190.0999755859375,560
2014-12-08,1190.5999755859375,1207,1187.199951171875,1194.699951171875,183
2014-12-09,1202,1238,1202,1231.5,314
2014-12-10,1231.199951171875,1234.5999755859375,1226.5999755859375,1228.9000244140625,306
2014-12-11,1226.5999755859375,1231.199951171875,1216.199951171875,1225.0999755859375,264
2014-12-12,1227.800048828125,1227.800048828125,1216.199951171875,1222,203
2014-12-15,1223.0999755859375,1223.0999755859375,1198.4000244140625,1207.199951171875,77
2014-12-16,1197.199951171875,1222,1192.699951171875,1193.9000244140625,223
2014-12-17,1198.199951171875,1199.5999755859375,1184,1194.300048828125,94
2014-12-18,1189.699951171875,1207.300048828125,1189.699951171875,1194.699951171875,197
2014-12-19,1198,1200.800048828125,1195.9000244140625,1195.9000244140625,96
2014-12-22,1198,1198,1172.699951171875,1179.699951171875,223
2014-12-23,1179.300048828125,1180.300048828125,1175,1177.9000244140625,232
2014-12-24,1177,1179.300048828125,1173.5,1173.5,23
2014-12-26,1177.199951171875,1195.300048828125,1177.199951171875,1195.300048828125,124
2014-12-29,1186.5,1186.5,1181.300048828125,1181.699951171875,180
2014-12-30,1181.4000244140625,1210.300048828125,1181.4000244140625,1200.199951171875,191
2014-12-31,1199.199951171875,1199.199951171875,1182.699951171875,1183.9000244140625,92
2015-01-02,1184,1194.5,1169.5,1186,138
2015-01-05,1180.300048828125,1206.9000244140625,1180.0999755859375,1203.9000244140625,470
2015-01-06,1203.5,1220,1203.5,1219.300048828125,97
2015-01-07,1219.199951171875,1219.199951171875,1210.5999755859375,1210.5999755859375,29
2015-01-08,1207,1215.699951171875,1206.300048828125,1208.4000244140625,92
2015-01-09,1211.0999755859375,1220.199951171875,1210.300048828125,1216,43
2015-01-12,1224.199951171875,1234.4000244140625,1219.0999755859375,1232.699951171875,100
2015-01-13,1239.199951171875,1239.300048828125,1230.300048828125,1234.300048828125,20
2015-01-14,1229.5999755859375,1243.800048828125,1225.5999755859375,1234.4000244140625,21
2015-01-15,1231.5,1265,1227.300048828125,1264.699951171875,130
2015-01-16,1256.0999755859375,1279.699951171875,1256.0999755859375,1276.9000244140625,44
2015-01-19,"1,294.20","1,280.70","1,297.20","1,272.10",249.78K
2015-01-20,1278.9000244140625,1297.300048828125,1273.800048828125,1294.199951171875,157
2015-01-21,1295.199951171875,1303.5,1286.699951171875,1293.699951171875,78
2015-01-22,1293.199951171875,1302.0999755859375,1283.5,1300.699951171875,131
2015-01-23,1299.800048828125,1299.800048828125,1292.5999755859375,1292.5999755859375,23
2015-01-26,1289.5,1290.5999755859375,1279.4000244140625,1279.4000244140625,26
2015-01-27,1277.199951171875,1291.699951171875,1277.199951171875,1291.699951171875,20
2015-01-28,1285.9000244140625,1286.800048828125,1285.9000244140625,1285.9000244140625,180387
2015-01-29,1283.300048828125,1285.4000244140625,1251,1254.5999755859375,67983
2015-01-30,1258,1284.300048828125,1257,1278.5,8626
2015-02-02,1284.0999755859375,1284.0999755859375,1266,1276.199951171875,1654
2015-02-03,1273.5,1284.699951171875,1255.300048828125,1259.699951171875,2380
2015-02-04,1262,1271.5999755859375,1256.800048828125,1263.800048828125,668
2015-02-05,1271.800048828125,1272.5999755859375,1257.800048828125,1262,133
2015-02-06,1265,1267.5999755859375,1228,1233.9000244140625,432
2015-02-09,1237.5,1242.300048828125,1235.4000244140625,1240.800048828125,319
2015-02-10,1237.5,1245,1231.199951171875,1231.5999755859375,231
2015-02-11,1233.300048828125,1237.4000244140625,1219,1219,102
2015-02-12,1217.9000244140625,1229.800048828125,1217.9000244140625,1220.0999755859375,99
2015-02-13,1222.199951171875,1232.800048828125,1222.199951171875,1226.5,65
2015-02-16,"1,208.60","1,227.50","1,236.70","1,203.30",181.84K
2015-02-17,1227.699951171875,1234,1203,1208.0999755859375,204
2015-02-18,1207.0999755859375,1210.199951171875,1197.800048828125,1199.699951171875,147
2015-02-19,1216.5,1220,1205,1207.0999755859375,65
2015-02-20,1206.5,1213.0999755859375,1199.0999755859375,1204.4000244140625,51
2015-02-23,1201.300048828125,1203.300048828125,1191.5999755859375,1200.300048828125,268
2015-02-24,1203.4000244140625,1203.5,1193.800048828125,1196.9000244140625,151
2015-02-25,1204.300048828125,1204.5999755859375,1201,1201,570
2015-02-26,1204.800048828125,1219,1204.800048828125,1209.5999755859375,560
2015-02-27,1207.699951171875,1217.800048828125,1204.5,1212.5999755859375,195
2015-03-02,1214.300048828125,1222.699951171875,1204.9000244140625,1207.699951171875,124
2015-03-03,1201.5,1212,1195,1204,51
2015-03-04,1204.800048828125,1206.9000244140625,1198,1200.5999755859375,27
2015-03-05,1201.699951171875,1205.4000244140625,1195.9000244140625,1195.9000244140625,29
2015-03-06,1195,1195.699951171875,1163.699951171875,1164.0999755859375,168
2015-03-09,1169.4000244140625,1174.199951171875,1166.300048828125,1166.4000244140625,45
2015-03-10,1166.4000244140625,1168.4000244140625,1156.5,1160.0999755859375,94
2015-03-11,1162,1162,1147.699951171875,1150.699951171875,74
2015-03-12,1155.4000244140625,1160.5,1149.699951171875,1152.0999755859375,63
2015-03-13,1158.199951171875,1159.199951171875,1152.5999755859375,1152.5999755859375,44
2015-03-16,1159.699951171875,1162.300048828125,1150.0999755859375,1153.300048828125,56
2015-03-17,1153.5999755859375,1158.199951171875,1144.300048828125,1148.300048828125,71
2015-03-18,1148.699951171875,1174.300048828125,1147,1151.4000244140625,112
2015-03-19,1171.5999755859375,1171.5999755859375,1159.300048828125,1169.0999755859375,39
2015-03-20,1171,1185.4000244140625,1171,1184.800048828125,54
2015-03-23,1181.5999755859375,1188,1181.199951171875,1188,5
2015-03-24,1188,1193,1186,1191.699951171875,411
2015-03-25,1192.5,1199.199951171875,1192.5,1197.300048828125,11
2015-03-26,1198.199951171875,1213.699951171875,1198.199951171875,1205.0999755859375,68
2015-03-27,1197,1199.800048828125,1196.300048828125,1199.800048828125,172260
2015-03-30,1198,1198.5,1181.5999755859375,1184.800048828125,37990
2015-03-31,1185.800048828125,1190.0999755859375,1178.199951171875,1183.0999755859375,3409
2015-04-01,1182.9000244140625,1208.199951171875,1181,1208.0999755859375,1632
2015-04-02,1204,1205.699951171875,1194.800048828125,1200.9000244140625,1684
2015-04-06,1209.9000244140625,1224.199951171875,1209.9000244140625,1218.5999755859375,343
2015-04-07,1214.800048828125,1214.800048828125,1208.199951171875,1210.5999755859375,406
2015-04-08,1208.9000244140625,1211.4000244140625,1197.5999755859375,1203.0999755859375,236
2015-04-09,1201.699951171875,1202.5,1193,1193.5999755859375,521
2015-04-10,1195.800048828125,1209.5999755859375,1195.800048828125,1204.5999755859375,202
2015-04-13,1208.0999755859375,1208.0999755859375,1198.300048828125,1199.300048828125,424
2015-04-14,1198.800048828125,1200.5999755859375,1184.0999755859375,1192.800048828125,546
2015-04-15,1194.5999755859375,1203.0999755859375,1188.5999755859375,1201.5,196
2015-04-16,1204.300048828125,1208.5,1194.5999755859375,1198,199
2015-04-17,1200.199951171875,1206,1200.199951171875,1202.9000244140625,21
2015-04-20,1205.699951171875,1206.9000244140625,1191,1193.5,67
2015-04-21,1193.199951171875,1202.9000244140625,1192.800048828125,1202.9000244140625,33
2015-04-22,1199.0999755859375,1202.5999755859375,1185.199951171875,1186.9000244140625,93
2015-04-23,1187.199951171875,1197,1186.0999755859375,1194.4000244140625,331
2015-04-24,1192.300048828125,1194.699951171875,1174.5999755859375,1175.199951171875,52
2015-04-27,1182.300048828125,1206.699951171875,1181.4000244140625,1203.300048828125,194
2015-04-28,1199.699951171875,1214,1199.699951171875,1214,401
2015-04-29,1211.199951171875,1212.5999755859375,1201.9000244140625,1209.800048828125,114
2015-04-30,1203.0999755859375,1205.9000244140625,1176.699951171875,1182.4000244140625,143
2015-05-01,1178.0999755859375,1178.0999755859375,1170,1174.5,23
2015-05-04,1177.5,1189.4000244140625,1177.5,1186.800048828125,38
2015-05-05,1187.5,1198.699951171875,1186.9000244140625,1193.199951171875,48
2015-05-06,1194.5,1194.5999755859375,1189.9000244140625,1190.300048828125,14
2015-05-07,1181.5,1186,1179.699951171875,1182.4000244140625,44
2015-05-08,1183.300048828125,1189.0999755859375,1182.9000244140625,1189.0999755859375,51
2015-05-11,1189.699951171875,1190.5,1179.300048828125,1183.199951171875,26
2015-05-12,1194.5999755859375,1194.800048828125,1189.699951171875,1192.5999755859375,10
2015-05-13,1192.699951171875,1218.4000244140625,1191,1218.4000244140625,34
2015-05-14,1214.5,1225.5999755859375,1214.5,1225.4000244140625,35
2015-05-15,1218.5,1225.5,1214.800048828125,1225.5,12
2015-05-18,1224.5,1228.0999755859375,1222.5999755859375,1227.800048828125,8
2015-05-19,1223.9000244140625,1223.9000244140625,1206,1206.9000244140625,9
2015-05-20,1205.0999755859375,1210.800048828125,1205.0999755859375,1208.9000244140625,11
2015-05-21,1204.5,1204.5,1203.699951171875,1204.4000244140625,43
2015-05-22,1211.5999755859375,1211.9000244140625,1204.300048828125,1204.300048828125,8
2015-05-25,"1,186.90","1,205.20","1,208.20","1,184.80",244.62K
2015-05-26,1193.5999755859375,1193.5999755859375,1186,1187.199951171875,40
2015-05-27,1185.9000244140625,1185.9000244140625,1185.9000244140625,1185.9000244140625,200216
2015-05-28,1187.0999755859375,1192,1179.5999755859375,1188.0999755859375,52705
2015-05-29,1187.800048828125,1193.300048828125,1185.699951171875,1189.4000244140625,4748
2015-06-01,1190.5999755859375,1204,1184.300048828125,1188.300048828125,1236
2015-06-02,1189,1194.300048828125,1186,1194.0999755859375,1003
2015-06-03,1193.9000244140625,1193.9000244140625,1179.0999755859375,1184.699951171875,630
2015-06-04,1184.9000244140625,1185.300048828125,1173,1174.9000244140625,447
2015-06-05,1176.4000244140625,1177.300048828125,1164,1167.800048828125,390
2015-06-08,1169.5,1176.0999755859375,1169.0999755859375,1173.199951171875,173
2015-06-09,1172.9000244140625,1180.300048828125,1172.699951171875,1177.300048828125,144
2015-06-10,1176.0999755859375,1190.0999755859375,1175.5999755859375,1186.0999755859375,295
2015-06-11,1183.199951171875,1183.199951171875,1174.4000244140625,1179.9000244140625,69
2015-06-12,1180.4000244140625,1181.199951171875,1176.199951171875,1178.800048828125,141
2015-06-15,1179.9000244140625,1188.5,1172.699951171875,1185.300048828125,102
2015-06-16,1186.5,1186.5,1175.9000244140625,1180.5,29
2015-06-17,1177.5999755859375,1186.300048828125,1174.9000244140625,1176.4000244140625,168
2015-06-18,1183.4000244140625,1202,1183.4000244140625,1201.5,130
2015-06-19,1199.699951171875,1203.0999755859375,1199.699951171875,1201.5,142
2015-06-22,1197.800048828125,1197.800048828125,1182.699951171875,1183.699951171875,30
2015-06-23,1183.800048828125,1186,1176.199951171875,1176.199951171875,60
2015-06-24,1176.5999755859375,1176.5999755859375,1170.699951171875,1172.5999755859375,263
2015-06-25,1175.800048828125,1175.9000244140625,1171.5,1171.5,95
2015-06-26,1170.5,1172.9000244140625,1170.5,1172.9000244140625,308
2015-06-29,1185.0999755859375,1186,1173.800048828125,1178.5,174
2015-06-30,1176.300048828125,1176.4000244140625,1166.5999755859375,1171.5,223
2015-07-01,1173.0999755859375,1173.0999755859375,1166.5999755859375,1169,455
2015-07-02,1166.4000244140625,1168.0999755859375,1155.5,1163,316
2015-07-03,"1,173.20","1,173.20","1,174.40","1,161.90",141.90K
2015-07-06,1171.0999755859375,1173,1162.199951171875,1172.9000244140625,634
2015-07-07,1166.800048828125,1166.800048828125,1149.5,1152.4000244140625,469
2015-07-08,1152.5999755859375,1163.300048828125,1146.4000244140625,1163.300048828125,65
2015-07-09,1154.800048828125,1163.5999755859375,1154.800048828125,1159,65
2015-07-10,1160.0999755859375,1161.4000244140625,1157.5,1157.699951171875,27
2015-07-13,1159,1159,1151.199951171875,1155.199951171875,14
2015-07-14,1157.199951171875,1157.199951171875,1153,1153.300048828125,39
2015-07-15,1154,1154,1144.800048828125,1147.199951171875,15
2015-07-16,1146.199951171875,1146.199951171875,1142.9000244140625,1143.800048828125,14
2015-07-17,1144,1144,1130.199951171875,1131.800048828125,120
2015-07-20,1130.4000244140625,1130.699951171875,1095.0999755859375,1106.699951171875,189
2015-07-21,1097.0999755859375,1106.4000244140625,1097.0999755859375,1103.4000244140625,118
2015-07-22,1093,1095,1086,1091.4000244140625,46
2015-07-23,1097.4000244140625,1097.5999755859375,1087.800048828125,1094,64
2015-07-24,1078.5999755859375,1100.699951171875,1078.5999755859375,1085.5999755859375,52
2015-07-27,1100,1102.5,1093.9000244140625,1096.5,19
2015-07-28,1097.199951171875,1097.699951171875,1096.300048828125,1096.300048828125,31
2015-07-29,1096.4000244140625,1096.9000244140625,1092.699951171875,1092.699951171875,159142
2015-07-30,1096.0999755859375,1097.5,1081,1088.4000244140625,49298
2015-07-31,1087.699951171875,1102.800048828125,1079.0999755859375,1094.9000244140625,5700
2015-08-03,1095.5,1097.0999755859375,1085,1089.4000244140625,2418
2015-08-04,1085.0999755859375,1093.9000244140625,1080.5,1090.699951171875,1139
2015-08-05,1086.5,1090.5999755859375,1082.5,1085.699951171875,1207
2015-08-06,1084.4000244140625,1092.199951171875,1083.5999755859375,1090.199951171875,269
2015-08-07,1088.9000244140625,1098.300048828125,1081.699951171875,1094.0999755859375,614
2015-08-10,1093.199951171875,1107.5999755859375,1089.5,1104.199951171875,900
2015-08-11,1103.800048828125,1116.699951171875,1094,1107.5999755859375,997
2015-08-12,1106,1124.5,1101.5,1123.199951171875,797
2015-08-13,1124.300048828125,1124.300048828125,1113,1115.699951171875,441
2015-08-14,1113.9000244140625,1118.800048828125,1112.5,1112.9000244140625,908
2015-08-17,1113.800048828125,1122,1113.800048828125,1118.5999755859375,399
2015-08-18,1118.199951171875,1118.4000244140625,1110,1117.0999755859375,475
2015-08-19,1117,1134.300048828125,1116.800048828125,1128.0999755859375,348
2015-08-20,1132.800048828125,1153.300048828125,1132.800048828125,1153,409
2015-08-21,1154.0999755859375,1166.5,1150.5,1159.5999755859375,261
2015-08-24,1164,1169,1147.5,1153.4000244140625,299
2015-08-25,1151.5,1155.5,1134,1138.199951171875,217
2015-08-26,1139.199951171875,1143,1119.5999755859375,1124.5999755859375,116
2015-08-27,1127.199951171875,1127.4000244140625,1118.4000244140625,1122.4000244140625,564
2015-08-28,1125.300048828125,1139,1123.5999755859375,1133.0999755859375,279
2015-08-31,1131.0999755859375,1134,1124.800048828125,1131.5999755859375,194
2015-09-01,1133.5,1144.699951171875,1133.5,1138.699951171875,375
2015-09-02,1137.300048828125,1140.4000244140625,1130.800048828125,1132.5,201
2015-09-03,1130.300048828125,1132.9000244140625,1120.300048828125,1123.699951171875,122
2015-09-04,1123.4000244140625,1125.199951171875,1116.199951171875,1120.5999755859375,51
2015-09-07,"1,121.00","1,123.00","1,126.00","1,114.70",142.51K
2015-09-08,1119.800048828125,1124.300048828125,1116.4000244140625,1120.4000244140625,138
2015-09-09,1123.5,1123.5,1102.0999755859375,1102.199951171875,150
2015-09-10,1107.300048828125,1113.5,1105.5,1109.5,56
2015-09-11,1110.800048828125,1111.699951171875,1098.199951171875,1103.5,81
2015-09-14,1107.800048828125,1108.5999755859375,1104.0999755859375,1107.699951171875,19
2015-09-15,1104.5,1104.5,1102.800048828125,1102.800048828125,8
2015-09-16,1109.800048828125,1119.9000244140625,1109.800048828125,1119.199951171875,31
2015-09-17,1118.5999755859375,1130.5,1117.0999755859375,1117.300048828125,14
2015-09-18,1128.300048828125,1141.199951171875,1127.800048828125,1138.0999755859375,59
2015-09-21,1137.5999755859375,1138.5,1130.800048828125,1133.0999755859375,17
2015-09-22,1132.5999755859375,1135,1122.5,1125,43
2015-09-23,1128.5999755859375,1132.199951171875,1128.300048828125,1131.5999755859375,33
2015-09-24,1133,1155.9000244140625,1133,1153.800048828125,37
2015-09-25,1149.800048828125,1149.800048828125,1143.4000244140625,1146,56
2015-09-28,1133.199951171875,1133.199951171875,1132,1132,4346
2015-09-29,1132.199951171875,1134.4000244140625,1124.300048828125,1127.0999755859375,2417
2015-09-30,1124.300048828125,1126,1112.0999755859375,1115.5,865
2015-10-01,1115.199951171875,1119,1113.300048828125,1114.199951171875,1181
2015-10-02,1112.199951171875,1141.199951171875,1105.800048828125,1137.0999755859375,323
2015-10-05,1137.0999755859375,1141.699951171875,1132.5,1138.0999755859375,226
2015-10-06,1136.300048828125,1150,1136.300048828125,1146.800048828125,145
2015-10-07,1147.5999755859375,1152.9000244140625,1143,1149,104
2015-10-08,1142.699951171875,1146.699951171875,1138.699951171875,1144.699951171875,138
2015-10-09,1151.5999755859375,1157.199951171875,1151.5999755859375,1156.300048828125,22
2015-10-12,1155.9000244140625,1166.800048828125,1155.9000244140625,1164.9000244140625,40
2015-10-13,1163.5,1166.199951171875,1154.9000244140625,1165.800048828125,132
2015-10-14,1172.4000244140625,1189,1167.300048828125,1180.0999755859375,143
2015-10-15,1184.199951171875,1188.300048828125,1177.800048828125,1187.9000244140625,143
2015-10-16,1182.5,1184.0999755859375,1176.199951171875,1183.5999755859375,243
2015-10-19,1176.5,1177.800048828125,1169.300048828125,1173.300048828125,62
2015-10-20,1168.699951171875,1179.0999755859375,1168.699951171875,1178,19
2015-10-21,1175.9000244140625,1176.4000244140625,1164.9000244140625,1167.5999755859375,41
2015-10-22,1166.199951171875,1168.5999755859375,1163.5,1166.5999755859375,48
2015-10-23,1166.199951171875,1178.699951171875,1163.300048828125,1163.300048828125,38
2015-10-26,1165.0999755859375,1170,1163.800048828125,1167,176
2015-10-27,1164.5,1166.800048828125,1162,1166.800048828125,302
2015-10-28,1175.0999755859375,1182.699951171875,1175.0999755859375,1177.0999755859375,217
2015-10-29,1158,1162,1144.9000244140625,1147.199951171875,329
2015-10-30,1147.5,1147.5999755859375,1139.199951171875,1141.5,249
2015-11-02,1137.9000244140625,1138.699951171875,1132.5999755859375,1135.800048828125,180
2015-11-03,1133.300048828125,1134.699951171875,1114.199951171875,1114.199951171875,185
2015-11-04,1119,1121.9000244140625,1106.5,1106.5,141
2015-11-05,1107.9000244140625,1110.699951171875,1104.4000244140625,1104.4000244140625,84
2015-11-06,1105.199951171875,1109.5,1084.800048828125,1087.5999755859375,78
2015-11-09,1088.5999755859375,1088.5999755859375,1087.9000244140625,1087.9000244140625,5
2015-11-10,1090.0999755859375,1091.300048828125,1085,1088.199951171875,18
2015-11-11,1091.4000244140625,1091.4000244140625,1084.199951171875,1084.699951171875,15
2015-11-12,1086,1086.5999755859375,1080.800048828125,1080.800048828125,4
2015-11-13,1083.0999755859375,1085.9000244140625,1080.800048828125,1080.800048828125,23
2015-11-16,1092,1092.4000244140625,1083.699951171875,1083.699951171875,11
2015-11-17,1075.5,1075.800048828125,1065.0999755859375,1068.699951171875,6
2015-11-18,1064,1071.9000244140625,1064,1068.800048828125,5
2015-11-19,1077.4000244140625,1082.4000244140625,1077.4000244140625,1078,10
2015-11-20,1082.9000244140625,1082.9000244140625,1076.4000244140625,1076.4000244140625,5
2015-11-23,1070,1071.5,1066.800048828125,1066.800048828125,57
2015-11-24,1073.199951171875,1079.4000244140625,1073.199951171875,1074.300048828125,222
2015-11-25,1070.199951171875,1072,1068.5,1070.5,148662
2015-11-26,"1,056.20","1,070.60","1,073.90","1,051.60",187.11K
2015-11-27,1070.699951171875,1074.199951171875,1051.0999755859375,1056.199951171875,52133
2015-11-30,1056.5,1068.4000244140625,1052.0999755859375,1065.800048828125,4601
2015-12-01,1064.5999755859375,1074.5999755859375,1063.4000244140625,1063.800048828125,3441
2015-12-02,1068.699951171875,1069.5,1049.5999755859375,1054.199951171875,503
2015-12-03,1054.4000244140625,1064.5999755859375,1046.199951171875,1061.699951171875,1161
2015-12-04,1063,1088.800048828125,1058.699951171875,1084.5,889
2015-12-07,1084.9000244140625,1086.5,1067.4000244140625,1076.4000244140625,656
2015-12-08,1071,1078.4000244140625,1069.5999755859375,1076.300048828125,306
2015-12-09,1075.0999755859375,1086,1070.5999755859375,1077.5999755859375,386
2015-12-10,1073,1076.300048828125,1071.699951171875,1073.0999755859375,226
2015-12-11,1067.800048828125,1079.4000244140625,1064.4000244140625,1076.9000244140625,410
2015-12-14,1074,1076.699951171875,1060,1064.699951171875,509
2015-12-15,1064.5999755859375,1066.199951171875,1061.800048828125,1062.9000244140625,220
2015-12-16,1064.800048828125,1078.699951171875,1064.300048828125,1078,81
2015-12-17,1072.5999755859375,1072.5999755859375,1050.5,1050.800048828125,56
2015-12-18,1053.699951171875,1070.300048828125,1052.699951171875,1066.199951171875,253
2015-12-21,1070.199951171875,1081.9000244140625,1070.199951171875,1081.9000244140625,26
2015-12-22,1078.5999755859375,1078.5999755859375,1073.800048828125,1074.800048828125,106
2015-12-23,1074.5,1074.800048828125,1069.4000244140625,1069.4000244140625,202
2015-12-24,1074.300048828125,1077.800048828125,1073.5,1077.199951171875,24
2015-12-28,1077.9000244140625,1098.800048828125,1070.5,1070.5,361
2015-12-29,1079.0999755859375,1079.699951171875,1077.5,1077.5,252
2015-12-30,1068.5999755859375,1070.199951171875,1059.699951171875,1060.0999755859375,71
2015-12-31,1061.9000244140625,1062,1058.5,1060.300048828125,10
2016-01-04,1063.4000244140625,1082.5,1063.199951171875,1075.0999755859375,143
2016-01-05,1075.5999755859375,1081.5,1075.300048828125,1078.4000244140625,82
2016-01-06,1081.5999755859375,1093.699951171875,1081.5999755859375,1091.9000244140625,52
2016-01-07,1091.5999755859375,1109.4000244140625,1091.5999755859375,1107.699951171875,122
2016-01-08,1111.0999755859375,1111.0999755859375,1093,1097.800048828125,98
2016-01-11,1105.699951171875,1107.9000244140625,1096.5,1096.5,43
2016-01-12,1093.800048828125,1098.5,1084,1085.5999755859375,87
2016-01-13,1081.5,1093.9000244140625,1081.5,1087.5,50
2016-01-14,1091.5,1091.5,1073.699951171875,1073.9000244140625,59
2016-01-15,1085,1095.800048828125,1081.800048828125,1091.5,44
2016-01-18,"1,089.10","1,089.30","1,094.50","1,082.10",160.11K
2016-01-19,1089.800048828125,1094.4000244140625,1084.9000244140625,1089.9000244140625,17
2016-01-20,1099.800048828125,1109.800048828125,1099.800048828125,1107.0999755859375,30
2016-01-21,1103.5999755859375,1103.5999755859375,1094.0999755859375,1099.0999755859375,16
2016-01-22,1098,1103.199951171875,1097.199951171875,1097.199951171875,4
2016-01-25,1099.300048828125,1109.300048828125,1099.300048828125,1106.199951171875,8
2016-01-26,1115.0999755859375,1121.699951171875,1114.300048828125,1121.699951171875,181
2016-01-27,1117.800048828125,1117.800048828125,1115.800048828125,1116.0999755859375,168706
2016-01-28,1125.4000244140625,1125.699951171875,1109.800048828125,1115.5999755859375,52861
2016-01-29,1114.4000244140625,1118.5999755859375,1108.800048828125,1116.4000244140625,6955
2016-02-01,1116.699951171875,1130,1115.300048828125,1127.9000244140625,1682
2016-02-02,1128.300048828125,1131.4000244140625,1123,1127.300048828125,1230
2016-02-03,1128.5,1146,1125,1141.300048828125,1630
2016-02-04,1142.5,1157.5999755859375,1141,1157.5999755859375,771
2016-02-05,1155.5999755859375,1174.800048828125,1146,1157.800048828125,877
2016-02-08,1173.5,1200.4000244140625,1165,1197.9000244140625,931
2016-02-09,1188.699951171875,1199.199951171875,1186.699951171875,1198.699951171875,700
2016-02-10,1189.800048828125,1197.699951171875,1182.0999755859375,1194.699951171875,671
2016-02-11,1205.5999755859375,1260.800048828125,1204.5999755859375,1247.9000244140625,995
2016-02-12,1247.800048828125,1247.800048828125,1233.5,1239.0999755859375,250
2016-02-15,"1,208.20","1,236.30","1,236.30","1,191.50",340.80K
2016-02-16,1233.0999755859375,1233.5999755859375,1193.5999755859375,1207.9000244140625,422
2016-02-17,1196.5,1212.9000244140625,1196.5,1211.0999755859375,53
2016-02-18,1209.5999755859375,1239.199951171875,1201.5999755859375,1226.0999755859375,315
2016-02-19,1230.800048828125,1232.800048828125,1221.800048828125,1230.4000244140625,76
2016-02-22,1226.0999755859375,1226.0999755859375,1203,1209.5,280
2016-02-23,1207.4000244140625,1226.0999755859375,1207.4000244140625,1222.300048828125,351
2016-02-24,1230,1250.0999755859375,1230,1238.699951171875,111
2016-02-25,1239.4000244140625,1241.5,1235,1238.199951171875,1349
2016-02-26,1232.4000244140625,1239.0999755859375,1212.199951171875,1219.800048828125,656
2016-02-29,1218.5999755859375,1241,1218.5999755859375,1233.9000244140625,580
2016-03-01,1240.5,1248.4000244140625,1229,1230.300048828125,477
2016-03-02,1232.800048828125,1242.5999755859375,1226,1241.0999755859375,267
2016-03-03,1238.4000244140625,1267.9000244140625,1238,1257.4000244140625,123
2016-03-04,1263,1279.9000244140625,1250.9000244140625,1269.9000244140625,268
2016-03-07,1259.800048828125,1272.300048828125,1259.699951171875,1263.199951171875,67
2016-03-08,1268.699951171875,1276.300048828125,1261,1262.0999755859375,43
2016-03-09,1254.5,1260,1244.800048828125,1256.5999755859375,79
2016-03-10,1250,1273,1237.5,1272,119
2016-03-11,1270,1280.699951171875,1249.4000244140625,1258.699951171875,87
2016-03-14,1256,1258,1234.5,1244.4000244140625,58
2016-03-15,1228.300048828125,1236,1228,1230.4000244140625,37
2016-03-16,1229.5,1263.800048828125,1228.9000244140625,1229.300048828125,45
2016-03-17,1261.5,1270.0999755859375,1255.9000244140625,1264.5,27
2016-03-18,1257.0999755859375,1264.4000244140625,1251.5,1253.800048828125,542
2016-03-21,1256.199951171875,1256.199951171875,1243.4000244140625,1243.800048828125,1061
2016-03-22,1244,1252.4000244140625,1243.800048828125,1248.199951171875,20
2016-03-23,1247.699951171875,1247.699951171875,1218.5999755859375,1223.699951171875,28
2016-03-24,1214.199951171875,1221.4000244140625,1214.199951171875,1221.4000244140625,13
2016-03-28,1211.5,1222.199951171875,1210,1219.9000244140625,33
2016-03-29,1217.800048828125,1235.5999755859375,1217.699951171875,1235.5999755859375,189732
2016-03-30,1241.4000244140625,1245,1223.4000244140625,1226.9000244140625,48248
2016-03-31,1225.5999755859375,1239.5999755859375,1224.5,1234.199951171875,3377
2016-04-01,1232.300048828125,1235.199951171875,1209.199951171875,1222.199951171875,1602
2016-04-04,1221.699951171875,1222.300048828125,1215,1218,2038
2016-04-05,1215.4000244140625,1236.699951171875,1215.4000244140625,1228.4000244140625,477
2016-04-06,1230.4000244140625,1230.4000244140625,1217.5999755859375,1222.5,248
2016-04-07,1224.800048828125,1242.9000244140625,1224.5999755859375,1236.199951171875,375
2016-04-08,1241,1242.800048828125,1232,1242.5,409
2016-04-11,1241.5,1258.699951171875,1241.5,1256.699951171875,437
2016-04-12,1260,1261.699951171875,1253.699951171875,1259.4000244140625,185
2016-04-13,1256.5,1256.9000244140625,1241.300048828125,1246.800048828125,203
2016-04-14,1231.4000244140625,1243.699951171875,1224.5,1225,264
2016-04-15,1225.699951171875,1235,1225.699951171875,1233.0999755859375,97
2016-04-18,1238.699951171875,1241.0999755859375,1232.199951171875,1233.5999755859375,304
2016-04-19,1231.5999755859375,1256.199951171875,1228.800048828125,1253,386
2016-04-20,1256.0999755859375,1256.0999755859375,1243,1253.199951171875,180
2016-04-21,1247.699951171875,1270.5999755859375,1247.5999755859375,1249,124
2016-04-22,1248.5,1248.5,1228,1228.699951171875,188
2016-04-25,1231.5999755859375,1240.9000244140625,1231.5999755859375,1238.9000244140625,442
2016-04-26,1239.800048828125,1244.199951171875,1233,1242.199951171875,97
2016-04-27,1248.5999755859375,1249.5,1248.5999755859375,1249.199951171875,547
2016-04-28,1245.9000244140625,1270.0999755859375,1238.5,1265.5,887
2016-04-29,1267.300048828125,1295.5,1267.199951171875,1289.199951171875,464
2016-05-02,1292.0999755859375,1304.4000244140625,1290.4000244140625,1294.699951171875,192
2016-05-03,1292.699951171875,1301.5,1284.5,1290.699951171875,151
2016-05-04,1286.9000244140625,1290,1273,1273.300048828125,109
2016-05-05,1282.9000244140625,1286,1270.800048828125,1271.4000244140625,330
2016-05-06,1278.5999755859375,1295.5999755859375,1276.9000244140625,1292.9000244140625,305
2016-05-09,1286.5,1286.5,1262.300048828125,1265.5999755859375,341
2016-05-10,1265.0999755859375,1267.4000244140625,1258.699951171875,1263.9000244140625,23
2016-05-11,1266.9000244140625,1279.199951171875,1266.9000244140625,1274.5999755859375,50
2016-05-12,1267,1281.199951171875,1264,1270.300048828125,101
2016-05-13,1271.4000244140625,1275.699951171875,1264.5999755859375,1271.9000244140625,66
2016-05-16,1272.800048828125,1287.800048828125,1272.800048828125,1273.4000244140625,44
2016-05-17,1272.5,1281.5999755859375,1270.800048828125,1276.199951171875,16
2016-05-18,1276.4000244140625,1276.4000244140625,1256.800048828125,1273.699951171875,17
2016-05-19,1248,1255.5,1247.5,1254.199951171875,69
2016-05-20,1256.5999755859375,1256.5999755859375,1252.4000244140625,1252.4000244140625,44
2016-05-23,1251.5999755859375,1251.5999755859375,1247.5,1251.0999755859375,56
2016-05-24,1240,1240,1228.199951171875,1228.9000244140625,20
2016-05-25,1219.300048828125,1223.5,1218.5999755859375,1223.5,5
2016-05-26,1232.5999755859375,1232.5999755859375,1220.0999755859375,1220.0999755859375,199778
2016-05-27,1220.300048828125,1223.199951171875,1206.4000244140625,1213.800048828125,63739
2016-05-30,"1,217.50","1,215.10","1,220.60","1,201.50",236.15K
2016-05-31,1212.5,1217.5999755859375,1199,1214.800048828125,6432
2016-06-01,1215.699951171875,1219.800048828125,1205.4000244140625,1211.9000244140625,2717
2016-06-02,1212.4000244140625,1217,1209.5999755859375,1209.800048828125,1627
2016-06-03,1209.0999755859375,1244.5,1206.4000244140625,1240.0999755859375,1622
2016-06-06,1244.4000244140625,1247.300048828125,1240,1244.5999755859375,1135
2016-06-07,1244,1244.9000244140625,1236.5,1244.4000244140625,281
2016-06-08,1247.5999755859375,1264,1247.300048828125,1259.800048828125,406
2016-06-09,1262.5,1271.4000244140625,1258.0999755859375,1270.199951171875,381
2016-06-10,1267.5999755859375,1278,1265.300048828125,1273.4000244140625,397
2016-06-13,1276.199951171875,1287.300048828125,1273,1284.4000244140625,328
2016-06-14,1281.800048828125,1289.699951171875,1277.800048828125,1285.5999755859375,554
2016-06-15,1284.5999755859375,1296.199951171875,1278.800048828125,1285.800048828125,162
2016-06-16,1296.300048828125,1316.4000244140625,1281.0999755859375,1296.0999755859375,251
2016-06-17,1280.300048828125,1300.0999755859375,1280.300048828125,1292.5,129
2016-06-20,1288.9000244140625,1291.199951171875,1280.300048828125,1290,153
2016-06-21,1293.9000244140625,1293.9000244140625,1266.300048828125,1270.5,134
2016-06-22,1267,1269.199951171875,1264.9000244140625,1268,53
2016-06-23,1263.4000244140625,1270.5,1255.199951171875,1261.199951171875,218
2016-06-24,1253.699951171875,1355.5999755859375,1253.699951171875,1320,694
2016-06-27,1330,1331.699951171875,1320,1322.5,92
2016-06-28,1314.800048828125,1315.5999755859375,1314.0999755859375,1315.300048828125,1072
2016-06-29,1311.5999755859375,1327.4000244140625,1311.5999755859375,1323.9000244140625,414
2016-06-30,1315.800048828125,1323.5,1314.5,1318.4000244140625,560
2016-07-01,1324.5,1344.199951171875,1321.9000244140625,1336.699951171875,137
2016-07-04,"1,358.70","1,345.00","1,360.30","1,338.50",353.81K
2016-07-05,1342.199951171875,1356.800048828125,1339.699951171875,1356.4000244140625,90
2016-07-06,1359,1374.9000244140625,1359,1364.9000244140625,130
2016-07-07,1366.800048828125,1368.5999755859375,1350.5,1360.0999755859375,207
2016-07-08,1361.300048828125,1365.800048828125,1335,1356.5999755859375,249
2016-07-11,1371.699951171875,1371.800048828125,1353,1355,26
2016-07-12,1353.5999755859375,1356,1330.300048828125,1334.0999755859375,252
2016-07-13,1341.5,1342.4000244140625,1336.699951171875,1342.4000244140625,7
2016-07-14,1341.4000244140625,1341.4000244140625,1322.699951171875,1331.300048828125,20
2016-07-15,1333.699951171875,1333.699951171875,1322.9000244140625,1326.5,52
2016-07-18,1327.5,1335,1326.199951171875,1328.4000244140625,54
2016-07-19,1328.5,1333.199951171875,1326.4000244140625,1331.5,322
2016-07-20,1331,1337.5,1315.5,1318.800048828125,751
2016-07-21,1312.800048828125,1330.5,1312.800048828125,1330.5,318
2016-07-22,1330.699951171875,1330.699951171875,1320.4000244140625,1323.0999755859375,55
2016-07-25,1315.699951171875,1319.300048828125,1313.800048828125,1319.300048828125,548
2016-07-26,1315.199951171875,1320.699951171875,1315.199951171875,1320.699951171875,63
2016-07-27,1326,1326.5999755859375,1326,1326.5999755859375,215388
2016-07-28,1339.5,1344.300048828125,1330.0999755859375,1332.300048828125,56908
2016-07-29,1333.199951171875,1353.300048828125,1325.800048828125,1349,6076
2016-08-01,1348.800048828125,1353.5,1345.5999755859375,1351.4000244140625,1257
2016-08-02,1352.0999755859375,1366,1346.5999755859375,1364.4000244140625,2941
2016-08-03,1362.4000244140625,1364.699951171875,1353.300048828125,1356.0999755859375,715
2016-08-04,1354.4000244140625,1361.5999755859375,1347,1358.800048828125,381
2016-08-05,1357.5999755859375,1360.800048828125,1333.699951171875,1336.4000244140625,1107
2016-08-08,1330,1335.4000244140625,1327.800048828125,1333.4000244140625,587
2016-08-09,1331.800048828125,1339.4000244140625,1328.5,1339,620
2016-08-10,1344.800048828125,1354.199951171875,1344.300048828125,1344.300048828125,110
2016-08-11,1341.5999755859375,1350.4000244140625,1334.800048828125,1342.5,666
2016-08-12,1336.800048828125,1351.800048828125,1333.199951171875,1335.800048828125,113
2016-08-15,1336.5,1340.5999755859375,1333.5999755859375,1340.300048828125,62
2016-08-16,1342.199951171875,1355,1341,1350.5,338
2016-08-17,1345.5,1347.300048828125,1338.5999755859375,1342.699951171875,135
2016-08-18,1351.300048828125,1354.4000244140625,1348.199951171875,1351.199951171875,140
2016-08-19,1350.0999755859375,1350.0999755859375,1338.5999755859375,1340.4000244140625,197
2016-08-22,1334.4000244140625,1337.699951171875,1333.300048828125,1337.699951171875,117
2016-08-23,1337,1341.199951171875,1334.300048828125,1340.5999755859375,551
2016-08-24,1337.199951171875,1337.199951171875,1322.9000244140625,1324.4000244140625,262
2016-08-25,1321.4000244140625,1324,1317,1320.0999755859375,58
2016-08-26,1323.800048828125,1340.5,1320.0999755859375,1321.5,141
2016-08-29,1315,1323,1315,1322.9000244140625,437
2016-08-30,1322,1322.0999755859375,1308,1311.699951171875,705
2016-08-31,1310.300048828125,1313.699951171875,1306.300048828125,1306.9000244140625,214
2016-09-01,1305.300048828125,1313.0999755859375,1301.5,1312.199951171875,225
2016-09-02,1309.5999755859375,1326.699951171875,1309.199951171875,1322.0999755859375,55
2016-09-05,"1,354.00","1,328.10","1,357.20","1,325.50",281.26K
2016-09-06,1323.300048828125,1349.4000244140625,1323.199951171875,1349.4000244140625,46
2016-09-07,1348.4000244140625,1350.5,1343.9000244140625,1344.300048828125,14
2016-09-08,1344.800048828125,1345.4000244140625,1335.699951171875,1336.800048828125,30
2016-09-09,1338.5,1338.5,1328,1330.0999755859375,35
2016-09-12,1327,1329.300048828125,1319.9000244140625,1321,177
2016-09-13,1324.5999755859375,1324.5999755859375,1315,1319,79
2016-09-14,1319.199951171875,1322.300048828125,1319.199951171875,1321.5,73
2016-09-15,1320.699951171875,1320.699951171875,1310.800048828125,1313.5,37
2016-09-16,1312.199951171875,1312.5999755859375,1305.800048828125,1305.800048828125,4
2016-09-19,1313.5,1313.5,1313.5,1313.5,20
2016-09-20,1313.699951171875,1313.699951171875,1313.699951171875,1313.699951171875,97
2016-09-21,1326.300048828125,1326.9000244140625,1324,1326.9000244140625,76
2016-09-22,1338.5999755859375,1340.4000244140625,1338.199951171875,1340.4000244140625,23
2016-09-23,1337.199951171875,1337.199951171875,1337.199951171875,1337.199951171875,40
2016-09-26,1335.199951171875,1341.800048828125,1335.199951171875,1339.699951171875,24
2016-09-27,1328,1328.699951171875,1325.9000244140625,1325.9000244140625,48
2016-09-28,1319.4000244140625,1319.4000244140625,1319.4000244140625,1319.4000244140625,10551
2016-09-29,1321.199951171875,1325,1314.699951171875,1321.699951171875,6108
2016-09-30,1320.5999755859375,1327.699951171875,1312.9000244140625,1313.300048828125,868
2016-10-03,1313.5,1316.800048828125,1308.199951171875,1309,299
2016-10-04,1307.5999755859375,1310.199951171875,1266.300048828125,1266.300048828125,1893
2016-10-05,1272.0999755859375,1274,1261.300048828125,1265.199951171875,246
2016-10-06,1265.300048828125,1265.300048828125,1249.800048828125,1249.800048828125,114
2016-10-07,1253.9000244140625,1263.5999755859375,1248.9000244140625,1248.9000244140625,169
2016-10-10,"1,260.40","1,258.50","1,266.80","1,258.50",140.76K
2016-10-11,1258.9000244140625,1258.9000244140625,1253,1253,26
2016-10-12,1251.699951171875,1254,1251.0999755859375,1251.0999755859375,127
2016-10-13,1258.699951171875,1259,1255,1255,315
2016-10-14,1253.9000244140625,1253.9000244140625,1250.5999755859375,1253.0999755859375,311
2016-10-17,1249.9000244140625,1255,1249.9000244140625,1254.4000244140625,41
2016-10-18,1260.9000244140625,1261.699951171875,1260.800048828125,1260.800048828125,11
2016-10-19,1262.9000244140625,1271.5,1262.9000244140625,1267.9000244140625,219
2016-10-20,1270,1270.5,1265.5,1265.5999755859375,415
2016-10-21,1265.9000244140625,1265.9000244140625,1265.9000244140625,1265.9000244140625,224
2016-10-24,1269.199951171875,1269.199951171875,1261.800048828125,1262,42
2016-10-25,1264.0999755859375,1274.0999755859375,1264.0999755859375,1271.9000244140625,61
2016-10-26,1274,1274,1264.800048828125,1264.800048828125,279
2016-10-27,1269.4000244140625,1269.4000244140625,1267.9000244140625,1267.9000244140625,338
2016-10-28,1270.300048828125,1281.5,1262,1275.5,560
2016-10-31,1276.5999755859375,1276.5999755859375,1271.5,1271.5,58
2016-11-01,1279.300048828125,1290.699951171875,1279,1286.4000244140625,49
2016-11-02,1288.300048828125,1307,1288.300048828125,1306.800048828125,30
2016-11-03,1296.4000244140625,1303.0999755859375,1287.300048828125,1302.0999755859375,73
2016-11-04,1300,1303.300048828125,1296.699951171875,1303.300048828125,11
2016-11-07,1292,1294.5,1278.300048828125,1278.300048828125,34
2016-11-08,1284.0999755859375,1289.4000244140625,1273.199951171875,1273.4000244140625,50
2016-11-09,1272.199951171875,1318.5999755859375,1270,1272.5999755859375,108
2016-11-10,1274.4000244140625,1287.5,1253.300048828125,1265.5,63
2016-11-11,"1,224.30","1,258.70","1,265.00","1,218.70",444.59K
2016-11-14,1227.800048828125,1229.5,1210.4000244140625,1221.199951171875,216
2016-11-15,1224.300048828125,1226,1222.5,1224,20
2016-11-16,1229.300048828125,1229.300048828125,1223,1223.4000244140625,66
2016-11-17,1224.5999755859375,1225,1211,1216.5,1139
2016-11-18,1211.9000244140625,1211.9000244140625,1207.199951171875,1208.5,607
2016-11-21,1209.5999755859375,1209.5999755859375,1209.5999755859375,1209.5999755859375,19
2016-11-22,1210.4000244140625,1211.0999755859375,1207.5999755859375,1211,19
2016-11-23,1212.800048828125,1213.800048828125,1186.800048828125,1189.0999755859375,309
2016-11-24,"1,178.40","1,189.40","1,192.70","1,170.30",300.28K
2016-11-25,1177,1189.300048828125,1177,1178.199951171875,14
2016-11-28,1188,1190.5999755859375,1188,1190.5999755859375,189914
2016-11-29,1193.199951171875,1194.800048828125,1179.4000244140625,1187.9000244140625,42124
2016-11-30,1187.0999755859375,1193.300048828125,1167.9000244140625,1170.800048828125,7158
2016-12-01,1172.699951171875,1174.5999755859375,1160,1166.9000244140625,1588
2016-12-02,1172.300048828125,1177.300048828125,1166.4000244140625,1175.0999755859375,1521
2016-12-05,1181.800048828125,1186.699951171875,1157,1174,358
2016-12-06,1170.9000244140625,1174.5,1167.0999755859375,1167.5999755859375,652
2016-12-07,1167.699951171875,1178.5,1166.4000244140625,1175,182
2016-12-08,1173.800048828125,1177.800048828125,1169.0999755859375,1169.800048828125,322
2016-12-09,1166.5999755859375,1168.800048828125,1156,1159.4000244140625,365
2016-12-12,1158.300048828125,1163.9000244140625,1153,1163.5,331
2016-12-13,1163.5,1164,1155.4000244140625,1156.699951171875,637
2016-12-14,1159.800048828125,1164,1142,1161.300048828125,487
2016-12-15,1139.800048828125,1143.300048828125,1123.9000244140625,1127.800048828125,244
2016-12-16,1126.9000244140625,1140.9000244140625,1126.9000244140625,1135.300048828125,146
2016-12-19,1139.4000244140625,1140.699951171875,1137.9000244140625,1140.5,249
2016-12-20,1133.5,1133.5,1126.5,1131.5,46
2016-12-21,1136.0999755859375,1136.0999755859375,1130,1131.0999755859375,50
2016-12-22,1131.199951171875,1132.800048828125,1128.300048828125,1128.800048828125,104
2016-12-23,1130.9000244140625,1132.800048828125,1130.300048828125,1131.9000244140625,70
2016-12-27,1134.300048828125,1142.199951171875,1134.300048828125,1137.300048828125,84
2016-12-28,1141.199951171875,1141.199951171875,1138,1139.4000244140625,1570
2016-12-29,1143.800048828125,1158.800048828125,1143.5999755859375,1156.4000244140625,950
2016-12-30,1162,1162,1150,1150,16
2017-01-03,1155.199951171875,1160.800048828125,1146.5,1160.4000244140625,52
2017-01-04,1156.300048828125,1165,1156.300048828125,1163.800048828125,36
2017-01-05,1172,1183.300048828125,1171.5,1179.699951171875,500
2017-01-06,1176.5,1176.5,1171.9000244140625,1171.9000244140625,16
2017-01-09,1173.9000244140625,1183.5999755859375,1173,1183.5,62
2017-01-10,1184.300048828125,1188.9000244140625,1182.300048828125,1184.199951171875,8
2017-01-11,1187.5,1197,1176.5,1195.5999755859375,20
2017-01-12,1192.699951171875,1204.300048828125,1192.300048828125,1198.9000244140625,110
2017-01-13,1195.699951171875,1196,1187.699951171875,1195.300048828125,65
2017-01-16,"1,212.90","1,199.40","1,218.90","1,198.00",381.42K
2017-01-17,1205.5,1214.5999755859375,1200.800048828125,1212,79
2017-01-18,1213.5999755859375,1214.699951171875,1203.0999755859375,1211.300048828125,114
2017-01-19,1200.5,1204,1195.800048828125,1200.9000244140625,26
2017-01-20,1202.800048828125,1212.0999755859375,1202.800048828125,1204.300048828125,38
2017-01-23,1212,1215,1210,1215,16
2017-01-24,1219,1219,1207.699951171875,1210.300048828125,24
2017-01-25,1202,1202.800048828125,1194.9000244140625,1197.300048828125,403
2017-01-26,1199.699951171875,1199.699951171875,1185.5999755859375,1189.5,19
2017-01-27,1187.9000244140625,1188.300048828125,1187.9000244140625,1188.0999755859375,234352
2017-01-30,1191.699951171875,1198.5,1187.0999755859375,1193.199951171875,50503
2017-01-31,1194.9000244140625,1214.699951171875,1193.5,1208.5999755859375,3212
2017-02-01,1211.9000244140625,1211.9000244140625,1197.9000244140625,1205.5999755859375,1145
2017-02-02,1209.699951171875,1224.199951171875,1208.9000244140625,1216.699951171875,1512
2017-02-03,1214.9000244140625,1220.5999755859375,1206.199951171875,1218.5,865
2017-02-06,1221.9000244140625,1235.4000244140625,1218.5,1230,908
2017-02-07,1234.199951171875,1236.199951171875,1228.5,1234.199951171875,1177
2017-02-08,1232.0999755859375,1243.9000244140625,1231,1237.5999755859375,288
2017-02-09,1239.4000244140625,1243.5,1226.9000244140625,1235.0999755859375,885
2017-02-10,1227.5999755859375,1234.4000244140625,1221.5,1234.4000244140625,391
2017-02-13,1230.5,1231.0999755859375,1219,1224.4000244140625,398
2017-02-14,1225.9000244140625,1233.5,1222.0999755859375,1223.9000244140625,159
2017-02-15,1225.5,1231.699951171875,1217.300048828125,1231.699951171875,175
2017-02-16,1234.5,1240.699951171875,1233.199951171875,1240,87
2017-02-17,1240.699951171875,1241.199951171875,1234.800048828125,1237.5999755859375,301
2017-02-20,"1,238.90","1,236.40","1,240.20","1,226.80",259.51K
2017-02-21,1237.300048828125,1237.5,1228.0999755859375,1237.5,119
2017-02-22,1236.0999755859375,1238.5999755859375,1231.800048828125,1232,36
2017-02-23,1236.0999755859375,1250.300048828125,1236.0999755859375,1250.199951171875,112
2017-02-24,1250,1258.800048828125,1250,1256.9000244140625,1264
2017-02-27,1254.699951171875,1263.0999755859375,1250.4000244140625,1257.4000244140625,544
2017-02-28,1253.5999755859375,1257.300048828125,1247.199951171875,1252.5999755859375,721
2017-03-01,1247.800048828125,1248.9000244140625,1236.9000244140625,1248.9000244140625,138
2017-03-02,1247.199951171875,1247.5999755859375,1230.699951171875,1231.9000244140625,79
2017-03-03,1231.699951171875,1235.199951171875,1222.9000244140625,1225.5,121
2017-03-06,1235.199951171875,1235.199951171875,1224.5,1224.5,29
2017-03-07,1224.300048828125,1225.4000244140625,1213.699951171875,1215.0999755859375,53
2017-03-08,1212.199951171875,1212.199951171875,1206.699951171875,1208.5,24
2017-03-09,1204.5,1205.5999755859375,1202.300048828125,1202.4000244140625,37
2017-03-10,1196.199951171875,1203.300048828125,1196.199951171875,1200.699951171875,3
2017-03-13,1206.199951171875,1210,1202.300048828125,1202.4000244140625,35
2017-03-14,1203.0999755859375,1205.9000244140625,1196.800048828125,1201.9000244140625,22
2017-03-15,1198.199951171875,1221.199951171875,1197.699951171875,1200.0999755859375,36
2017-03-16,1222.199951171875,1231.4000244140625,1222.199951171875,1226.5,47
2017-03-17,1227.0999755859375,1230.9000244140625,1227.0999755859375,1229.800048828125,26
2017-03-20,1229.300048828125,1234.4000244140625,1229.300048828125,1233.5999755859375,23
2017-03-21,1226.4000244140625,1246.0999755859375,1226.4000244140625,1246.0999755859375,11
2017-03-22,1247.9000244140625,1249.5,1247.699951171875,1249.300048828125,3
2017-03-23,1246.4000244140625,1247.5,1244.800048828125,1246.9000244140625,16
2017-03-24,1248,1248.300048828125,1247.5999755859375,1248.199951171875,3
2017-03-27,1255.800048828125,1257.699951171875,1253.800048828125,1255.4000244140625,72
2017-03-28,1255.9000244140625,1255.9000244140625,1255.300048828125,1255.300048828125,19
2017-03-29,1252.199951171875,1253.4000244140625,1252.0999755859375,1253.4000244140625,190678
2017-03-30,1253.0999755859375,1253.5999755859375,1241.0999755859375,1245,51328
2017-03-31,1242.0999755859375,1248.800048828125,1238.699951171875,1247.300048828125,8223
2017-04-03,1247.5,1252.4000244140625,1243.5999755859375,1250.800048828125,1160
2017-04-04,1253.0999755859375,1260.300048828125,1253,1255,724
2017-04-05,1255.4000244140625,1255.4000244140625,1243,1245.4000244140625,907
2017-04-06,1256.0999755859375,1257.5,1249,1250.300048828125,169
2017-04-07,1249.5,1269.0999755859375,1249.5,1254.300048828125,445
2017-04-10,1252.699951171875,1255.199951171875,1246.800048828125,1251.0999755859375,182
2017-04-11,1254.5,1273.5,1254.5,1271.199951171875,401
2017-04-12,1275,1285.0999755859375,1272,1275.300048828125,492
2017-04-13,1285.300048828125,1287.5999755859375,1282,1285.9000244140625,915
2017-04-17,1291.800048828125,1294.800048828125,1284.300048828125,1289.4000244140625,73
2017-04-18,1283.9000244140625,1291.699951171875,1278.5999755859375,1291.699951171875,394
2017-04-19,1288,1288,1274,1281.4000244140625,194
2017-04-20,1279.699951171875,1281.9000244140625,1276.199951171875,1281.9000244140625,127
2017-04-21,1279.800048828125,1287.4000244140625,1279.199951171875,1287.4000244140625,474
2017-04-24,1275,1276.4000244140625,1265,1275.800048828125,605
2017-04-25,1275.5999755859375,1276.9000244140625,1262.0999755859375,1265.5999755859375,356
2017-04-26,1266,1266,1262.0999755859375,1262.0999755859375,1156
2017-04-27,1266.699951171875,1267.199951171875,1262.199951171875,1263.699951171875,206
2017-04-28,1265.9000244140625,1267.199951171875,1264.699951171875,1266.0999755859375,85
2017-05-01,1268.699951171875,1269.300048828125,1253.300048828125,1253.300048828125,34
2017-05-02,1256.199951171875,1256.199951171875,1251.199951171875,1255.0999755859375,90
2017-05-03,1255.0999755859375,1255.800048828125,1238.699951171875,1246.4000244140625,195
2017-05-04,1239.800048828125,1239.800048828125,1224.199951171875,1226.5,72
2017-05-05,1227,1233.699951171875,1224.800048828125,1224.800048828125,16
2017-05-08,1224,1234,1224,1225.300048828125,43
2017-05-09,1226.0999755859375,1226.199951171875,1214,1214.300048828125,55
2017-05-10,1219.800048828125,1220.199951171875,1217.300048828125,1217.300048828125,23
2017-05-11,1218.5,1222.699951171875,1218.300048828125,1222.699951171875,13
2017-05-12,1228,1229.5,1226.0999755859375,1226.199951171875,29
2017-05-15,1227.5,1232.699951171875,1227.5,1228.5999755859375,13
2017-05-16,1230.4000244140625,1237.300048828125,1230.4000244140625,1235,20
2017-05-17,1241,1259.199951171875,1240.699951171875,1257.5,26
2017-05-18,1254.800048828125,1260,1245.800048828125,1251.699951171875,43
2017-05-19,1252.699951171875,1252.699951171875,1252.699951171875,1252.699951171875,14
2017-05-22,1251.699951171875,1260.699951171875,1251.699951171875,1260.699951171875,14
2017-05-23,1261.5,1261.5999755859375,1250.5999755859375,1254.800048828125,20
2017-05-24,1251.9000244140625,1257.800048828125,1249.699951171875,1252.4000244140625,14
2017-05-25,1257.0999755859375,1258.300048828125,1255.800048828125,1255.800048828125,11
2017-05-26,1267.5999755859375,1267.5999755859375,1267.5999755859375,1267.5999755859375,271457
2017-05-29,"1,265.70","1,271.20","1,273.40","1,261.80",286.21K
2017-05-30,1267.4000244140625,1270,1258.4000244140625,1262.0999755859375,129819
2017-05-31,1262.4000244140625,1273.199951171875,1258.5,1272,2712
2017-06-01,1268,1269.199951171875,1260.800048828125,1267,825
2017-06-02,1265.199951171875,1279,1259,1276.800048828125,1732
2017-06-05,1279.199951171875,1282,1277,1279.300048828125,433
2017-06-06,1279.4000244140625,1295.199951171875,1279.4000244140625,1294.4000244140625,942
2017-06-07,1291.5999755859375,1293.0999755859375,1284.300048828125,1290.0999755859375,641
2017-06-08,1285.4000244140625,1287.5999755859375,1268.0999755859375,1276.300048828125,319
2017-06-09,1277.9000244140625,1277.9000244140625,1264.5999755859375,1268.5,467
2017-06-12,1266.4000244140625,1269.300048828125,1263.199951171875,1266.0999755859375,255
2017-06-13,1264.0999755859375,1266.9000244140625,1259.699951171875,1265.800048828125,150
2017-06-14,1269.4000244140625,1278,1256.800048828125,1272.800048828125,336
2017-06-15,1263.199951171875,1264.199951171875,1250.300048828125,1252.199951171875,743
2017-06-16,1252.800048828125,1255.300048828125,1251.300048828125,1254,34
2017-06-19,1252.0999755859375,1252.199951171875,1241.9000244140625,1244.199951171875,108
2017-06-20,1242.199951171875,1245.5,1240.5,1241,75
2017-06-21,1244.0999755859375,1245,1240,1243.4000244140625,205
2017-06-22,1251,1252.699951171875,1246.300048828125,1247.5999755859375,156
2017-06-23,1250,1273.5999755859375,1249.800048828125,1256.199951171875,269
2017-06-26,1260.199951171875,1260.199951171875,1241.5999755859375,1246.300048828125,194
2017-06-27,1251.5999755859375,1251.800048828125,1245.9000244140625,1246.4000244140625,111
2017-06-28,1248.5,1248.5,1248,1248,370
2017-06-29,1248.199951171875,1250.699951171875,1238.0999755859375,1244.199951171875,540
2017-06-30,1243.699951171875,1243.699951171875,1239.0999755859375,1240.699951171875,43
2017-07-03,1236,1236,1217.9000244140625,1217.9000244140625,33
2017-07-04,"1,221.70","1,220.10","1,228.40","1,216.50",366.77K
2017-07-05,1222.5,1225,1217.0999755859375,1220.4000244140625,40
2017-07-06,1225.0999755859375,1225.0999755859375,1222.199951171875,1222.199951171875,5
2017-07-07,1219.0999755859375,1220.4000244140625,1208.5999755859375,1208.5999755859375,116
2017-07-10,1211.4000244140625,1212.0999755859375,1209.5999755859375,1212.0999755859375,28
2017-07-11,1208.699951171875,1214.9000244140625,1208.699951171875,1213.5999755859375,12
2017-07-12,1218.300048828125,1219.4000244140625,1217.9000244140625,1218.0999755859375,7
2017-07-13,1221.4000244140625,1221.4000244140625,1216.300048828125,1216.300048828125,7
2017-07-14,1214.9000244140625,1227.5,1214.800048828125,1226.5999755859375,23
2017-07-17,1229.9000244140625,1233.4000244140625,1229.9000244140625,1232.800048828125,7
2017-07-18,1236.199951171875,1241.199951171875,1236.199951171875,1241.0999755859375,29
2017-07-19,1240.4000244140625,1241.199951171875,1240.0999755859375,1241.199951171875,3
2017-07-20,1236.5999755859375,1244.800048828125,1236.5999755859375,1244.800048828125,5
2017-07-21,1250.699951171875,1254.300048828125,1250.5,1254.300048828125,16
2017-07-24,1256,1256,1253.9000244140625,1253.9000244140625,8
2017-07-25,1252.699951171875,1253.5999755859375,1249.199951171875,1251.699951171875,18
2017-07-26,1244.800048828125,1249,1244.800048828125,1249,7
2017-07-27,1259.5999755859375,1259.5999755859375,1259.5999755859375,1259.5999755859375,220309
2017-07-28,1258.4000244140625,1270,1256.9000244140625,1268.4000244140625,64180
2017-07-31,1268.9000244140625,1270.800048828125,1265.800048828125,1266.5999755859375,7780
2017-08-01,1268.4000244140625,1273.300048828125,1262,1272.5999755859375,1061
2017-08-02,1268.5,1272.0999755859375,1262.9000244140625,1271.800048828125,393
2017-08-03,1265.9000244140625,1269.800048828125,1256.5999755859375,1267.800048828125,878
2017-08-04,1269,1269.5999755859375,1253.9000244140625,1258.300048828125,521
2017-08-07,1258.699951171875,1259.0999755859375,1255.300048828125,1258.199951171875,260
2017-08-08,1256.9000244140625,1264.0999755859375,1251.4000244140625,1256.4000244140625,555
2017-08-09,1260.199951171875,1277.800048828125,1260.199951171875,1273,574
2017-08-10,1276.5999755859375,1287.4000244140625,1274.9000244140625,1283.699951171875,608
2017-08-11,1286.300048828125,1291.0999755859375,1282,1287.699951171875,139
2017-08-14,1288.4000244140625,1288.4000244140625,1278.800048828125,1284.199951171875,338
2017-08-15,1280.5,1280.5,1267.4000244140625,1273.699951171875,188
2017-08-16,1271.300048828125,1282.5999755859375,1269.4000244140625,1276.9000244140625,110
2017-08-17,1283.800048828125,1288.5,1283.199951171875,1286.4000244140625,43
2017-08-18,1288.5999755859375,1300.699951171875,1284.300048828125,1285.699951171875,358
2017-08-21,1285.199951171875,1290.800048828125,1284.699951171875,1290.800048828125,18
2017-08-22,1287.199951171875,1288.4000244140625,1283.199951171875,1285.0999755859375,100
2017-08-23,1289.4000244140625,1289.4000244140625,1286.9000244140625,1288.9000244140625,250
2017-08-24,1288.699951171875,1288.699951171875,1284,1286.5,550
2017-08-25,1285.4000244140625,1292.699951171875,1280.300048828125,1292.5,280
2017-08-28,1293.5,1311.300048828125,1293.5,1309.699951171875,145
2017-08-29,1318.800048828125,1323.800048828125,1313.0999755859375,1313.0999755859375,1178
2017-08-30,1308.199951171875,1312.5,1304.9000244140625,1308.0999755859375,1178
2017-08-31,1306.5999755859375,1322.300048828125,1301.699951171875,1316.199951171875,373
2017-09-01,1320.199951171875,1327.699951171875,1316.9000244140625,1324.5,313
2017-09-04,"1,344.50","1,339.70","1,349.70","1,331.10",368.17K
2017-09-05,1335.199951171875,1339.199951171875,1328.5999755859375,1339.199951171875,39
2017-09-06,1340,1340.300048828125,1332.5999755859375,1333.9000244140625,20
2017-09-07,1336.4000244140625,1349,1336.4000244140625,1345.0999755859375,26
2017-09-08,1351,1355.800048828125,1345.5999755859375,1346,37
2017-09-11,1331,1331,1327.300048828125,1331,9
2017-09-12,1327,1328,1325.199951171875,1328,15
2017-09-13,1323.4000244140625,1323.4000244140625,1323.4000244140625,1323.4000244140625,16
2017-09-14,1319.5999755859375,1329.300048828125,1319.5999755859375,1324.699951171875,316
2017-09-15,1320.5999755859375,1321.199951171875,1319.800048828125,1320.4000244140625,15
2017-09-18,1309.800048828125,1310.4000244140625,1306,1306.300048828125,129
2017-09-19,1307.9000244140625,1310.300048828125,1305.0999755859375,1306.199951171875,20
2017-09-20,1312,1312,1298.699951171875,1312,12
2017-09-21,1299.0999755859375,1304.0999755859375,1290.300048828125,1290.5999755859375,336
2017-09-22,1295,1295.699951171875,1293.300048828125,1293.300048828125,209
2017-09-25,1293.0999755859375,1309.199951171875,1291,1306.800048828125,51
2017-09-26,1304.5,1305.5999755859375,1297,1297,39
2017-09-27,1283.4000244140625,1283.4000244140625,1283.4000244140625,1283.4000244140625,19488
2017-09-28,1283.0999755859375,1288,1277,1285.5,5226
2017-09-29,1284.199951171875,1289.4000244140625,1281.5,1281.5,492
2017-10-02,1275,1276.0999755859375,1270.4000244140625,1272.699951171875,136
2017-10-03,1269.699951171875,1273.300048828125,1268.5999755859375,1271.5,192
2017-10-04,1273.800048828125,1280.800048828125,1270,1273.699951171875,218
2017-10-05,1277.800048828125,1277.800048828125,1267.5999755859375,1269.9000244140625,36
2017-10-06,1267.5999755859375,1272,1260.5,1271.5999755859375,46
2017-10-09,1280.5999755859375,1284,1279,1281.800048828125,19
2017-10-10,1282.5999755859375,1293,1281.699951171875,1290.5999755859375,18
2017-10-11,1287.300048828125,1292,1284.9000244140625,1285.800048828125,21
2017-10-12,1291.5,1294.5,1289.300048828125,1293.300048828125,14
2017-10-13,1293.300048828125,1301.699951171875,1291.699951171875,1301.5,74
2017-10-16,1302,1303.800048828125,1291.9000244140625,1299.9000244140625,173
2017-10-17,1295.0999755859375,1295.0999755859375,1283,1283,571
2017-10-18,1279.9000244140625,1279.9000244140625,1279.9000244140625,1279.9000244140625,163
2017-10-19,1286.4000244140625,1286.9000244140625,1285.0999755859375,1286.9000244140625,134
2017-10-20,1279.5999755859375,1279.5999755859375,1277.4000244140625,1277.4000244140625,304
2017-10-23,1274.699951171875,1280.800048828125,1271.5,1277.699951171875,115
2017-10-24,1275.5,1275.5,1273.699951171875,1275,111
2017-10-25,1269.9000244140625,1275.4000244140625,1269.9000244140625,1275.4000244140625,105
2017-10-26,1273.5,1273.5,1264.699951171875,1266.300048828125,39
2017-10-27,1268.4000244140625,1268.5,1267.0999755859375,1268.5,567
2017-10-30,1270,1274.0999755859375,1267.9000244140625,1274.0999755859375,222
2017-10-31,1273.0999755859375,1274.5999755859375,1266.0999755859375,1267,235
2017-11-01,1272.199951171875,1274.800048828125,1270.300048828125,1274.0999755859375,78
2017-11-02,1274.9000244140625,1274.9000244140625,1274.9000244140625,1274.9000244140625,70
2017-11-03,1265.300048828125,1267.9000244140625,1265.300048828125,1266.5,75
2017-11-06,1269,1280.5,1269,1279.4000244140625,128
2017-11-07,1276.800048828125,1276.800048828125,1270.4000244140625,1273.699951171875,11
2017-11-08,1275.9000244140625,1284.9000244140625,1274.699951171875,1281.5999755859375,15
2017-11-09,1279.699951171875,1286.9000244140625,1279.699951171875,1285.5999755859375,18
2017-11-10,1283.5,1283.5,1272.4000244140625,1272.4000244140625,10
2017-11-13,1277.300048828125,1277.300048828125,1277,1277.300048828125,3
2017-11-14,1276.9000244140625,1281.5,1276.9000244140625,1281.5,4
2017-11-15,1281.4000244140625,1284.699951171875,1275.9000244140625,1276.5,13
2017-11-16,1277.5,1277.5,1277.4000244140625,1277.4000244140625,43
2017-11-17,1288.300048828125,1295.800048828125,1288.300048828125,1295.800048828125,1
2017-11-20,1274.5999755859375,1275.9000244140625,1274.5999755859375,1274.5999755859375,1
2017-11-21,1281.0999755859375,1281.0999755859375,1281.0999755859375,1281.0999755859375,4
2017-11-22,1284.699951171875,1291.5999755859375,1282.9000244140625,1291.5999755859375,4
2017-11-23,"1,287.30","1,291.90","1,293.30","1,285.10",347.03K
2017-11-24,1286.699951171875,1286.699951171875,1286.699951171875,1286.699951171875,0
2017-11-27,1293.800048828125,1293.800048828125,1293.800048828125,1293.800048828125,1
2017-11-28,1294.699951171875,1294.699951171875,1294.699951171875,1294.699951171875,275442
2017-11-29,1293.4000244140625,1296.199951171875,1281.0999755859375,1282.0999755859375,47244
2017-11-30,1283.0999755859375,1284.5,1269.699951171875,1273.199951171875,3049
2017-12-01,1274.0999755859375,1288.5999755859375,1271,1278.800048828125,823
2017-12-04,1272.5,1276.0999755859375,1270.300048828125,1274.300048828125,850
2017-12-05,1275.4000244140625,1275.800048828125,1260,1261.5999755859375,1499
2017-12-06,1264.9000244140625,1267.800048828125,1261.5999755859375,1262.800048828125,373
2017-12-07,1262.300048828125,1262.4000244140625,1243.9000244140625,1249.800048828125,358
2017-12-08,1246.300048828125,1249.300048828125,1241.5,1245.199951171875,157
2017-12-11,1248.4000244140625,1249.199951171875,1239.9000244140625,1243.699951171875,146
2017-12-12,1241.300048828125,1244.4000244140625,1236.5,1238.5,692
2017-12-13,1241.9000244140625,1254.5,1239.800048828125,1245.4000244140625,349
2017-12-14,1252.9000244140625,1257.699951171875,1250.300048828125,1253.800048828125,139
2017-12-15,1253.0999755859375,1260.300048828125,1253.0999755859375,1254.300048828125,578
2017-12-18,1256.199951171875,1262.4000244140625,1255.699951171875,1262.199951171875,45
2017-12-19,1261.0999755859375,1264.300048828125,1259.5,1260.699951171875,329
2017-12-20,1261.300048828125,1266.5999755859375,1261.300048828125,1266.0999755859375,63
2017-12-21,1266.4000244140625,1267.4000244140625,1264.300048828125,1267.300048828125,226
2017-12-22,1266.300048828125,1276.300048828125,1266.300048828125,1275.4000244140625,119
2017-12-26,1282.4000244140625,1284.0999755859375,1281.800048828125,1284.0999755859375,84
2017-12-27,1284,1287,1284,1287,456
2017-12-28,1288.199951171875,1294.0999755859375,1288.199951171875,1294.0999755859375,245
2017-12-29,1294.199951171875,1306.300048828125,1294,1306.300048828125,65
2018-01-02,1302.300048828125,1317.5999755859375,1302.300048828125,1313.699951171875,68
2018-01-03,1320,1320.0999755859375,1312.0999755859375,1316.199951171875,42
2018-01-04,1319.4000244140625,1322,1319.4000244140625,1319.4000244140625,2
2018-01-05,1320.300048828125,1320.300048828125,1320.300048828125,1320.300048828125,1
2018-01-08,1319.9000244140625,1319.9000244140625,1314.5999755859375,1318.5999755859375,41
2018-01-09,1309.5999755859375,1311.699951171875,1309.5999755859375,1311.699951171875,16
2018-01-10,1320.300048828125,1320.699951171875,1315.300048828125,1317.4000244140625,70
2018-01-11,1317.0999755859375,1320.5999755859375,1316.300048828125,1320.5999755859375,9
2018-01-12,1327.800048828125,1338.199951171875,1327.800048828125,1333.4000244140625,14
2018-01-15,"1,337.10","1,337.30","1,345.00","1,332.10",499.76K
2018-01-16,1331.0999755859375,1335.4000244140625,1331,1335.4000244140625,13
2018-01-17,1334.4000244140625,1338,1326.800048828125,1338,27
2018-01-18,1328.9000244140625,1328.9000244140625,1326,1326,211
2018-01-19,1330.0999755859375,1333,1330.0999755859375,1331.9000244140625,50
2018-01-22,1328.4000244140625,1330.9000244140625,1328.4000244140625,1330.9000244140625,162
2018-01-23,1335.800048828125,1335.9000244140625,1335.699951171875,1335.699951171875,47
2018-01-24,1355.9000244140625,1357.199951171875,1355.9000244140625,1355.9000244140625,18
2018-01-25,1356.300048828125,1362.4000244140625,1346.699951171875,1362.4000244140625,4
2018-01-26,1351.5999755859375,1352,1350.9000244140625,1351.5999755859375,280546
2018-01-29,"1,340.30","1,349.00","1,351.40","1,336.10",280.55K
2018-01-30,1338.699951171875,1347.800048828125,1332.800048828125,1335.4000244140625,52100
2018-01-31,1337.5,1346.9000244140625,1331.800048828125,1339,4881
2018-02-01,1343.800048828125,1350.5999755859375,1336.800048828125,1344.300048828125,1680
2018-02-02,1348.5,1352.0999755859375,1327.699951171875,1333.699951171875,2841
2018-02-05,1331.0999755859375,1340.199951171875,1329,1333,641
2018-02-06,1338.199951171875,1343.699951171875,1319.5,1326.0999755859375,529
2018-02-07,1325.4000244140625,1331.0999755859375,1310.5,1311.5999755859375,491
2018-02-08,1317.0999755859375,1321.0999755859375,1307,1316.9000244140625,459
2018-02-09,1320.9000244140625,1322,1311.9000244140625,1313.0999755859375,451
2018-02-12,1323.800048828125,1325.5,1318,1324.199951171875,140
2018-02-13,1324.5,1329.5999755859375,1323.4000244140625,1328.0999755859375,71
2018-02-14,1332.800048828125,1355.5,1324,1355.5,400
2018-02-15,1352,1355.9000244140625,1349.699951171875,1352.0999755859375,111
2018-02-16,1354,1361.4000244140625,1344.9000244140625,1353.199951171875,110
2018-02-19,"1,331.20","1,350.20","1,354.00","1,330.60",374.05K
2018-02-20,1348.4000244140625,1350.199951171875,1328.5,1328.800048828125,283
2018-02-21,1326.800048828125,1331.5,1324.4000244140625,1330,119
2018-02-22,1322,1331.4000244140625,1322,1330.5999755859375,70
2018-02-23,1328,1332.0999755859375,1327.699951171875,1328.199951171875,427
2018-02-26,1335,1340.5,1330.699951171875,1330.699951171875,652
2018-02-27,1331.699951171875,1332.5999755859375,1312.699951171875,1315.5,710
2018-02-28,1315.4000244140625,1321,1315.4000244140625,1315.5,58
2018-03-01,1310.4000244140625,1318.0999755859375,1301.800048828125,1302.9000244140625,43
2018-03-02,1314.300048828125,1323.199951171875,1314.300048828125,1321.0999755859375,155
2018-03-05,1323.5,1325.9000244140625,1318.0999755859375,1318.0999755859375,18
2018-03-06,1321.5999755859375,1333.5999755859375,1321.4000244140625,1333.5999755859375,18
2018-03-07,1338.0999755859375,1338.0999755859375,1326,1326,27
2018-03-08,1324.800048828125,1326.800048828125,1319.300048828125,1319.9000244140625,62
2018-03-09,1316.800048828125,1322.4000244140625,1313,1322.4000244140625,88
2018-03-12,1319.4000244140625,1319.4000244140625,1319.4000244140625,1319.4000244140625,0
2018-03-13,1325.9000244140625,1325.9000244140625,1325.300048828125,1325.9000244140625,13
2018-03-14,1322.199951171875,1324.4000244140625,1322.199951171875,1324.4000244140625,19
2018-03-15,1316.800048828125,1316.800048828125,1316.800048828125,1316.800048828125,0
2018-03-16,1310.0999755859375,1311.300048828125,1310.0999755859375,1311.300048828125,34
2018-03-19,1309.4000244140625,1316.9000244140625,1307.300048828125,1316.800048828125,6
2018-03-20,1311.0999755859375,1311.0999755859375,1311.0999755859375,1311.0999755859375,4
2018-03-21,1312.4000244140625,1328.800048828125,1312.4000244140625,1320.699951171875,34
2018-03-22,1326.5999755859375,1326.5999755859375,1326.5999755859375,1326.5999755859375,0
2018-03-23,1343.199951171875,1349.300048828125,1343.199951171875,1349.300048828125,8
2018-03-26,1348.5,1354.4000244140625,1345.0999755859375,1354.4000244140625,10
2018-03-27,1341,1341.300048828125,1341,1341.300048828125,290889
2018-03-28,1345,1346.4000244140625,1322.4000244140625,1324.199951171875,59284
2018-03-29,1324,1327.0999755859375,1321.699951171875,1322.800048828125,5585
2018-04-02,1327,1344.199951171875,1324.699951171875,1342.0999755859375,649
2018-04-03,1340.4000244140625,1341.5,1328.5,1332.800048828125,702
2018-04-04,1331.800048828125,1347.300048828125,1331.5999755859375,1335.800048828125,718
2018-04-05,1333.5,1333.699951171875,1322.5999755859375,1324.300048828125,258
2018-04-06,1326.5,1333,1319,1331.9000244140625,348
2018-04-09,1333,1337.5,1327,1336.300048828125,290
2018-04-10,1335.199951171875,1342,1333,1342,105
2018-04-11,1340.0999755859375,1365.4000244140625,1340.0999755859375,1356.5,118
2018-04-12,1351.199951171875,1351.5,1334.5999755859375,1338.4000244140625,34
2018-04-13,1335.9000244140625,1346,1335.9000244140625,1344.800048828125,67
2018-04-16,1341,1348.800048828125,1341,1347.5,60
2018-04-17,1348,1348.0999755859375,1339,1347.199951171875,409
2018-04-18,1343.5,1354.199951171875,1343.5,1351.199951171875,45
2018-04-19,1348.5999755859375,1355.199951171875,1341.5999755859375,1346.800048828125,387
2018-04-20,1342.5,1343.4000244140625,1335.300048828125,1336.699951171875,310
2018-04-23,1334,1334.4000244140625,1322.5,1322.5,68
2018-04-24,1326.4000244140625,1331.699951171875,1326.199951171875,1331.4000244140625,28
2018-04-25,1324,1325,1320,1321.199951171875,278
2018-04-26,1315.699951171875,1316.300048828125,1315.699951171875,1316.300048828125,569
2018-04-27,1315.300048828125,1321.699951171875,1312.800048828125,1320.300048828125,622
2018-04-30,1309.5999755859375,1316.199951171875,1309.5999755859375,1316.199951171875,49
2018-05-01,1313.199951171875,1313.800048828125,1303.4000244140625,1303.800048828125,28
2018-05-02,1309,1309.300048828125,1302.5999755859375,1302.5999755859375,23
2018-05-03,1310.699951171875,1310.699951171875,1310.699951171875,1310.699951171875,4
2018-05-04,1312.699951171875,1312.699951171875,1312.699951171875,1312.699951171875,0
2018-05-07,1310.5999755859375,1312.5,1310.199951171875,1312.199951171875,4
2018-05-08,1310.0999755859375,1312,1308.5,1312,337
2018-05-09,1311.300048828125,1311.300048828125,1311.300048828125,1311.300048828125,70
2018-05-10,1312.199951171875,1320.800048828125,1312.199951171875,1320.800048828125,8
2018-05-11,1319,1319,1319,1319,3
2018-05-14,1319.9000244140625,1319.9000244140625,1316.5,1316.5,4
2018-05-15,1304.5999755859375,1304.699951171875,1288.9000244140625,1288.9000244140625,8
2018-05-16,1290.9000244140625,1294,1285.4000244140625,1290.199951171875,26
2018-05-17,1291.300048828125,1291.300048828125,1288.199951171875,1288.199951171875,2
2018-05-18,1285.199951171875,1290.199951171875,1285.199951171875,1290.199951171875,2
2018-05-21,1287.4000244140625,1292.0999755859375,1287.4000244140625,1290.199951171875,52
2018-05-22,1291.699951171875,1291.699951171875,1291.699951171875,1291.699951171875,50
2018-05-23,1289.300048828125,1289.300048828125,1289.300048828125,1289.300048828125,10
2018-05-24,1303.699951171875,1303.699951171875,1303.699951171875,1303.699951171875,0
2018-05-25,1303.300048828125,1303.300048828125,1303.300048828125,1303.300048828125,1
2018-05-28,"1,299.00","1,297.20","1,306.10","1,291.40",386.33K
2018-05-29,1298.699951171875,1298.699951171875,1298.699951171875,1298.699951171875,386334
2018-05-30,1298,1303.699951171875,1295.199951171875,1301.5,50845
2018-05-31,1301,1306.800048828125,1296.5999755859375,1300.0999755859375,4082
2018-06-01,1298.5999755859375,1299.5,1288.9000244140625,1294.800048828125,663
2018-06-04,1293.9000244140625,1297.0999755859375,1290,1293.0999755859375,144
2018-06-05,1292.0999755859375,1299.800048828125,1289.9000244140625,1297.5,357
2018-06-06,1296.0999755859375,1300.4000244140625,1294.0999755859375,1297.0999755859375,373
2018-06-07,1298.4000244140625,1302.800048828125,1296.199951171875,1298.699951171875,79
2018-06-08,1295.300048828125,1299.4000244140625,1294.800048828125,1298.0999755859375,650
2018-06-11,1299.300048828125,1302,1295.199951171875,1298.9000244140625,71
2018-06-12,1297.800048828125,1298.0999755859375,1292.699951171875,1295.0999755859375,153
2018-06-13,1294,1299.4000244140625,1290.9000244140625,1296.9000244140625,135
2018-06-14,1297.199951171875,1307.699951171875,1297.199951171875,1304,42
2018-06-15,1297.199951171875,1307.699951171875,1274,1274.5999755859375,589
2018-06-18,1280.699951171875,1280.699951171875,1276.199951171875,1276.199951171875,35
2018-06-19,1278.699951171875,1281.800048828125,1269.9000244140625,1275.5999755859375,34
2018-06-20,1274.4000244140625,1274.4000244140625,1271.199951171875,1271.199951171875,7
2018-06-21,1262.699951171875,1268.9000244140625,1260,1267.199951171875,46
2018-06-22,1268.0999755859375,1270.199951171875,1267,1267.4000244140625,74
2018-06-25,1270.5999755859375,1271.199951171875,1265.5999755859375,1265.5999755859375,37
2018-06-26,1267.199951171875,1267.199951171875,1256.5999755859375,1256.5999755859375,89
2018-06-27,1255.5,1255.5,1252.300048828125,1252.800048828125,1162
2018-06-28,1251.699951171875,1251.699951171875,1244.800048828125,1247.800048828125,378
2018-06-29,1250.300048828125,1253.300048828125,1249.0999755859375,1251.300048828125,48
2018-07-02,1249.9000244140625,1249.9000244140625,1239.800048828125,1239.800048828125,29
2018-07-03,1238.0999755859375,1254.0999755859375,1237,1251.5999755859375,36
2018-07-04,"1,258.80","1,257.70","1,261.00","1,252.20",392.95K
2018-07-05,1255.5,1257.300048828125,1253.5999755859375,1257.300048828125,9
2018-07-06,1255.5,1255.5,1254.300048828125,1254.300048828125,7
2018-07-09,1258.199951171875,1262.300048828125,1257.699951171875,1258.0999755859375,37
2018-07-10,1256.199951171875,1256.9000244140625,1249.300048828125,1253.800048828125,65
2018-07-11,1253.199951171875,1253.199951171875,1242.800048828125,1242.800048828125,30
2018-07-12,1240.9000244140625,1246.699951171875,1240.9000244140625,1245,7
2018-07-13,1244.699951171875,1247,1239.5999755859375,1239.5999755859375,2
2018-07-16,1242.699951171875,1243.800048828125,1238.0999755859375,1238.0999755859375,2
2018-07-17,1225.699951171875,1225.699951171875,1225.699951171875,1225.699951171875,0
2018-07-18,1226.699951171875,1226.699951171875,1222.199951171875,1226.300048828125,67
2018-07-19,1227.199951171875,1228,1211.699951171875,1222.4000244140625,33
2018-07-20,1229.5,1229.5,1229.5,1229.5,0
2018-07-23,1222,1224,1222,1224,1
2018-07-24,1223.9000244140625,1223.9000244140625,1223.9000244140625,1223.9000244140625,0
2018-07-25,1231.4000244140625,1231.4000244140625,1231.4000244140625,1231.4000244140625,0
2018-07-26,1227.800048828125,1227.800048828125,1225.300048828125,1225.300048828125,1
2018-07-27,1222.5999755859375,1222.5999755859375,1222.5999755859375,1222.5999755859375,254428
2018-07-30,1222.5,1223.9000244140625,1218.0999755859375,1221.300048828125,62239
2018-07-31,1220.4000244140625,1228.0999755859375,1213,1223.699951171875,2722
2018-08-01,1222.9000244140625,1223.699951171875,1214.4000244140625,1217.9000244140625,1026
2018-08-02,1214.699951171875,1219.300048828125,1205.800048828125,1210.5999755859375,411
2018-08-03,1206.5,1218.5999755859375,1205.0999755859375,1214.199951171875,784
2018-08-06,1214.4000244140625,1214.4000244140625,1206.5999755859375,1208.5999755859375,297
2018-08-07,1207.800048828125,1214.800048828125,1207.800048828125,1209.5999755859375,715
2018-08-08,1212,1215.199951171875,1205.9000244140625,1212.5999755859375,209
2018-08-09,1214.5,1215.300048828125,1211.5999755859375,1211.9000244140625,44
2018-08-10,1212.5,1216.4000244140625,1205.5999755859375,1211.0999755859375,75
2018-08-13,1207,1207.4000244140625,1191.300048828125,1191.300048828125,78
2018-08-14,1193.0999755859375,1197.5,1192.800048828125,1193,92
2018-08-15,1187.800048828125,1188.0999755859375,1174.5999755859375,1177.5,71
2018-08-16,1173.199951171875,1180.199951171875,1161.4000244140625,1176.199951171875,123
2018-08-17,1174.699951171875,1181.199951171875,1174.699951171875,1176.5,66
2018-08-20,1184.800048828125,1190,1184.4000244140625,1186.800048828125,68
2018-08-21,1189.800048828125,1192.5999755859375,1189.800048828125,1192.5999755859375,22
2018-08-22,1194.699951171875,1196.300048828125,1194.699951171875,1196.300048828125,17
2018-08-23,1189.300048828125,1190.300048828125,1184.9000244140625,1187,95
2018-08-24,1185.300048828125,1208,1185.300048828125,1206.300048828125,12
2018-08-27,1210.300048828125,1211.4000244140625,1205.199951171875,1209,154
2018-08-28,1209.699951171875,1217,1202.300048828125,1207.4000244140625,136
2018-08-29,1205.199951171875,1205.199951171875,1202.4000244140625,1204.5,817
2018-08-30,1205.4000244140625,1205.5999755859375,1196,1197.699951171875,493
2018-08-31,1207.0999755859375,1208.199951171875,1199.0999755859375,1200.300048828125,191
2018-09-03,"1,199.10","1,207.00","1,207.60","1,195.10",421.47K
2018-09-04,1193.800048828125,1193.800048828125,1189.9000244140625,1192.699951171875,26
2018-09-05,1192.5,1196,1192.5,1194.9000244140625,21
2018-09-06,1202,1202,1197.9000244140625,1197.9000244140625,7
2018-09-07,1198.300048828125,1198.300048828125,1193.0999755859375,1193.5999755859375,29
2018-09-10,1193,1193,1193,1193,11
2018-09-11,1190.4000244140625,1196.300048828125,1190.4000244140625,1195.4000244140625,21
2018-09-12,1205,1205,1204.699951171875,1204.699951171875,37
2018-09-13,1203.4000244140625,1203.4000244140625,1200,1202,22
2018-09-14,1195,1195,1195,1195,1
2018-09-17,1199.699951171875,1199.699951171875,1199.699951171875,1199.699951171875,0
2018-09-18,1198.699951171875,1198.699951171875,1196.800048828125,1196.800048828125,2
2018-09-19,1202.199951171875,1202.199951171875,1202.199951171875,1202.199951171875,0
2018-09-20,1206.199951171875,1206.199951171875,1206.199951171875,1206.199951171875,0
2018-09-21,1196.199951171875,1196.199951171875,1196.199951171875,1196.199951171875,0
2018-09-24,1199.300048828125,1199.300048828125,1199.300048828125,1199.300048828125,0
2018-09-25,1202.0999755859375,1202.800048828125,1200,1200,21
2018-09-26,1194,1194,1194,1194,17857
2018-09-27,1194.5999755859375,1197.300048828125,1180.5,1182.300048828125,4947
2018-09-28,1181.699951171875,1191.9000244140625,1180,1191.5,404
2018-10-01,1191.5999755859375,1191.5999755859375,1185.800048828125,1187.0999755859375,180
2018-10-02,1193,1206,1190.300048828125,1202.4000244140625,451
2018-10-03,1202.5999755859375,1202.5999755859375,1196.5999755859375,1198.300048828125,76
2018-10-04,1199.300048828125,1204.5999755859375,1197.199951171875,1197.199951171875,496
2018-10-05,1197.0999755859375,1205.300048828125,1196.9000244140625,1201.199951171875,34
2018-10-08,1201,1201,1183.699951171875,1184.4000244140625,250
2018-10-09,1185.5999755859375,1189.0999755859375,1185.5999755859375,1187.199951171875,9
2018-10-10,1189.300048828125,1192,1189.300048828125,1189.300048828125,1078
2018-10-11,1198.0999755859375,1224.5999755859375,1196.300048828125,1223.5,126
2018-10-12,1221.5999755859375,1221.5999755859375,1216,1218.0999755859375,122
2018-10-15,1222.4000244140625,1232.300048828125,1222.4000244140625,1226.4000244140625,136
2018-10-16,1227.0999755859375,1230.5,1227.0999755859375,1227.300048828125,426
2018-10-17,1225.9000244140625,1225.9000244140625,1223.699951171875,1223.699951171875,1
2018-10-18,1226.5,1226.5,1226.5,1226.5,165
2018-10-19,1225.300048828125,1225.300048828125,1225.300048828125,1225.300048828125,55
2018-10-22,1224.5,1224.5,1219.5999755859375,1221.199951171875,18
2018-10-23,1224.800048828125,1237.800048828125,1224.800048828125,1233.4000244140625,33
2018-10-24,1231.5999755859375,1231.5999755859375,1227.800048828125,1227.800048828125,36
2018-10-25,1238.5999755859375,1238.5999755859375,1229.0999755859375,1229.0999755859375,7
2018-10-26,1234.300048828125,1234.800048828125,1232.5,1232.5,20
2018-10-29,1224.5,1224.5,1224.5,1224.5,214
2018-10-30,1227.699951171875,1227.699951171875,1219.800048828125,1222.5999755859375,72
2018-10-31,1216,1216.5999755859375,1212,1212.300048828125,121
2018-11-01,1215.4000244140625,1236,1215.4000244140625,1236,14
2018-11-02,1233.300048828125,1233.300048828125,1230.9000244140625,1230.9000244140625,18
2018-11-05,1230.5999755859375,1231.5,1226.699951171875,1229.800048828125,15
2018-11-06,1230.699951171875,1233.800048828125,1223.800048828125,1223.800048828125,4
2018-11-07,1228.5999755859375,1228.5999755859375,1226.199951171875,1226.199951171875,1
2018-11-08,1222.9000244140625,1222.9000244140625,1222.9000244140625,1222.9000244140625,2
2018-11-09,1207.9000244140625,1207.9000244140625,1206.4000244140625,1206.4000244140625,14
2018-11-12,1201.5999755859375,1201.5999755859375,1201.300048828125,1201.300048828125,1
2018-11-13,1196.300048828125,1201.300048828125,1196.300048828125,1199.199951171875,5
2018-11-14,1207.9000244140625,1207.9000244140625,1207.9000244140625,1207.9000244140625,0
2018-11-15,1212.800048828125,1212.800048828125,1212.800048828125,1212.800048828125,0
2018-11-16,1216.699951171875,1223.800048828125,1216.699951171875,1220.800048828125,5
2018-11-19,1223.0999755859375,1223.0999755859375,1223.0999755859375,1223.0999755859375,0
2018-11-20,1225.300048828125,1228.800048828125,1219,1219,12
2018-11-21,1225.800048828125,1225.800048828125,1225.800048828125,1225.800048828125,0
2018-11-22,"1,223.20","1,227.80","1,229.20","1,220.30",240.35K
2018-11-23,1224.800048828125,1224.800048828125,1221,1221,1
2018-11-26,1220.199951171875,1222,1220.199951171875,1220.199951171875,2
2018-11-27,1221.9000244140625,1222,1211.199951171875,1211.199951171875,5
2018-11-28,1211.5,1221.4000244140625,1211.5,1221.4000244140625,247168
2018-11-29,1221,1228.699951171875,1220.5,1224.0999755859375,55478
2018-11-30,1224.0999755859375,1225,1216.0999755859375,1220.199951171875,2060
2018-12-03,1222.5,1234.0999755859375,1221.300048828125,1233.9000244140625,751
2018-12-04,1231,1241.4000244140625,1230.4000244140625,1241.0999755859375,474
2018-12-05,"1,239.10","1,240.80","1,241.10","1,236.40",1.12K
2018-12-06,1237.5,1244.4000244140625,1234.800048828125,1238.0999755859375,434
2018-12-07,1238.300048828125,1249.800048828125,1237.5999755859375,1246.800048828125,211
2018-12-10,1249.5999755859375,1249.5999755859375,1241.699951171875,1243.699951171875,131
2018-12-11,1245.800048828125,1248.699951171875,1241.5,1241.9000244140625,117
2018-12-12,1245.300048828125,1245.5999755859375,1244.0999755859375,1244.4000244140625,84
2018-12-13,1243.5,1243.5,1241,1242.699951171875,194
2018-12-14,1241.699951171875,1241.699951171875,1234.0999755859375,1237,33
2018-12-17,1239.300048828125,1247.4000244140625,1239.300048828125,1247.4000244140625,10
2018-12-18,1248.199951171875,1249.199951171875,1245.5999755859375,1249.199951171875,31
2018-12-19,1255.800048828125,1255.800048828125,1252.0999755859375,1252.0999755859375,268
2018-12-20,1243.199951171875,1263.5999755859375,1243.199951171875,1263.5999755859375,49
2018-12-21,1260.300048828125,1261.300048828125,1253.800048828125,1253.800048828125,96
2018-12-24,1260.300048828125,1268.5,1260.300048828125,1267.5,27
2018-12-26,1269.300048828125,1277.4000244140625,1269.199951171875,1269.199951171875,63
2018-12-27,1276.699951171875,1277.300048828125,1276.699951171875,1277.300048828125,480
2018-12-28,1273.5,1280.0999755859375,1273.5,1279.9000244140625,805
2018-12-31,1278,1281.300048828125,1277.5999755859375,1278.300048828125,19
2019-01-02,1286,1286,1277.5999755859375,1281,149
2019-01-03,1286.800048828125,1292,1286.699951171875,1291.800048828125,10
2019-01-04,1294.199951171875,1294.199951171875,1275.300048828125,1282.699951171875,34
2019-01-07,1286.800048828125,1286.800048828125,1286.5999755859375,1286.800048828125,2
2019-01-08,1280.5,1283.199951171875,1278.199951171875,1283.199951171875,54
2019-01-09,1279.4000244140625,1289.300048828125,1279.199951171875,1289.300048828125,102
2019-01-10,1284.699951171875,1284.699951171875,1284.699951171875,1284.699951171875,0
2019-01-11,1291.199951171875,1291.199951171875,1286.300048828125,1287.0999755859375,11
2019-01-14,1292.4000244140625,1293.9000244140625,1289.0999755859375,1289.0999755859375,7
2019-01-15,1290.0999755859375,1292.699951171875,1286.199951171875,1286.199951171875,3
2019-01-16,1291.5999755859375,1291.5999755859375,1291.5999755859375,1291.5999755859375,2
2019-01-17,1291.5999755859375,1292.699951171875,1288.5,1291,10
2019-01-18,1281.300048828125,1281.300048828125,1281.300048828125,1281.300048828125,3
2019-01-21,"1,283.40","1,280.70","1,285.00","1,276.00",318.85K
2019-01-22,1282.5,1283.300048828125,1282.5,1282.5,7
2019-01-23,1281.699951171875,1283.9000244140625,1278.699951171875,1283.0999755859375,14
2019-01-24,1279.0999755859375,1279.0999755859375,1278.5,1279.0999755859375,1
2019-01-25,1297.4000244140625,1297.4000244140625,1297.4000244140625,1297.4000244140625,0
2019-01-28,1300.800048828125,1307.0999755859375,1298.4000244140625,1302.4000244140625,54
2019-01-29,1308.199951171875,1308.199951171875,1308.199951171875,1308.199951171875,213607
2019-01-30,1310.4000244140625,1323.4000244140625,1308.0999755859375,1309.9000244140625,54958
2019-01-31,1320,1325.4000244140625,1316.699951171875,1319.699951171875,1970
2019-02-01,1320.300048828125,1320.699951171875,1315.4000244140625,1316.9000244140625,878
2019-02-04,1318.0999755859375,1318.0999755859375,1308.300048828125,1314.300048828125,675
2019-02-05,1311.0999755859375,1315.0999755859375,1311,1314.199951171875,362
2019-02-06,1312.5,1313.5,1305,1309.5,358
2019-02-07,1302.9000244140625,1310.4000244140625,1302.199951171875,1309.4000244140625,203
2019-02-08,1309.5,1314,1307.800048828125,1313.699951171875,122
2019-02-11,1313.4000244140625,1313.4000244140625,1304.699951171875,1307,119
2019-02-12,1310,1312,1307.5999755859375,1309.199951171875,109
2019-02-13,1311.5999755859375,1316,1308.0999755859375,1310.800048828125,143
2019-02-14,1305,1311.800048828125,1301.5999755859375,1309.800048828125,858
2019-02-15,1313.5999755859375,1318.800048828125,1313.5999755859375,1318.0999755859375,190
2019-02-18,"1,344.80","1,325.00","1,345.00","1,323.80",348.64K
2019-02-19,1320.9000244140625,1340.0999755859375,1320.5,1340.0999755859375,390
2019-02-20,1342.199951171875,1344,1338,1343.300048828125,581
2019-02-21,1331.300048828125,1334.9000244140625,1320.9000244140625,1323.5,414
2019-02-22,1324.199951171875,1331.300048828125,1321,1329.199951171875,718
2019-02-25,1329.199951171875,1331.5999755859375,1325.5999755859375,1325.9000244140625,185
2019-02-26,1323.300048828125,1325.5,1323.300048828125,1325.0999755859375,939
2019-02-27,1327.699951171875,1327.9000244140625,1316.5,1317.699951171875,604
2019-02-28,1321.0999755859375,1323.699951171875,1311.5,1312.800048828125,141
2019-03-01,1312.199951171875,1312.199951171875,1288.9000244140625,1296.4000244140625,110
2019-03-04,1285.5,1287,1281.9000244140625,1284.800048828125,28
2019-03-05,1287,1287,1282,1282,114
2019-03-06,1287.0999755859375,1287.0999755859375,1282.5999755859375,1284.9000244140625,14
2019-03-07,1281,1284.5999755859375,1281,1283.800048828125,11
2019-03-08,1292.0999755859375,1297.4000244140625,1291.5999755859375,1297,10
2019-03-11,1291,1291,1288.800048828125,1288.800048828125,9
2019-03-12,1294.699951171875,1296.300048828125,1294.699951171875,1296.300048828125,1
2019-03-13,1307.5,1307.5,1307.5,1307.5,0
2019-03-14,1293.4000244140625,1293.4000244140625,1293.4000244140625,1293.4000244140625,1
2019-03-15,1300.9000244140625,1304.699951171875,1300.5,1301.800048828125,26
2019-03-18,1297.300048828125,1302.199951171875,1297.300048828125,1300.300048828125,8
2019-03-19,1306.9000244140625,1306.9000244140625,1304.800048828125,1305,20
2019-03-20,1300.699951171875,1300.699951171875,1300.5,1300.5,2
2019-03-21,1306.0999755859375,1306.0999755859375,1306.0999755859375,1306.0999755859375,0
2019-03-22,1311.5999755859375,1311.5999755859375,1311.5999755859375,1311.5999755859375,0
2019-03-25,1320.699951171875,1322.9000244140625,1320.699951171875,1321.9000244140625,19
2019-03-26,1315.5999755859375,1315.5999755859375,1314.300048828125,1314.300048828125,1
2019-03-27,1309.9000244140625,1309.9000244140625,1309.9000244140625,1309.9000244140625,206263
2019-03-28,1308.4000244140625,1311.0999755859375,1287.699951171875,1289.800048828125,87798
2019-03-29,1289.5999755859375,1298.5,1286.0999755859375,1293,1265
2019-04-01,1291.800048828125,1295.9000244140625,1285.699951171875,1288.4000244140625,675
2019-04-02,1286.300048828125,1290.9000244140625,1284.5,1290,525
2019-04-03,1291.4000244140625,1293.0999755859375,1287.5,1289.9000244140625,172
2019-04-04,1290.5999755859375,1292.5999755859375,1279.5,1289,269
2019-04-05,1292,1292,1283.5999755859375,1290.4000244140625,181
2019-04-08,1292.199951171875,1302.0999755859375,1291.800048828125,1297.0999755859375,63
2019-04-09,1298.5,1304.9000244140625,1298.5,1303.5,30
2019-04-10,1304,1309.0999755859375,1301.5,1309.0999755859375,66
2019-04-11,1307,1307.0999755859375,1288.5999755859375,1288.5999755859375,420
2019-04-12,1293.4000244140625,1293.4000244140625,1289.199951171875,1290.5999755859375,607
2019-04-15,1284.800048828125,1287.300048828125,1282.300048828125,1286.800048828125,523
2019-04-16,1285.199951171875,1285.199951171875,1272.199951171875,1272.5999755859375,643
2019-04-17,1273.5,1273.5,1271.5999755859375,1272.199951171875,308
2019-04-18,1270.800048828125,1273.5999755859375,1270.0999755859375,1271.9000244140625,27
2019-04-22,1273.5,1273.5,1273.5,1273.5,147
2019-04-23,1266.4000244140625,1269.800048828125,1266,1269.300048828125,206
2019-04-24,1268.4000244140625,1275.5,1267.800048828125,1275.5,518
2019-04-25,1280.5999755859375,1280.800048828125,1275.800048828125,1275.800048828125,95
2019-04-26,1284.9000244140625,1284.9000244140625,1284.9000244140625,1284.9000244140625,804
2019-04-29,1284.800048828125,1284.9000244140625,1277.0999755859375,1278.5999755859375,568
2019-04-30,1281.699951171875,1283.300048828125,1280.800048828125,1282.800048828125,114
2019-05-01,1278.699951171875,1283.300048828125,1278.699951171875,1281.4000244140625,70
2019-05-02,1269.199951171875,1270.800048828125,1266.5999755859375,1269.699951171875,63
2019-05-03,1270.0999755859375,1279.199951171875,1270.0999755859375,1279.199951171875,15
2019-05-06,1282.199951171875,1282.199951171875,1280.300048828125,1281.699951171875,12
2019-05-07,1280.5,1283.5,1280.5,1283.5,8
2019-05-08,1279.4000244140625,1279.4000244140625,1279.4000244140625,1279.4000244140625,5
2019-05-09,1278.9000244140625,1285,1278.800048828125,1283.5,38
2019-05-10,1285.4000244140625,1286.5,1283.300048828125,1285.699951171875,6
2019-05-13,1286.699951171875,1300.0999755859375,1281.800048828125,1300.0999755859375,56
2019-05-14,1297.800048828125,1297.800048828125,1294.699951171875,1294.699951171875,6
2019-05-15,1296.9000244140625,1296.9000244140625,1296,1296.300048828125,55
2019-05-16,1285.199951171875,1285.4000244140625,1285,1285,3
2019-05-17,1280,1280,1274.5,1274.5,1
2019-05-20,1276.0999755859375,1276.0999755859375,1276.0999755859375,1276.0999755859375,20
2019-05-21,1272,1272,1272,1272,0
2019-05-22,1273.5999755859375,1273.5999755859375,1273.5999755859375,1273.5999755859375,0
2019-05-23,1284.800048828125,1284.800048828125,1284.800048828125,1284.800048828125,0
2019-05-24,1283,1283,1283,1283,9
2019-05-27,"1,277.10","1,283.50","1,286.90","1,275.10",362.16K
2019-05-28,1276.5,1276.5,1276.5,1276.5,0
2019-05-29,1280.5999755859375,1280.5999755859375,1280.5999755859375,1280.5999755859375,189694
2019-05-30,1279.4000244140625,1288.300048828125,1273.9000244140625,1287.0999755859375,55573
2019-05-31,1287.699951171875,1306.4000244140625,1287.5,1305.800048828125,2814
2019-06-03,1307,1327.800048828125,1307,1322.699951171875,812
2019-06-04,1324.300048828125,1328.5999755859375,1320.800048828125,1323.4000244140625,302
2019-06-05,1328.9000244140625,1343.300048828125,1326.300048828125,1328.300048828125,622
2019-06-06,1330.800048828125,1338.699951171875,1326.199951171875,1337.5999755859375,161
2019-06-07,1333.0999755859375,1347.699951171875,1329.800048828125,1341.199951171875,240
2019-06-10,1335.800048828125,1336.5,1324.0999755859375,1324.699951171875,268
2019-06-11,1328.4000244140625,1328.4000244140625,1319.0999755859375,1326.4000244140625,201
2019-06-12,1326.9000244140625,1334.5,1326.9000244140625,1331.9000244140625,139
2019-06-13,1331.5999755859375,1341.0999755859375,1331.5999755859375,1339.199951171875,157
2019-06-14,1345.4000244140625,1355.4000244140625,1339.300048828125,1340.0999755859375,914
2019-06-17,1339,1340.300048828125,1335,1338.699951171875,76
2019-06-18,1349.300048828125,1349.300048828125,1341.5999755859375,1346.5999755859375,29
2019-06-19,1344,1344.5999755859375,1344,1344.5999755859375,129
2019-06-20,1381.5,1392.9000244140625,1379.5,1392.9000244140625,76
2019-06-21,1406,1406,1390.300048828125,1396.199951171875,35
2019-06-24,1406,1420.5999755859375,1402.0999755859375,1414.300048828125,125
2019-06-25,1418.0999755859375,1433.300048828125,1414.9000244140625,1414.9000244140625,105
2019-06-26,1407.199951171875,1413.300048828125,1405.800048828125,1411.5999755859375,1333
2019-06-27,1407,1410.800048828125,1399.800048828125,1408.4000244140625,437
2019-06-28,1408.300048828125,1422,1408.300048828125,1409.699951171875,356
2019-07-01,1386.5999755859375,1395.800048828125,1382.800048828125,1385.5999755859375,214
2019-07-02,1391.0999755859375,1418.4000244140625,1390.800048828125,1404.5999755859375,38
2019-07-03,1431,1434,1413.0999755859375,1417.699951171875,46
2019-07-04,"1,400.10","1,421.60","1,426.80","1,388.60",577.38K
2019-07-05,1418.300048828125,1418.300048828125,1390.199951171875,1396.699951171875,20
2019-07-08,1395.9000244140625,1397,1393.5999755859375,1397,14
2019-07-09,1394.5,1397.5,1386.199951171875,1397.5,53
2019-07-10,1409.9000244140625,1410.0999755859375,1409.9000244140625,1410.0999755859375,50
2019-07-11,1424,1424,1404.300048828125,1404.300048828125,6
2019-07-12,1405.5999755859375,1410.0999755859375,1405.5999755859375,1409.9000244140625,8
2019-07-15,1414.4000244140625,1415,1411.4000244140625,1411.4000244140625,25
2019-07-16,1413.5999755859375,1413.699951171875,1405,1409.199951171875,13
2019-07-17,1404.5999755859375,1421.300048828125,1404.5999755859375,1421.300048828125,6
2019-07-18,1422.300048828125,1444.199951171875,1419.5,1426.0999755859375,66
2019-07-19,1440.5,1442,1425.0999755859375,1425.0999755859375,22
2019-07-22,1425.300048828125,1425.300048828125,1424,1425.300048828125,1
2019-07-23,1418.5999755859375,1421.300048828125,1416.300048828125,1420.0999755859375,5
2019-07-24,1422.800048828125,1422.800048828125,1422.800048828125,1422.800048828125,20
2019-07-25,1413.9000244140625,1413.9000244140625,1413.9000244140625,1413.9000244140625,4
2019-07-26,1422.800048828125,1423,1418.5,1418.5,5
2019-07-29,1419.5999755859375,1419.5999755859375,1419.5999755859375,1419.5999755859375,224267
2019-07-30,1426.300048828125,1433.9000244140625,1422.0999755859375,1429.699951171875,73874
2019-07-31,1431.300048828125,1435.800048828125,1411.199951171875,1426.0999755859375,3294
2019-08-01,1411.300048828125,1445.199951171875,1400.9000244140625,1420.9000244140625,2431
2019-08-02,1448,1448,1432.300048828125,1445.5999755859375,1873
2019-08-05,1440.4000244140625,1469.699951171875,1440.4000244140625,1464.5999755859375,1008
2019-08-06,1469.699951171875,1475,1457.699951171875,1472.4000244140625,460
2019-08-07,1473.5,1509.9000244140625,1473.199951171875,1507.300048828125,824
2019-08-08,1498.4000244140625,1508.5,1492,1497.699951171875,367
2019-08-09,1506.199951171875,1507.5,1495.5999755859375,1496.5999755859375,74
2019-08-12,1496,1514.9000244140625,1488.0999755859375,1505.300048828125,257
2019-08-13,1510.4000244140625,1531.4000244140625,1483.699951171875,1502.199951171875,672
2019-08-14,1500,1520.5,1497,1515.9000244140625,328
2019-08-15,1519.800048828125,1522.699951171875,1510.5999755859375,1519.5999755859375,87
2019-08-16,1524.5999755859375,1524.5999755859375,1504.699951171875,1512.5,1815
2019-08-19,1507.199951171875,1507.5999755859375,1492.9000244140625,1500.4000244140625,205
2019-08-20,1497.5,1506.0999755859375,1497.5,1504.5999755859375,486
2019-08-21,1504.9000244140625,1505,1498.800048828125,1504.5999755859375,350
2019-08-22,1495.0999755859375,1497.300048828125,1493.800048828125,1497.300048828125,686
2019-08-23,1493.5,1527.5999755859375,1493.5,1526.5999755859375,983
2019-08-26,1543.199951171875,1543.300048828125,1524.300048828125,1526.300048828125,334
2019-08-27,1530.5,1542.0999755859375,1528.5,1541,166
2019-08-28,1538.0999755859375,1538.0999755859375,1537.800048828125,1537.800048828125,2756
2019-08-29,1537.5,1549.300048828125,1519.5999755859375,1526.5,704
2019-08-30,1524.5999755859375,1530.4000244140625,1516.699951171875,1519.0999755859375,276
2019-09-02,"1,555.90","1,535.20","1,558.90","1,528.00",554.83K
2019-09-03,1522.9000244140625,1547.300048828125,1521,1545.9000244140625,139
2019-09-04,1549,1553.199951171875,1534.800048828125,1550.300048828125,46
2019-09-05,1551,1551.0999755859375,1511.0999755859375,1515.4000244140625,125
2019-09-06,1517.300048828125,1526,1504.5,1506.199951171875,54
2019-09-09,1509,1513,1498,1502.199951171875,69
2019-09-10,1498.5,1498.5,1486.9000244140625,1490.300048828125,23
2019-09-11,1491.699951171875,1496.5999755859375,1490.199951171875,1494.4000244140625,8
2019-09-12,1499.5,1515.4000244140625,1498.699951171875,1498.699951171875,27
2019-09-13,1490.9000244140625,1490.9000244140625,1486.9000244140625,1490.9000244140625,1
2019-09-16,1506.5999755859375,1506.800048828125,1496.9000244140625,1503.0999755859375,21
2019-09-17,1497.9000244140625,1505.0999755859375,1497.9000244140625,1505.0999755859375,3
2019-09-18,1508.9000244140625,1509.4000244140625,1489.300048828125,1507.5,8
2019-09-19,1496.0999755859375,1502.4000244140625,1496.0999755859375,1498.4000244140625,10
2019-09-20,1503,1507.300048828125,1503,1507.300048828125,2
2019-09-23,1515.5,1523.699951171875,1515.5,1523.699951171875,5
2019-09-24,1515.0999755859375,1533,1515.0999755859375,1532.0999755859375,25
2019-09-25,1527.5999755859375,1527.9000244140625,1504.5999755859375,1504.5999755859375,25
2019-09-26,1507.5,1507.5,1507.5,1507.5,8178
2019-09-27,1504.199951171875,1506.0999755859375,1485.5999755859375,1499.0999755859375,7827
2019-09-30,1495.9000244140625,1495.9000244140625,1463.5,1465.699951171875,1078
2019-10-01,1468.699951171875,1485.5,1458.300048828125,1482,219
2019-10-02,1476.5999755859375,1503.699951171875,1474.0999755859375,1501,205
2019-10-03,1497.4000244140625,1518.199951171875,1496.5999755859375,1507.0999755859375,1213
2019-10-04,1505.5999755859375,1508.699951171875,1497.0999755859375,1506.199951171875,233
2019-10-07,1504.800048828125,1505.800048828125,1489.0999755859375,1497.699951171875,121
2019-10-08,1489.4000244140625,1506.300048828125,1489.300048828125,1497.199951171875,46
2019-10-09,1507.699951171875,1507.699951171875,1498.4000244140625,1506.0999755859375,120
2019-10-10,1511.199951171875,1511.199951171875,1490.5999755859375,1494.800048828125,78
2019-10-11,1491.9000244140625,1494.9000244140625,1476.9000244140625,1482.699951171875,57
2019-10-14,1484.4000244140625,1493.5,1481.300048828125,1491.699951171875,400
2019-10-15,1488.9000244140625,1495.4000244140625,1476.5999755859375,1477.5999755859375,367
2019-10-16,1482,1488,1480,1488,383
2019-10-17,1486.199951171875,1493.199951171875,1485.800048828125,1492.300048828125,271
2019-10-18,1487.300048828125,1489.0999755859375,1486.5999755859375,1488.199951171875,82
2019-10-21,1489.9000244140625,1489.9000244140625,1481.5,1482.4000244140625,72
2019-10-22,1483.4000244140625,1483.5,1481.699951171875,1481.699951171875,99
2019-10-23,1486.4000244140625,1490.300048828125,1486.4000244140625,1489.9000244140625,67
2019-10-24,1490.5,1501.199951171875,1485.9000244140625,1498.9000244140625,115
2019-10-25,1501.4000244140625,1514.300048828125,1499,1499.5,93
2019-10-28,1504.0999755859375,1504.0999755859375,1490,1490,37
2019-10-29,1485.9000244140625,1487,1485.9000244140625,1487,425
2019-10-30,1487.199951171875,1495.4000244140625,1481,1493.199951171875,320
2019-10-31,1496.0999755859375,1513.0999755859375,1496.0999755859375,1511.4000244140625,210
2019-11-01,1511,1511.5999755859375,1503,1508,235
2019-11-04,1511.5999755859375,1511.5999755859375,1508,1508,101
2019-11-05,1507.0999755859375,1507.0999755859375,1480.800048828125,1480.800048828125,31
2019-11-06,1483.199951171875,1491,1483.199951171875,1490.199951171875,567
2019-11-07,1489.0999755859375,1489.0999755859375,1464.199951171875,1464.199951171875,581
2019-11-08,1469.0999755859375,1469.0999755859375,1461.300048828125,1461.300048828125,21
2019-11-11,1461,1461,1449.300048828125,1455.5,22
2019-11-12,1454.9000244140625,1454.9000244140625,1447.0999755859375,1452.0999755859375,6
2019-11-13,1456.800048828125,1463.300048828125,1456.800048828125,1461.699951171875,56
2019-11-14,1463.800048828125,1471.800048828125,1463.699951171875,1471.800048828125,83
2019-11-15,1469.0999755859375,1469.0999755859375,1467.300048828125,1467.300048828125,13
2019-11-18,1472,1472,1469.699951171875,1470.9000244140625,141
2019-11-19,1467.699951171875,1474.300048828125,1467.699951171875,1473.300048828125,18
2019-11-20,1472.5999755859375,1474.5,1467.300048828125,1473.300048828125,31
2019-11-21,1463.0999755859375,1463.0999755859375,1463.0999755859375,1463.0999755859375,16
2019-11-22,1468.5999755859375,1468.5999755859375,1463.0999755859375,1463.0999755859375,19
2019-11-25,1457.0999755859375,1457.0999755859375,1455.5,1456.5999755859375,14
2019-11-26,1459.800048828125,1459.800048828125,1459.800048828125,1459.800048828125,346362
2019-11-27,1461.0999755859375,1461.9000244140625,1452,1453.4000244140625,88364
2019-11-28,"1,472.70","1,461.20","1,472.90","1,459.10",272.34K
2019-11-29,1453.5999755859375,1465.5999755859375,1452.0999755859375,1465.5999755859375,7020
2019-12-02,1462.800048828125,1464.4000244140625,1453.300048828125,1462.300048828125,2172
2019-12-03,1461.5999755859375,1480.4000244140625,1459.5,1478.199951171875,1460
2019-12-04,1477.5,1483.4000244140625,1471.199951171875,1474,613
2019-12-05,1474.699951171875,1478,1472.300048828125,1476.9000244140625,907
2019-12-06,1475,1476,1458.199951171875,1459.0999755859375,899
2019-12-09,1458.800048828125,1464.199951171875,1458.5999755859375,1459.300048828125,1461
2019-12-10,1460.699951171875,1467.199951171875,1460.699951171875,1462.5999755859375,367
2019-12-11,1463.0999755859375,1475.4000244140625,1463.0999755859375,1469.4000244140625,393
2019-12-12,1475.0999755859375,1483.9000244140625,1463.699951171875,1466.699951171875,955
2019-12-13,1463.0999755859375,1475.9000244140625,1463.0999755859375,1475.5999755859375,468
2019-12-16,1473.800048828125,1475.300048828125,1473.800048828125,1475,99
2019-12-17,1474.0999755859375,1476.9000244140625,1474,1474.5999755859375,410
2019-12-18,1472.5999755859375,1472.5999755859375,1472.5999755859375,1472.5999755859375,250
2019-12-19,1475.9000244140625,1478.9000244140625,1473.300048828125,1478.199951171875,319
2019-12-20,1476.699951171875,1478.0999755859375,1474.699951171875,1474.699951171875,118
2019-12-23,1482.300048828125,1482.5,1479.9000244140625,1482.5,391
2019-12-24,1488.699951171875,1499.0999755859375,1488.699951171875,1499.0999755859375,52
2019-12-26,1505.199951171875,1512.300048828125,1505,1509.300048828125,126
2019-12-27,1513.800048828125,1513.800048828125,1513.800048828125,1513.800048828125,839
2019-12-30,1512.5999755859375,1515.0999755859375,1510,1514.5,446
2019-12-31,1513.800048828125,1523.4000244140625,1513.800048828125,1519.5,301
2020-01-02,1518.0999755859375,1528.699951171875,1518,1524.5,214
2020-01-03,1530.0999755859375,1552.699951171875,1530.0999755859375,1549.199951171875,107
2020-01-06,1580,1580,1560.4000244140625,1566.199951171875,416
2020-01-07,1558.300048828125,1576.300048828125,1558.300048828125,1571.800048828125,47
2020-01-08,1579.699951171875,1604.199951171875,1552.300048828125,1557.4000244140625,236
2020-01-09,1555.699951171875,1555.699951171875,1543.300048828125,1551.699951171875,54
2020-01-10,1551.199951171875,1558.800048828125,1545.4000244140625,1557.5,16
2020-01-13,1557.4000244140625,1558,1548.4000244140625,1548.4000244140625,48
2020-01-14,1546.699951171875,1546.699951171875,1534.9000244140625,1542.4000244140625,32
2020-01-15,1548,1553.9000244140625,1545.5999755859375,1552.0999755859375,11
2020-01-16,1555.699951171875,1556.0999755859375,1548.5,1549,98
2020-01-17,1554.0999755859375,1558.800048828125,1553.5999755859375,1558.800048828125,108
2020-01-20,"1,557.90","1,557.30","1,568.80","1,546.00",462.62K
2020-01-21,1559.300048828125,1566.199951171875,1551,1556.4000244140625,45
2020-01-22,1549.800048828125,1557.0999755859375,1549.800048828125,1555.300048828125,42
2020-01-23,1553.0999755859375,1564.5999755859375,1552.199951171875,1564.5999755859375,15
2020-01-24,1556.300048828125,1571.0999755859375,1556.300048828125,1571.0999755859375,43
2020-01-27,1584.300048828125,1584.5,1576.800048828125,1576.800048828125,22
2020-01-28,1576.4000244140625,1576.4000244140625,1569.199951171875,1569.199951171875,3
2020-01-29,1569.800048828125,1569.800048828125,1569.800048828125,1569.800048828125,251274
2020-01-30,1576.800048828125,1585,1571.4000244140625,1583.5,62336
2020-01-31,1573.4000244140625,1589,1570,1582.9000244140625,1095
2020-02-03,1592.9000244140625,1593.300048828125,1568.199951171875,1577.199951171875,1062
2020-02-04,1577.699951171875,1577.699951171875,1547.800048828125,1550.4000244140625,978
2020-02-05,1553.199951171875,1560.699951171875,1547.699951171875,1557.800048828125,1305
2020-02-06,1553.5999755859375,1565.5999755859375,1551.5999755859375,1565.0999755859375,110
2020-02-07,1564.9000244140625,1571.9000244140625,1560.5,1568.5999755859375,431
2020-02-10,1569.300048828125,1574.699951171875,1568.5999755859375,1574.699951171875,128
2020-02-11,1570.9000244140625,1571.0999755859375,1561.9000244140625,1565.5999755859375,440
2020-02-12,1565.199951171875,1568.699951171875,1561,1567.4000244140625,36
2020-02-13,1570.199951171875,1575.0999755859375,1570.199951171875,1575.0999755859375,74
2020-02-14,1575.800048828125,1582.699951171875,1574.800048828125,1582.699951171875,68
2020-02-17,"1,603.60","1,585.10","1,608.20","1,581.80",414.24K
2020-02-18,1579.800048828125,1604.300048828125,1579.800048828125,1600,310
2020-02-19,1600.5999755859375,1610.5,1599.699951171875,1607.5,542
2020-02-20,1606.5,1621,1603,1616.5999755859375,117
2020-02-21,1619.300048828125,1645,1619.300048828125,1644.5999755859375,186
2020-02-24,1657,1686.5999755859375,1650,1672.4000244140625,435
2020-02-25,1645.0999755859375,1653.699951171875,1632.300048828125,1646.9000244140625,409
2020-02-26,1644,1648.0999755859375,1636.4000244140625,1640,1990
2020-02-27,1641.0999755859375,1658,1638.5,1640,707
2020-02-28,1640.300048828125,1642.5,1564.0999755859375,1564.0999755859375,289
2020-03-02,1583.9000244140625,1608.300048828125,1574.300048828125,1592.300048828125,537
2020-03-03,1594.5,1645.300048828125,1594,1642.0999755859375,610
2020-03-04,1645.4000244140625,1645.9000244140625,1631.300048828125,1641.0999755859375,83
2020-03-05,1637.300048828125,1672.9000244140625,1637.199951171875,1666.4000244140625,154
2020-03-06,1670.800048828125,1686.199951171875,1647.199951171875,1670.800048828125,175
2020-03-09,1696.0999755859375,1701.5999755859375,1657.699951171875,1674.5,161
2020-03-10,1671.5999755859375,1674.5999755859375,1643,1659.0999755859375,48
2020-03-11,1656.5999755859375,1666.5,1635,1641.4000244140625,47
2020-03-12,1637,1647.5,1566.4000244140625,1589.300048828125,256
2020-03-13,1574.9000244140625,1589.800048828125,1513.800048828125,1515.699951171875,89
2020-03-16,1569.0999755859375,1569.0999755859375,1452.0999755859375,1485.9000244140625,193
2020-03-17,1469.300048828125,1537.699951171875,1469.300048828125,1524.9000244140625,122
2020-03-18,1537.5,1542,1477.300048828125,1477.300048828125,333
2020-03-19,1481.5,1491.5999755859375,1471,1478.5999755859375,262
2020-03-20,1483.5,1484,1483.5,1484,14
2020-03-23,1505.300048828125,1567,1490.199951171875,1567,51
2020-03-24,1592.699951171875,1685.5,1592.699951171875,1660.199951171875,442
2020-03-25,1676.5,1676.5,1631.0999755859375,1632.300048828125,476
2020-03-26,1660.5,1660.5,1650.0999755859375,1650.0999755859375,3
2020-03-27,1623.9000244140625,1623.9000244140625,1623.9000244140625,1623.9000244140625,100638
2020-03-30,1641.199951171875,1652.800048828125,1607.199951171875,1622,16389
2020-03-31,1618.699951171875,1621,1576,1583.4000244140625,2874
2020-04-01,1570,1600,1570,1578.199951171875,2158
2020-04-02,1590.9000244140625,1631.199951171875,1586,1625.699951171875,1294
2020-04-03,1624.5,1636,1619.800048828125,1633.699951171875,643
2020-04-06,1629.0999755859375,1696.699951171875,1625.9000244140625,1677,1063
2020-04-07,1695.699951171875,1724.4000244140625,1658,1664.800048828125,1144
2020-04-08,1669.699951171875,1677,1662.5,1665.4000244140625,747
2020-04-09,1662.699951171875,1736.199951171875,1662.699951171875,1736.199951171875,825
2020-04-13,1722,1756.800048828125,1710.699951171875,1744.800048828125,696
2020-04-14,1756.800048828125,1775,1739.5,1756.699951171875,675
2020-04-15,1739.4000244140625,1744.9000244140625,1722.699951171875,1727.199951171875,642
2020-04-16,1731,1750.5999755859375,1715,1720.4000244140625,162
2020-04-17,1715.699951171875,1725,1684.9000244140625,1689.199951171875,223
2020-04-20,1686,1701.5999755859375,1680,1701.5999755859375,106
2020-04-21,1697,1707.0999755859375,1659.9000244140625,1678.199951171875,666
2020-04-22,1696,1728.699951171875,1684.800048828125,1728.699951171875,453
2020-04-23,1734,1745.0999755859375,1733.300048828125,1733.300048828125,482
2020-04-24,1744,1744,1714.5,1723.5,221
2020-04-27,1731.9000244140625,1731.9000244140625,1711.9000244140625,1711.9000244140625,169
2020-04-28,1716.5999755859375,1716.5999755859375,1707.0999755859375,1710.5,1255
2020-04-29,1710,1713.5,1702,1703.4000244140625,373
2020-04-30,1719.300048828125,1719.300048828125,1680.800048828125,1684.199951171875,327
2020-05-01,1686.5999755859375,1701.5,1670.5,1694.5,337
2020-05-04,1702.5999755859375,1709,1699.5999755859375,1706.9000244140625,320
2020-05-05,1701.5,1704.4000244140625,1697.199951171875,1704.4000244140625,82
2020-05-06,1704,1704,1684.199951171875,1684.199951171875,469
2020-05-07,1686.199951171875,1721.800048828125,1685.5999755859375,1721.800048828125,853
2020-05-08,1726.199951171875,1728.9000244140625,1703.800048828125,1709.9000244140625,330
2020-05-11,1702.300048828125,1704.5,1690.199951171875,1695.300048828125,749
2020-05-12,1699.300048828125,1713.0999755859375,1699.300048828125,1704.4000244140625,324
2020-05-13,1702,1721.300048828125,1701.9000244140625,1713.9000244140625,431
2020-05-14,1724.300048828125,1743.0999755859375,1720.5,1738.0999755859375,672
2020-05-15,1739.699951171875,1753.4000244140625,1739.699951171875,1753.4000244140625,719
2020-05-18,1755.699951171875,1770.5,1731.800048828125,1731.800048828125,229
2020-05-19,1744.199951171875,1749.5,1744.199951171875,1744.199951171875,167
2020-05-20,1751.5999755859375,1752.0999755859375,1745.5999755859375,1750.5999755859375,16
2020-05-21,1746.800048828125,1746.800048828125,1720.5,1720.5,528
2020-05-22,1726.5999755859375,1734.5999755859375,1726.5999755859375,1734.5999755859375,6
2020-05-25,"1,705.60","1,734.80","1,737.20","1,700.00",313.17K
2020-05-26,1726.4000244140625,1726.4000244140625,1704.800048828125,1704.800048828125,39
2020-05-27,1685.5999755859375,1710.300048828125,1685.5999755859375,1710.300048828125,137416
2020-05-28,1709.300048828125,1727.800048828125,1705,1713.300048828125,23355
2020-05-29,1718.800048828125,1738.300048828125,1715.0999755859375,1736.9000244140625,1526
2020-06-01,1740.4000244140625,1747,1727.0999755859375,1737.800048828125,871
2020-06-02,1743,1745.5,1721.800048828125,1725.199951171875,741
2020-06-03,1726.300048828125,1726.300048828125,1684.5,1697.800048828125,2755
2020-06-04,1694.5,1718.9000244140625,1694.5,1718.9000244140625,807
2020-06-05,1711.800048828125,1711.800048828125,1668.5999755859375,1676.199951171875,1502
2020-06-08,1679.0999755859375,1699.4000244140625,1675.9000244140625,1698.300048828125,587
2020-06-09,1694.5999755859375,1720.9000244140625,1692,1714.699951171875,690
2020-06-10,1716.0999755859375,1740.800048828125,1711.9000244140625,1713.300048828125,718
2020-06-11,1737.199951171875,1744.0999755859375,1720,1732,347
2020-06-12,1724.9000244140625,1743,1724.9000244140625,1729.300048828125,318
2020-06-15,1730,1730,1703.300048828125,1720.300048828125,188
2020-06-16,1726.300048828125,1729.5999755859375,1722.4000244140625,1729.5999755859375,22
2020-06-17,1714.699951171875,1729.199951171875,1714.699951171875,1729.199951171875,51
2020-06-18,1730.5,1734.0999755859375,1717.300048828125,1724.800048828125,110
2020-06-19,1723.699951171875,1750.699951171875,1723.5,1745.9000244140625,1329
2020-06-22,1755.199951171875,1767.5999755859375,1750.5,1756.699951171875,1356
2020-06-23,1755.4000244140625,1776.300048828125,1754.199951171875,1772.0999755859375,666
2020-06-24,1778.300048828125,1783.0999755859375,1764.5,1765.800048828125,961
2020-06-25,1761.699951171875,1764.800048828125,1759.800048828125,1762.0999755859375,207
2020-06-26,1766,1772.5,1764.699951171875,1772.5,640
2020-06-29,1779.800048828125,1780.199951171875,1774.300048828125,1774.800048828125,584
2020-06-30,1777.300048828125,1793.199951171875,1774.4000244140625,1793,986
2020-07-01,1793.5999755859375,1798,1765.800048828125,1773.199951171875,331
2020-07-02,1773.4000244140625,1784,1768.699951171875,1784,215
2020-07-03,"1,793.50","1,787.90","1,799.00","1,779.20",184.65K
2020-07-06,1788.199951171875,1790.0999755859375,1788.199951171875,1788.5,172
2020-07-07,1789.300048828125,1804.199951171875,1783.300048828125,1804.199951171875,751
2020-07-08,1801.5,1817.9000244140625,1801.5,1815.5,209
2020-07-09,1816.0999755859375,1819.800048828125,1799.199951171875,1799.199951171875,396
2020-07-10,1805.5,1805.5,1797.699951171875,1798.199951171875,236
2020-07-13,1805,1811,1805,1811,164
2020-07-14,1791,1811.5,1791,1810.5999755859375,339
2020-07-15,1806.0999755859375,1813.5,1806.0999755859375,1811.4000244140625,167
2020-07-16,1810.9000244140625,1810.9000244140625,1794.300048828125,1798.699951171875,146
2020-07-17,1798.5,1810.0999755859375,1798.5,1808.300048828125,24
2020-07-20,1807,1817.300048828125,1807,1815.9000244140625,89
2020-07-21,1822,1842.4000244140625,1822,1842.4000244140625,117
2020-07-22,1858.0999755859375,1867,1854.699951171875,1864.0999755859375,213
2020-07-23,1868.699951171875,1890.300048828125,1868.5,1889.0999755859375,133
2020-07-24,1884.300048828125,1897.300048828125,1884.300048828125,1897.300048828125,474
2020-07-27,1901.699951171875,1938,1901.5,1931,364
2020-07-28,1931.5,1944.699951171875,1928.5999755859375,1944.699951171875,825
2020-07-29,1953.199951171875,1953.5,1952.5999755859375,1953.5,209835
2020-07-30,1963.4000244140625,1965.0999755859375,1930,1942.300048828125,28853
2020-07-31,1948.5999755859375,1981.0999755859375,1948,1962.800048828125,2914
2020-08-03,1984.300048828125,1984.300048828125,1955.5,1966,683
2020-08-04,1971,2016.199951171875,1968.800048828125,2001.199951171875,2010
2020-08-05,2024,2050.199951171875,2011,2031.0999755859375,1422
2020-08-06,2045.5,2063,2040,2051.5,294
2020-08-07,2040.0999755859375,2055,2009.5999755859375,2010.0999755859375,808
2020-08-10,2026.4000244140625,2043.800048828125,2017.5,2024.4000244140625,233
2020-08-11,2012.4000244140625,2016,1904,1932.5999755859375,971
2020-08-12,1923,1946.5999755859375,1871.5999755859375,1934.9000244140625,404
2020-08-13,1921.5,1957.4000244140625,1916.9000244140625,1956.699951171875,71
2020-08-14,1938.699951171875,1947.4000244140625,1937,1937,201
2020-08-17,1949.5999755859375,1985,1949.5999755859375,1985,97
2020-08-18,2001.0999755859375,2002.800048828125,1972.0999755859375,1999.4000244140625,92
2020-08-19,1980,1980,1938.699951171875,1958.699951171875,347
2020-08-20,1941.199951171875,1948.300048828125,1922.300048828125,1933.800048828125,106
2020-08-21,1941,1945,1908.9000244140625,1934.5999755859375,184
2020-08-24,1930.199951171875,1940,1922.199951171875,1927.699951171875,85
2020-08-25,1927.5,1928.5,1911.800048828125,1911.800048828125,176
2020-08-26,1909.699951171875,1950.800048828125,1909.699951171875,1940.699951171875,287
2020-08-27,1948.9000244140625,1972.5,1921.5999755859375,1921.5999755859375,2303
2020-08-28,1927.0999755859375,1971.300048828125,1922.5,1964.5999755859375,778
2020-08-31,1970,1971.300048828125,1953.300048828125,1967.5999755859375,158
2020-09-01,1961.699951171875,1986.300048828125,1961.699951171875,1968.199951171875,186
2020-09-02,1967.300048828125,1967.300048828125,1934.4000244140625,1934.4000244140625,71
2020-09-03,1937.0999755859375,1938.800048828125,1923,1927.5999755859375,179
2020-09-04,1927.9000244140625,1939.699951171875,1917.699951171875,1923.9000244140625,607
2020-09-07,"1,943.20","1,938.00","1,948.30","1,911.70",416.01K
2020-09-08,1930.9000244140625,1937.9000244140625,1903.0999755859375,1933,271
2020-09-09,1926.9000244140625,1946.199951171875,1924.5999755859375,1944.699951171875,219
2020-09-10,1944.0999755859375,1962.699951171875,1944.0999755859375,1954.199951171875,722
2020-09-11,1944,1949.5,1937.800048828125,1937.800048828125,73
2020-09-14,1946.300048828125,1953.0999755859375,1943,1953.0999755859375,55
2020-09-15,1955.800048828125,1968.5,1955.800048828125,1956.300048828125,74
2020-09-16,1961.300048828125,1961.4000244140625,1956.699951171875,1960.199951171875,124
2020-09-17,1939,1946,1933.699951171875,1940,67
2020-09-18,1950.5,1952.0999755859375,1949,1952.0999755859375,38
2020-09-21,1946.199951171875,1946.199951171875,1883.4000244140625,1901.199951171875,52
2020-09-22,1913.0999755859375,1913.0999755859375,1898.5999755859375,1898.5999755859375,331
2020-09-23,1875.5,1875.5,1859.9000244140625,1859.9000244140625,5
2020-09-24,1851.5,1868.300048828125,1851.5,1868.300048828125,365
2020-09-25,1856.300048828125,1857.699951171875,1856.300048828125,1857.699951171875,4
2020-09-28,1872.800048828125,1872.800048828125,1872.800048828125,1872.800048828125,10455
2020-09-29,1876.5,1895.4000244140625,1872.4000244140625,1894.300048828125,3283
2020-09-30,1893,1899.699951171875,1879.800048828125,1887.5,600
2020-10-01,1884.0999755859375,1909.5999755859375,1882.5,1908.4000244140625,730
2020-10-02,1893.9000244140625,1913,1893.9000244140625,1900.199951171875,530
2020-10-05,1898.9000244140625,1915.5999755859375,1884.699951171875,1912.5,1360
2020-10-06,1906.5999755859375,1918,1874.4000244140625,1901.0999755859375,968
2020-10-07,1874.0999755859375,1889.800048828125,1873.0999755859375,1883.5999755859375,50
2020-10-08,1893,1893,1882.699951171875,1888.5999755859375,348
2020-10-09,1909.300048828125,1929.0999755859375,1905.0999755859375,1919.5,580
2020-10-12,1924,1926.5,1921.5999755859375,1922.5,96
2020-10-13,1921.9000244140625,1922.199951171875,1887,1888.5,191
2020-10-14,1889.699951171875,1910.800048828125,1882.5,1901.300048828125,33
2020-10-15,1897.300048828125,1906.300048828125,1889.5999755859375,1903.199951171875,254
2020-10-16,1898.5,1900.800048828125,1898.5,1900.800048828125,53
2020-10-19,1907.300048828125,1907.800048828125,1899.5,1906.4000244140625,43
2020-10-20,1901.300048828125,1910.4000244140625,1896.0999755859375,1910.4000244140625,329
2020-10-21,1913.5999755859375,1927.300048828125,1913.5999755859375,1924.5999755859375,1202
2020-10-22,1924.300048828125,1924.300048828125,1898.199951171875,1901.0999755859375,899
2020-10-23,1899.9000244140625,1913.300048828125,1896.199951171875,1902,287
2020-10-26,1895.5,1907,1893.5,1902.699951171875,242
2020-10-27,1904.5999755859375,1908.800048828125,1904.4000244140625,1908.800048828125,176
2020-10-28,1870.9000244140625,1876.199951171875,1870.9000244140625,1876.199951171875,277
2020-10-29,1876.0999755859375,1879.800048828125,1858.800048828125,1865.5999755859375,240
2020-10-30,1862.800048828125,1886.5999755859375,1862.800048828125,1877.4000244140625,725
2020-11-02,1872.9000244140625,1894.699951171875,1872.9000244140625,1890.4000244140625,190
2020-11-03,1891.5,1908.5,1891.5,1908.5,712
2020-11-04,1893.800048828125,1907,1885.300048828125,1894.5999755859375,782
2020-11-05,1901.699951171875,1948,1901.699951171875,1945.300048828125,135
2020-11-06,1940.800048828125,1958.800048828125,1940.800048828125,1950.300048828125,304
2020-11-09,1955.5999755859375,1963.199951171875,1847.0999755859375,1853.199951171875,745
2020-11-10,1879.300048828125,1885.300048828125,1871.199951171875,1875.4000244140625,276
2020-11-11,1878.800048828125,1878.800048828125,1855.5,1860.699951171875,222
2020-11-12,1869,1878.5,1866.5999755859375,1872.5999755859375,220
2020-11-13,1877,1890.0999755859375,1876.800048828125,1885.699951171875,240
2020-11-16,1874.5999755859375,1887.300048828125,1871,1887.300048828125,6
2020-11-17,1888.4000244140625,1888.4000244140625,1884.5,1884.5,59
2020-11-18,1873.5,1873.5,1873.5,1873.5,152
2020-11-19,1865.800048828125,1865.800048828125,1856,1861.0999755859375,59
2020-11-20,1871.199951171875,1872.5999755859375,1871.199951171875,1872.5999755859375,1900
2020-11-23,1834.800048828125,1837.800048828125,1829.199951171875,1837.800048828125,843
2020-11-24,1829.300048828125,1829.300048828125,1799.300048828125,1804.800048828125,1041
2020-11-25,1801.4000244140625,1805.699951171875,1801.4000244140625,1805.699951171875,205754
2020-11-26,"1,788.10","1,812.10","1,822.60","1,776.50",282.35K
2020-11-27,1806.0999755859375,1817,1770.699951171875,1781.9000244140625,71804
2020-11-30,1785,1787.199951171875,1762.300048828125,1775.699951171875,3145
2020-12-01,1775,1815.9000244140625,1774.9000244140625,1814.0999755859375,1859
2020-12-02,1811.300048828125,1830,1807.800048828125,1825.699951171875,771
2020-12-03,1829.199951171875,1842,1825.300048828125,1836.800048828125,1765
2020-12-04,1840.699951171875,1847.5999755859375,1828.199951171875,1835.9000244140625,1213
2020-12-07,1836.5,1866.9000244140625,1820.800048828125,1861.800048828125,1427
2020-12-08,1863,1875.800048828125,1861.800048828125,1870.800048828125,121
2020-12-09,1867.0999755859375,1867.0999755859375,1827,1834.5999755859375,215
2020-12-10,1833.199951171875,1849.0999755859375,1828,1833.5999755859375,177
2020-12-11,1838.5,1846,1829.0999755859375,1839.800048828125,109
2020-12-14,1835.5,1835.699951171875,1822.699951171875,1828.699951171875,258
2020-12-15,1833.5,1853.5999755859375,1833.199951171875,1852.300048828125,961
2020-12-16,1856.5,1864.699951171875,1850.5,1856.0999755859375,1090
2020-12-17,1874.199951171875,1896.199951171875,1874.199951171875,1887.199951171875,414
2020-12-18,1882.4000244140625,1889.5,1882.300048828125,1885.699951171875,276
2020-12-21,1884.800048828125,1908,1869.0999755859375,1879.199951171875,136
2020-12-22,1882.199951171875,1882.199951171875,1861,1866.5999755859375,233
2020-12-23,1867,1878.800048828125,1864.5,1874.699951171875,82
2020-12-24,1877.300048828125,1879.9000244140625,1875.699951171875,1879.9000244140625,46
2020-12-28,1895.5,1895.800048828125,1873.699951171875,1877.199951171875,75
2020-12-29,1881.300048828125,1881.300048828125,1879.699951171875,1879.699951171875,343
2020-12-30,1879.9000244140625,1895.800048828125,1877.300048828125,1891,444
2020-12-31,1897,1901.300048828125,1892.699951171875,1893.0999755859375,127
2021-01-04,1912.199951171875,1945.0999755859375,1912.199951171875,1944.699951171875,154
2021-01-05,1941.699951171875,1952.699951171875,1941.300048828125,1952.699951171875,113
2021-01-06,1952,1959.9000244140625,1901.5,1906.9000244140625,331
2021-01-07,1922.5999755859375,1926.699951171875,1912,1912.300048828125,122
2021-01-08,1908,1908,1834.0999755859375,1834.0999755859375,60
2021-01-11,1826.5,1849.5999755859375,1826.5,1849.5999755859375,20
2021-01-12,1849,1859.699951171875,1839.4000244140625,1842.9000244140625,176
2021-01-13,1858,1858.5999755859375,1853.5999755859375,1853.5999755859375,189
2021-01-14,1836.699951171875,1850.699951171875,1836.699951171875,1850.300048828125,149
2021-01-15,1829.4000244140625,1829.4000244140625,1825,1829.300048828125,31
2021-01-18,"1,840.20","1,828.80","1,845.00","1,800.80",331.59K
2021-01-19,1802,1842.9000244140625,1802,1839.5,13
2021-01-20,1847.800048828125,1866.5999755859375,1844.4000244140625,1865.9000244140625,16
2021-01-21,1865.300048828125,1868,1865.300048828125,1865.300048828125,6
2021-01-22,1854.9000244140625,1855.699951171875,1852.699951171875,1855.699951171875,8
2021-01-25,1864.699951171875,1864.699951171875,1851.800048828125,1854.9000244140625,26
2021-01-26,1855.800048828125,1855.800048828125,1850.699951171875,1850.699951171875,59
2021-01-27,1844.9000244140625,1844.9000244140625,1844.9000244140625,1844.9000244140625,195540
2021-01-28,1843.4000244140625,1862.9000244140625,1831.5,1837.9000244140625,27283
2021-01-29,1842,1876,1838.699951171875,1847.300048828125,1634
2021-02-01,1866.5999755859375,1871.9000244140625,1850,1860.800048828125,1494
2021-02-02,1859.5999755859375,1861.300048828125,1827.5999755859375,1830.5,1293
2021-02-03,1834.800048828125,1842.4000244140625,1829.800048828125,1832.199951171875,1195
2021-02-04,1832.199951171875,1832.199951171875,1782.800048828125,1788.9000244140625,2375
2021-02-05,1794.300048828125,1813.5,1790.9000244140625,1810.9000244140625,1278
2021-02-08,1816.300048828125,1836.699951171875,1809,1831.9000244140625,254
2021-02-09,1841.9000244140625,1843.300048828125,1830.699951171875,1835.300048828125,184
2021-02-10,1842.5999755859375,1851.0999755859375,1837,1840.5999755859375,543
2021-02-11,1840.5,1845,1820.9000244140625,1824.9000244140625,602
2021-02-12,1825,1827.5,1809.199951171875,1821.5999755859375,259
2021-02-15,"1,799.00","1,826.00","1,827.10","1,788.10",355.92K
2021-02-16,1820.9000244140625,1823.4000244140625,1787.300048828125,1797.199951171875,1141
2021-02-17,1785.800048828125,1789.699951171875,1768.800048828125,1771.0999755859375,614
2021-02-18,1776.0999755859375,1784.5999755859375,1766,1773.4000244140625,587
2021-02-19,1764.300048828125,1787.5999755859375,1764.300048828125,1775.800048828125,118
2021-02-22,1784,1807.800048828125,1784,1806.699951171875,165
2021-02-23,1809.5999755859375,1811.300048828125,1796.4000244140625,1804.4000244140625,569
2021-02-24,1805.800048828125,1805.800048828125,1796.4000244140625,1796.4000244140625,1500
2021-02-25,1801.5,1802,1766.699951171875,1774.4000244140625,1049
2021-02-26,1768.0999755859375,1768.199951171875,1718.800048828125,1728.0999755859375,1593
2021-03-01,1737.0999755859375,1747,1720.300048828125,1722.5,407
2021-03-02,1709.4000244140625,1733.0999755859375,1708.699951171875,1733.0999755859375,867
2021-03-03,1730,1732.4000244140625,1703.5,1715.300048828125,501
2021-03-04,1706.5,1717.4000244140625,1700.199951171875,1700.199951171875,521
2021-03-05,1690.5999755859375,1701,1685,1698,302
2021-03-08,1704.699951171875,1705.4000244140625,1673.699951171875,1677.699951171875,1290
2021-03-09,1686.199951171875,1717.5,1685.199951171875,1716.5999755859375,335
2021-03-10,1713.5999755859375,1722.9000244140625,1711,1721.5,412
2021-03-11,1725.5999755859375,1737.5,1720.199951171875,1722.300048828125,18
2021-03-12,1715.9000244140625,1722.5,1699,1719.5,80
2021-03-15,1729.5,1731.9000244140625,1722.800048828125,1728.9000244140625,147
2021-03-16,1732.300048828125,1733.9000244140625,1726,1730.5999755859375,729
2021-03-17,1735.300048828125,1750.0999755859375,1725.5999755859375,1726.800048828125,488
2021-03-18,1745.800048828125,1750.300048828125,1721.800048828125,1732.199951171875,138
2021-03-19,1742.199951171875,1742.199951171875,1733.5999755859375,1741.4000244140625,13
2021-03-22,1737.800048828125,1737.800048828125,1737.800048828125,1737.800048828125,51
2021-03-23,1724.699951171875,1724.699951171875,1724.699951171875,1724.699951171875,6
2021-03-24,1727.5,1732.9000244140625,1727.5,1732.9000244140625,26
2021-03-25,1732.699951171875,1733.199951171875,1724.5,1724.9000244140625,15
2021-03-26,1721.300048828125,1732.199951171875,1721.300048828125,1732.199951171875,33
2021-03-29,1712.0999755859375,1712.0999755859375,1712.0999755859375,1712.0999755859375,135457
2021-03-30,1711,1712.5999755859375,1676.5,1683.9000244140625,25316
2021-03-31,1683.699951171875,1713.800048828125,1676.5,1713.800048828125,762
2021-04-01,1706.800048828125,1728.800048828125,1706.4000244140625,1726.5,720
2021-04-05,1727.9000244140625,1729.699951171875,1721.9000244140625,1727,275
2021-04-06,1726.9000244140625,1744.800048828125,1726.9000244140625,1741.5,890
2021-04-07,1742.699951171875,1742.699951171875,1733.699951171875,1740.0999755859375,557
2021-04-08,1736,1758,1734.5999755859375,1756.800048828125,1298
2021-04-09,1750.800048828125,1750.800048828125,1733.300048828125,1743.300048828125,484
2021-04-12,1740.800048828125,1740.800048828125,1726.699951171875,1731.199951171875,40
2021-04-13,1733.800048828125,1746.9000244140625,1722.0999755859375,1746.199951171875,367
2021-04-14,1741.300048828125,1745.9000244140625,1732.699951171875,1734.9000244140625,1037
2021-04-15,1740.0999755859375,1767.9000244140625,1740.0999755859375,1765.4000244140625,368
2021-04-16,1770.4000244140625,1779.5,1770.0999755859375,1779,625
2021-04-19,1782.0999755859375,1788.5,1769.4000244140625,1769.4000244140625,144
2021-04-20,1769.300048828125,1777.300048828125,1765.5,1777.300048828125,1464
2021-04-21,1783,1794.0999755859375,1777.699951171875,1792.300048828125,250
2021-04-22,1794.199951171875,1794.199951171875,1779.5,1781.199951171875,159
2021-04-23,1786.0999755859375,1794.5,1772,1777,332
2021-04-26,1778,1779.699951171875,1770.800048828125,1779.199951171875,549
2021-04-27,1780,1782,1777.699951171875,1778,117
2021-04-28,1768.199951171875,1774,1764.5999755859375,1773.199951171875,756
2021-04-29,1781,1789,1758.5999755859375,1768.0999755859375,196
2021-04-30,1771.800048828125,1771.800048828125,1763.9000244140625,1767.300048828125,18
2021-05-03,1788.5,1793,1788.5,1791.4000244140625,18
2021-05-04,1788.199951171875,1788.5,1774.800048828125,1775.800048828125,182
2021-05-05,1781.5,1784.0999755859375,1779.199951171875,1784.0999755859375,57
2021-05-06,1788.9000244140625,1815.5,1787.5999755859375,1815.5,13
2021-05-07,1842.9000244140625,1842.9000244140625,1831.0999755859375,1831.0999755859375,2
2021-05-10,1835.5999755859375,1845.5999755859375,1835.4000244140625,1837.5,13
2021-05-11,1837.199951171875,1838.0999755859375,1831.5999755859375,1835.9000244140625,420
2021-05-12,1825.199951171875,1825.199951171875,1821.699951171875,1822.5999755859375,3
2021-05-13,1814.699951171875,1826.800048828125,1814.0999755859375,1823.800048828125,100
2021-05-14,1824.5,1842.9000244140625,1824.5,1837.9000244140625,41
2021-05-17,1849.9000244140625,1867.5,1847.199951171875,1867.5,13
2021-05-18,1870.5,1870.5,1867.800048828125,1867.800048828125,3
2021-05-19,1866.4000244140625,1884.9000244140625,1863.5999755859375,1881.300048828125,348
2021-05-20,1865.5,1885,1864.800048828125,1881.800048828125,85
2021-05-21,1872.0999755859375,1876.699951171875,1872.0999755859375,1876.699951171875,5
2021-05-24,1882.0999755859375,1884.5999755859375,1882.0999755859375,1884.5999755859375,39
2021-05-25,1882.5,1898.0999755859375,1882.5,1898.0999755859375,56
2021-05-26,1901.300048828125,1901.300048828125,1901.300048828125,1901.300048828125,170526
2021-05-27,1896.800048828125,1903.9000244140625,1888.199951171875,1895.699951171875,35794
2021-05-28,1897.5,1905.4000244140625,1881.9000244140625,1902.5,2415
2021-05-31,"1,905.00","1,906.80","1,919.20","1,894.50",290.65K
2021-06-01,1905.0999755859375,1916.199951171875,1892.800048828125,1902.9000244140625,640
2021-06-02,1899.199951171875,1908.800048828125,1896,1907.5,1267
2021-06-03,1908.800048828125,1908.800048828125,1865,1871.199951171875,1021
2021-06-04,1869.300048828125,1895.5,1854,1889.800048828125,367
2021-06-07,1890.5,1899.699951171875,1883.199951171875,1896.800048828125,87
2021-06-08,1896.5,1902.9000244140625,1890,1892.199951171875,930
2021-06-09,1894.9000244140625,1897.699951171875,1889.199951171875,1893.199951171875,148
2021-06-10,1887.699951171875,1899.800048828125,1871.5,1894.199951171875,186
2021-06-11,1900.9000244140625,1902.300048828125,1875.199951171875,1877.4000244140625,349
2021-06-14,1866.199951171875,1866.5999755859375,1846.5,1864,41
2021-06-15,1866.4000244140625,1867.199951171875,1854.4000244140625,1854.5,78
2021-06-16,1859.4000244140625,1860.0999755859375,1809.199951171875,1859.5,117
2021-06-17,1811.800048828125,1823.300048828125,1769.5999755859375,1773.800048828125,1135
2021-06-18,1775.699951171875,1792.4000244140625,1767.9000244140625,1767.9000244140625,354
2021-06-21,1768.800048828125,1785.199951171875,1766.800048828125,1781.800048828125,38
2021-06-22,1783.4000244140625,1786.9000244140625,1775.9000244140625,1776.300048828125,101
2021-06-23,1780.699951171875,1793.199951171875,1780.5999755859375,1782.300048828125,136
2021-06-24,1778.9000244140625,1786.4000244140625,1775.5999755859375,1775.5999755859375,78
2021-06-25,1777.699951171875,1788,1775.199951171875,1776.5999755859375,35
2021-06-28,1779.5999755859375,1779.5999755859375,1779.5999755859375,1779.5999755859375,888
2021-06-29,1776.800048828125,1777.0999755859375,1752.0999755859375,1762.800048828125,419
2021-06-30,1761.0999755859375,1770.800048828125,1759.199951171875,1770.800048828125,51
2021-07-01,1775.699951171875,1781.199951171875,1768.800048828125,1775.9000244140625,44
2021-07-02,1778.699951171875,1787.9000244140625,1778.300048828125,1782.5999755859375,23
2021-07-05,"1,794.20","1,787.50","1,815.70","1,784.70",276.60K
2021-07-06,1786.699951171875,1809.800048828125,1786.699951171875,1793.5,332
2021-07-07,1798.699951171875,1808.4000244140625,1797.199951171875,1801.5,244
2021-07-08,1797,1818.5,1797,1799.5999755859375,148
2021-07-09,1803.5999755859375,1810.0999755859375,1798.800048828125,1810,218
2021-07-12,1802.5999755859375,1805.5,1799.5,1805.5,147
2021-07-13,1808.0999755859375,1812,1800.5999755859375,1809.4000244140625,78
2021-07-14,1813.0999755859375,1829,1813.0999755859375,1824.300048828125,707
2021-07-15,1831.5999755859375,1833,1823.4000244140625,1828.4000244140625,99
2021-07-16,1830.0999755859375,1831.4000244140625,1814.5,1814.5,78
2021-07-19,1803.300048828125,1813.4000244140625,1803.300048828125,1808.699951171875,33
2021-07-20,1812.9000244140625,1824,1810.9000244140625,1810.9000244140625,128
2021-07-21,1807,1807,1800,1802.9000244140625,135
2021-07-22,1793.5999755859375,1805,1793.5999755859375,1805,2
2021-07-23,1800,1801.4000244140625,1800,1801.4000244140625,1
2021-07-26,1802.5,1802.5,1797.199951171875,1798.699951171875,17
2021-07-27,1803.699951171875,1803.699951171875,1799.5,1799.5,1
2021-07-28,1799.5,1799.5,1799.5,1799.5,209783
2021-07-29,1806.5999755859375,1832.5999755859375,1806.0999755859375,1831.199951171875,30496
2021-07-30,1828,1830.5,1808.9000244140625,1812.5999755859375,3100
2021-08-02,1812.4000244140625,1818.699951171875,1804.800048828125,1818.0999755859375,1334
2021-08-03,1812.300048828125,1813.5,1806,1810.0999755859375,3341
2021-08-04,1809.300048828125,1831.300048828125,1806.300048828125,1810.5,2860
2021-08-05,1810.800048828125,1813.699951171875,1796,1805.0999755859375,588
2021-08-06,1799.800048828125,1800.0999755859375,1758.4000244140625,1760,859
2021-08-09,1753.5,1753.800048828125,1692.5999755859375,1723.4000244140625,1621
2021-08-10,1728.5999755859375,1735.199951171875,1720.0999755859375,1728.800048828125,1363
2021-08-11,1727.300048828125,1752.199951171875,1727.300048828125,1750.4000244140625,542
2021-08-12,1749.699951171875,1752.4000244140625,1745.5,1749,739
2021-08-13,1758.300048828125,1777.300048828125,1757.4000244140625,1775.199951171875,436
2021-08-16,1776.9000244140625,1787.800048828125,1771.9000244140625,1786.9000244140625,219
2021-08-17,1787.699951171875,1794.199951171875,1780,1785,200
2021-08-18,1787.800048828125,1791.5,1779,1781.5999755859375,263
2021-08-19,1780,1789.300048828125,1775.5,1780.199951171875,245
2021-08-20,1784.0999755859375,1787.5,1778.199951171875,1781,235
2021-08-23,1776.800048828125,1804.800048828125,1776.800048828125,1803.199951171875,32
2021-08-24,1801,1805.5999755859375,1801,1805.5999755859375,22
2021-08-25,1792,1792.9000244140625,1784,1788.199951171875,812
2021-08-26,1787.4000244140625,1792.199951171875,1781,1792.199951171875,61
2021-08-27,1803.4000244140625,1816.5999755859375,1803.0999755859375,1816.5999755859375,1219
2021-08-30,1818.199951171875,1820.300048828125,1807.800048828125,1809,684
2021-08-31,1815.9000244140625,1815.9000244140625,1801.0999755859375,1815,82
2021-09-01,1813.5,1815.9000244140625,1809.5,1813.0999755859375,114
2021-09-02,1813.199951171875,1813.9000244140625,1806.800048828125,1808.699951171875,26
2021-09-03,1820.9000244140625,1833.9000244140625,1818.9000244140625,1830.9000244140625,53
2021-09-06,"1,798.50","1,833.50","1,833.50","1,793.70",252.48K
2021-09-07,1825.699951171875,1825.699951171875,1792.699951171875,1795.9000244140625,48
2021-09-08,1781.699951171875,1790.699951171875,1781.699951171875,1790.699951171875,69
2021-09-09,1798.699951171875,1798.699951171875,1787.9000244140625,1797.4000244140625,49
2021-09-10,1789.5999755859375,1789.5999755859375,1789.5999755859375,1789.5999755859375,0
2021-09-13,1789.800048828125,1796,1784,1792,533
2021-09-14,1791.4000244140625,1806.199951171875,1783,1804.699951171875,764
2021-09-15,1803.699951171875,1803.699951171875,1792.4000244140625,1792.4000244140625,59
2021-09-16,1792.9000244140625,1792.9000244140625,1743.9000244140625,1754.5999755859375,1645
2021-09-17,1758.800048828125,1763,1749.4000244140625,1749.4000244140625,581
2021-09-20,1751.800048828125,1761.800048828125,1750.9000244140625,1761.800048828125,185
2021-09-21,1762.199951171875,1776,1759,1776,106
2021-09-22,1776.699951171875,1784.300048828125,1767,1776.699951171875,17
2021-09-23,1766.800048828125,1766.800048828125,1738.199951171875,1747.699951171875,31
2021-09-24,1749.699951171875,1749.699951171875,1745,1749.699951171875,76
2021-09-27,1751.699951171875,1754.4000244140625,1747.5,1750,808
2021-09-28,1739.5999755859375,1741.699951171875,1726.800048828125,1735.800048828125,15748
2021-09-29,1732.4000244140625,1744.0999755859375,1721.4000244140625,1721.5,6634
2021-09-30,1725.5,1760.300048828125,1724.5,1755.300048828125,997
2021-10-01,1754.300048828125,1762.5999755859375,1748.5,1757,2220
2021-10-04,1764.5,1768.9000244140625,1749.5,1766.199951171875,417
2021-10-05,1764.300048828125,1764.300048828125,1749,1759.5999755859375,98
2021-10-06,1759.300048828125,1762.9000244140625,1744.699951171875,1760.5,56
2021-10-07,1762.4000244140625,1762.4000244140625,1752.800048828125,1757.9000244140625,336
2021-10-08,1757,1780,1754.199951171875,1756.300048828125,254
2021-10-11,1756.5999755859375,1757.800048828125,1752.199951171875,1754.5999755859375,128
2021-10-12,1751.9000244140625,1768,1749.800048828125,1758.300048828125,139
2021-10-13,1760.800048828125,1794.5,1760.800048828125,1793.699951171875,150
2021-10-14,1792.199951171875,1799.9000244140625,1792,1796.699951171875,337
2021-10-15,1794.5,1795.4000244140625,1766.5999755859375,1767.199951171875,874
2021-10-18,1761.5999755859375,1770.0999755859375,1759.5,1764.800048828125,266
2021-10-19,1777.5999755859375,1785,1767.5,1769.699951171875,51
2021-10-20,1774.5999755859375,1785.5999755859375,1774,1784.0999755859375,127
2021-10-21,1782,1785.699951171875,1781,1781.199951171875,146
2021-10-22,1787.0999755859375,1806.9000244140625,1784,1795.5,532
2021-10-25,1794.300048828125,1809,1794,1806,140
2021-10-26,1808.800048828125,1808.800048828125,1788.5999755859375,1792.699951171875,359
2021-10-27,1791.5,1798.0999755859375,1791.5,1797.9000244140625,543
2021-10-28,1795.5,1807.300048828125,1795.5,1801.5999755859375,452
2021-10-29,1793.0999755859375,1797,1774.5999755859375,1783,583
2021-11-01,1787.5,1795.0999755859375,1786.699951171875,1795.0999755859375,142
2021-11-02,1790.5,1795.5,1787.699951171875,1788.699951171875,213
2021-11-03,1768,1768,1761.800048828125,1763.5999755859375,108
2021-11-04,1776.5999755859375,1798.199951171875,1776.199951171875,1793,103
2021-11-05,1794.9000244140625,1817.0999755859375,1794.9000244140625,1816.4000244140625,239
2021-11-08,1817,1827.4000244140625,1816.9000244140625,1827.4000244140625,261
2021-11-09,1826.0999755859375,1832.699951171875,1820.699951171875,1830.199951171875,170
2021-11-10,1825.800048828125,1865,1824.9000244140625,1847.5999755859375,795
2021-11-11,1853.9000244140625,1866.5,1853.9000244140625,1863.199951171875,292
2021-11-12,1860.800048828125,1867.9000244140625,1847.5999755859375,1867.9000244140625,210
2021-11-15,1864.5,1866.9000244140625,1864.5,1866.0999755859375,87
2021-11-16,1853.5999755859375,1853.5999755859375,1853.5999755859375,1853.5999755859375,1
2021-11-17,1862.5999755859375,1869.699951171875,1862.5999755859375,1869.699951171875,2
2021-11-18,1861,1861,1861,1861,9
2021-11-19,1851.199951171875,1851.199951171875,1851.199951171875,1851.199951171875,21
2021-11-22,1841.5999755859375,1841.5999755859375,1805.699951171875,1806,14
2021-11-23,1795.5,1795.5,1783.5,1783.5,264
2021-11-24,1793,1793,1781.4000244140625,1784.0999755859375,188
2021-11-25,"1,785.50","1,789.60","1,816.30","1,778.60",186.80K
2021-11-26,1791.0999755859375,1791.4000244140625,1785.300048828125,1785.300048828125,186800
2021-11-29,1791.699951171875,1798.9000244140625,1779.0999755859375,1782.300048828125,26926
2021-11-30,1783.9000244140625,1808.0999755859375,1768.699951171875,1773.5999755859375,4903
2021-12-01,1774.800048828125,1790.5,1772.300048828125,1781.5999755859375,1128
2021-12-02,1780.9000244140625,1780.9000244140625,1760.5999755859375,1760.699951171875,1557
2021-12-03,1767.5,1785.0999755859375,1766.5,1782,694
2021-12-06,1780.199951171875,1783,1777.199951171875,1777.5,381
2021-12-07,1779.5,1786.0999755859375,1772.300048828125,1782.5999755859375,308
2021-12-08,1789.9000244140625,1789.9000244140625,1779,1783.4000244140625,1383
2021-12-09,1783.5,1783.5,1771.800048828125,1774.5999755859375,455
2021-12-10,1773.800048828125,1785.4000244140625,1769.0999755859375,1782.9000244140625,545
2021-12-13,1784.4000244140625,1787.0999755859375,1783.800048828125,1786.300048828125,206
2021-12-14,1787,1787,1769,1770.4000244140625,322
2021-12-15,1767.4000244140625,1778.699951171875,1753.9000244140625,1762.5999755859375,283
2021-12-16,1781,1798.0999755859375,1781,1796.5999755859375,21
2021-12-17,1804,1812.9000244140625,1803.800048828125,1803.800048828125,654
2021-12-20,1796.800048828125,1799.800048828125,1792,1793.699951171875,226
2021-12-21,1791.4000244140625,1796.5,1787.9000244140625,1787.9000244140625,575
2021-12-22,1786,1805.199951171875,1785.5,1801.5999755859375,567
2021-12-23,1806,1811.199951171875,1800.800048828125,1811.199951171875,193
2021-12-27,1810,1812.0999755859375,1807,1808.0999755859375,150
2021-12-28,1812,1818,1805.5,1810.199951171875,146
2021-12-29,1803.199951171875,1805.0999755859375,1791.4000244140625,1805.0999755859375,623
2021-12-30,1801.699951171875,1816,1796,1812.699951171875,306
2021-12-31,1825.0999755859375,1827.800048828125,1821.4000244140625,1827.5,80
2022-01-03,1830.0999755859375,1830.0999755859375,1798.800048828125,1799.4000244140625,116
2022-01-04,1800.5,1815.300048828125,1800,1814,38
2022-01-05,1813.0999755859375,1824.5999755859375,1813.0999755859375,1824.5999755859375,8
2022-01-06,1787.0999755859375,1791.300048828125,1787.0999755859375,1788.699951171875,30
2022-01-07,1791.800048828125,1797,1784.4000244140625,1797,17
2022-01-10,1794.9000244140625,1798.699951171875,1790.4000244140625,1798.4000244140625,534
2022-01-11,1803.9000244140625,1822.5,1803,1818.5999755859375,743
2022-01-12,1819,1827.199951171875,1816.9000244140625,1827.199951171875,1547
2022-01-13,1819.800048828125,1823,1815.4000244140625,1821.199951171875,40
2022-01-14,1821.5,1822,1816.5,1816.5,816
2022-01-17,"1,812.40","1,818.70","1,822.90","1,804.70",362.94K
2022-01-18,1816.800048828125,1820.0999755859375,1812.300048828125,1812.300048828125,900
2022-01-19,1817.4000244140625,1843.0999755859375,1817.4000244140625,1843.0999755859375,4
2022-01-20,1840.5999755859375,1843,1838.199951171875,1842.5,20
2022-01-21,1838,1842.4000244140625,1828.9000244140625,1831.800048828125,19
2022-01-24,1837.9000244140625,1842.0999755859375,1837.9000244140625,1841.699951171875,8
2022-01-25,1843,1852.699951171875,1842,1852.699951171875,11
2022-01-26,1829.9000244140625,1829.9000244140625,1829.9000244140625,1829.9000244140625,55
2022-01-27,1793.300048828125,1793.300048828125,1793.300048828125,1793.300048828125,196036
2022-01-28,1797.5,1798.4000244140625,1778.800048828125,1784.9000244140625,28521
2022-01-31,1788.5,1798.5,1785.0999755859375,1795,1735
2022-02-01,1797.199951171875,1806.0999755859375,1797.0999755859375,1800.300048828125,223
2022-02-02,1797.800048828125,1810.0999755859375,1795.0999755859375,1809.199951171875,1690
2022-02-03,1805.800048828125,1808.0999755859375,1787.9000244140625,1803,466
2022-02-04,1806,1813.699951171875,1792.5,1806.5999755859375,571
2022-02-07,1812.199951171875,1821.300048828125,1809.0999755859375,1820.5999755859375,601
2022-02-08,1818.9000244140625,1827.5999755859375,1815,1826.5999755859375,108
2022-02-09,1825.4000244140625,1835.199951171875,1825.300048828125,1835.199951171875,683
2022-02-10,1833.300048828125,1842.0999755859375,1820.800048828125,1836.199951171875,365
2022-02-11,1822,1864.800048828125,1822,1840.800048828125,181
2022-02-14,1861.800048828125,1870.5999755859375,1854.5999755859375,1868,79
2022-02-15,1872.5999755859375,1879.699951171875,1847.4000244140625,1854.800048828125,86
2022-02-16,1858.699951171875,1870.199951171875,1856.300048828125,1870.199951171875,34
2022-02-17,1876.300048828125,1900.699951171875,1876.199951171875,1900.699951171875,393
2022-02-18,1899.4000244140625,1899.4000244140625,1890.699951171875,1898.5999755859375,51
2022-02-21,"1,907.40","1,903.50","1,918.30","1,889.70",334.59K
2022-02-22,1908.0999755859375,1912,1890.800048828125,1906.0999755859375,173
2022-02-23,1896.5999755859375,1910.5999755859375,1895.699951171875,1909.199951171875,73
2022-02-24,1911.9000244140625,1972.5,1911.699951171875,1925.0999755859375,2706
2022-02-25,1906.9000244140625,1920,1883.5999755859375,1886.5,586
2022-02-28,1928.300048828125,1928.4000244140625,1894.199951171875,1899.4000244140625,390
2022-03-01,1908.300048828125,1942.4000244140625,1903.800048828125,1942.4000244140625,547
2022-03-02,1945.5999755859375,1948.199951171875,1919.800048828125,1920.9000244140625,109
2022-03-03,1930.5,1940.300048828125,1924.800048828125,1934.4000244140625,122
2022-03-04,1937,1970.9000244140625,1935.5999755859375,1965.0999755859375,47
2022-03-07,1989,2001.0999755859375,1963,1993.9000244140625,2516
2022-03-08,1999.4000244140625,2072,1998,2040.0999755859375,1813
2022-03-09,2053.600098,2063,1980.800048828125,1985.9000244140625,1022
2022-03-10,1978.0999755859375,2010.5,1978.0999755859375,1998.0999755859375,670
2022-03-11,1985,1996,1959.9000244140625,1982.699951171875,865
2022-03-14,1976.5,1977.699951171875,1959.5999755859375,1959.5999755859375,145
2022-03-15,1939.800048828125,1939.9000244140625,1910.699951171875,1928.5,71
2022-03-16,1922.4000244140625,1922.4000244140625,1907.199951171875,1908,104
2022-03-17,1933.9000244140625,1947.199951171875,1933.9000244140625,1942.0999755859375,39
2022-03-18,1934.5,1939.300048828125,1928.199951171875,1928.199951171875,28
2022-03-21,1925.4000244140625,1928.5999755859375,1925,1928.5999755859375,5
2022-03-22,1920.699951171875,1920.699951171875,1920.699951171875,1920.699951171875,26
2022-03-23,1936.5999755859375,1936.5999755859375,1936.5999755859375,1936.5999755859375,204
2022-03-24,1963.5999755859375,1964,1961.5999755859375,1961.5999755859375,8
2022-03-25,1953.800048828125,1953.800048828125,1953.800048828125,1953.800048828125,83
2022-03-28,1932.5999755859375,1939.5999755859375,1932.5999755859375,1939.5999755859375,7
2022-03-29,1893.5,1912,1893.5,1912,128051
2022-03-30,1918.4000244140625,1937,1914.5,1933.5,17765
2022-03-31,1933.5,1949.9000244140625,1919.0999755859375,1949.199951171875,3617
2022-04-01,1935,1938,1917,1919.0999755859375,1016
2022-04-04,1921.199951171875,1936.0999755859375,1915.5999755859375,1929.199951171875,371
2022-04-05,1927.0999755859375,1943.5,1918.4000244140625,1922.9000244140625,412
2022-04-06,1916.699951171875,1931.800048828125,1916.699951171875,1918.4000244140625,138
2022-04-07,1919.5,1934.800048828125,1919.5,1933.800048828125,311
2022-04-08,1928.800048828125,1947.699951171875,1928.800048828125,1941.5999755859375,153
2022-04-11,1946.5999755859375,1968.4000244140625,1941.800048828125,1944.300048828125,163
2022-04-12,1952.5,1977.0999755859375,1950.5999755859375,1972.0999755859375,246
2022-04-13,1969.5,1981,1969.5,1981,204
2022-04-14,1977.199951171875,1978.699951171875,1963,1970.9000244140625,101
2022-04-18,1973.4000244140625,1997.0999755859375,1972.800048828125,1982.9000244140625,196
2022-04-19,1973.800048828125,1978.300048828125,1945.699951171875,1955.699951171875,130
2022-04-20,1945.5,1953.5999755859375,1945.5,1952.300048828125,621
2022-04-21,1942.5,1944.9000244140625,1942.5,1944.9000244140625,4
2022-04-22,1949.5999755859375,1950.4000244140625,1930.199951171875,1931,178
2022-04-25,1925,1925,1889.300048828125,1893.199951171875,748
2022-04-26,1900.5,1909.0999755859375,1894,1901.4000244140625,302
2022-04-27,1897.800048828125,1900.5999755859375,1882.199951171875,1885.9000244140625,1786
2022-04-28,1883.800048828125,1893,1872.9000244140625,1888.699951171875,513
2022-04-29,1902.699951171875,1918.199951171875,1902.4000244140625,1909.300048828125,132
2022-05-02,1896.699951171875,1896.800048828125,1853,1861.800048828125,385
2022-05-03,1868.800048828125,1868.800048828125,1868.800048828125,1868.800048828125,466
2022-05-04,1867,1867,1867,1867,1
2022-05-05,1897,1904.300048828125,1874,1874,80
2022-05-06,1874.699951171875,1890.300048828125,1871.5,1881.199951171875,214
2022-05-09,1866.5999755859375,1867.5,1854,1857.0999755859375,304
2022-05-10,1839.9000244140625,1839.9000244140625,1839.9000244140625,1839.9000244140625,1540
2022-05-11,1841.5,1852.5999755859375,1841,1852.5999755859375,892
2022-05-12,1849.800048828125,1851.9000244140625,1822.199951171875,1823.800048828125,153
2022-05-13,1825,1825,1807.4000244140625,1807.4000244140625,335
2022-05-16,1790.5,1813.5,1787,1813.5,34
2022-05-17,1824.9000244140625,1828.5999755859375,1816.699951171875,1818.199951171875,121
2022-05-18,1815,1819.699951171875,1805,1815.9000244140625,311
2022-05-19,1810.9000244140625,1841.199951171875,1810.699951171875,1841.199951171875,138
2022-05-20,1839.0999755859375,1841.800048828125,1836.300048828125,1841.800048828125,110
2022-05-23,1846.300048828125,1863,1845.800048828125,1847.800048828125,216
2022-05-24,1852.5,1867,1852.5,1865.0999755859375,33
2022-05-25,1846.199951171875,1846.199951171875,1846.199951171875,1846.199951171875,0
2022-05-26,1840.4000244140625,1847.4000244140625,1840.4000244140625,1847.4000244140625,123355
2022-05-27,1848.300048828125,1860.699951171875,1845.9000244140625,1851.300048828125,30091
2022-05-30,"1,848.40","1,856.50","1,867.90","1,837.60",201.80K
2022-05-31,1850.300048828125,1862.0999755859375,1832.800048828125,1842.699951171875,4073
2022-06-01,1831,1847.9000244140625,1825.300048828125,1843.300048828125,1623
2022-06-02,1845.4000244140625,1868.699951171875,1842.0999755859375,1866.5,551
2022-06-03,1867.5999755859375,1871.800048828125,1845.4000244140625,1845.4000244140625,53
2022-06-06,1849,1854.0999755859375,1839.199951171875,1839.199951171875,142
2022-06-07,1836.9000244140625,1851.5999755859375,1835,1847.5,1168
2022-06-08,1844.800048828125,1855,1844.4000244140625,1851.9000244140625,218
2022-06-09,1846.0999755859375,1850.0999755859375,1837.9000244140625,1848.800048828125,159
2022-06-10,1842.699951171875,1875.5999755859375,1823.9000244140625,1871.5,1490
2022-06-13,1873.800048828125,1873.800048828125,1818.699951171875,1828,127
2022-06-14,1825,1825.5,1805.300048828125,1809.5,536
2022-06-15,1814.0999755859375,1839,1810.800048828125,1815.300048828125,108
2022-06-16,1819.199951171875,1850.5999755859375,1814.9000244140625,1845.699951171875,136
2022-06-17,1853.699951171875,1853.699951171875,1833.5999755859375,1835.5999755859375,170
2022-06-20,"1,838.80","1,840.60","1,848.40","1,830.70",176.30K
2022-06-21,1835.300048828125,1838.5999755859375,1830.0999755859375,1834.5999755859375,216
2022-06-22,1829.5,1842.699951171875,1821.5999755859375,1834.300048828125,115
2022-06-23,1835.5,1841.199951171875,1825.699951171875,1825.699951171875,9
2022-06-24,1820.5,1826.5,1815.800048828125,1826.5,61
2022-06-27,1830.5,1830.699951171875,1819.9000244140625,1820.9000244140625,77
2022-06-28,1824.199951171875,1826,1817.5,1817.5,391
2022-06-29,1818.300048828125,1830.300048828125,1812.800048828125,1813.699951171875,173
2022-06-30,1809.5999755859375,1817.300048828125,1801,1804.0999755859375,328
2022-07-01,1795.5,1806.0999755859375,1791.5999755859375,1798.9000244140625,77
2022-07-04,"1,763.90","1,814.40","1,815.20","1,763.00",310.37K
2022-07-05,1805.4000244140625,1805.4000244140625,1761.800048828125,1761.800048828125,64
2022-07-06,1762.5,1768,1734,1734.9000244140625,1729
2022-07-07,1745.199951171875,1745.199951171875,1737,1737.9000244140625,1869
2022-07-08,1738.0999755859375,1749.300048828125,1732.0999755859375,1740.5999755859375,370
2022-07-11,1732.5,1736.699951171875,1730,1730,75
2022-07-12,1734.199951171875,1735.5,1723.300048828125,1723.300048828125,451
2022-07-13,1710,1734.199951171875,1710,1734.199951171875,368
2022-07-14,1710.300048828125,1710.5,1704.5,1704.5,1289
2022-07-15,1705.4000244140625,1709.699951171875,1701.0999755859375,1702.4000244140625,721
2022-07-18,1712.199951171875,1712.4000244140625,1709.199951171875,1709.199951171875,264
2022-07-19,1712.300048828125,1714.4000244140625,1706.0999755859375,1710,1684
2022-07-20,1707.0999755859375,1708.5,1699.5,1699.5,130
2022-07-21,1687,1715.5,1679.800048828125,1712.699951171875,183
2022-07-22,1713.300048828125,1735,1713,1727.0999755859375,61
2022-07-25,1727,1732,1719,1719,67
2022-07-26,1718,1718,1717.699951171875,1717.699951171875,1
2022-07-27,1719.0999755859375,1719.0999755859375,1719.0999755859375,1719.0999755859375,144865
2022-07-28,1732.300048828125,1755,1732,1750.300048828125,37236
2022-07-29,1754,1765.699951171875,1750,1762.9000244140625,3485
2022-08-01,1763.9000244140625,1772.5,1756.0999755859375,1769,705
2022-08-02,1772.0999755859375,1786.5999755859375,1759.4000244140625,1771.0999755859375,1078
2022-08-03,1756.699951171875,1770.5,1753,1758,399
2022-08-04,1769.4000244140625,1792.0999755859375,1767.699951171875,1788.5,285
2022-08-05,1791.199951171875,1791.4000244140625,1764.199951171875,1772.9000244140625,645
2022-08-08,1771.800048828125,1786.800048828125,1771.800048828125,1786.800048828125,127
2022-08-09,1790,1796.0999755859375,1789,1794,249
2022-08-10,1804.4000244140625,1804.9000244140625,1787.800048828125,1795.5999755859375,601
2022-08-11,1794.300048828125,1794.300048828125,1785.699951171875,1789.699951171875,1235
2022-08-12,1786.300048828125,1800.4000244140625,1784.300048828125,1798.5999755859375,187
2022-08-15,1799,1799,1774.699951171875,1781.4000244140625,64
2022-08-16,1777.4000244140625,1777.4000244140625,1771.4000244140625,1773.199951171875,308
2022-08-17,1769.699951171875,1769.699951171875,1760,1760.300048828125,23
2022-08-18,1762.9000244140625,1762.9000244140625,1753.4000244140625,1755.300048828125,321
2022-08-19,1753.699951171875,1754.300048828125,1747.5,1747.5999755859375,49
2022-08-22,1740.5,1740.5,1726.5,1734,347
2022-08-23,1738,1748.9000244140625,1731.9000244140625,1746.800048828125,509
2022-08-24,1745,1751.800048828125,1743.5999755859375,1747.800048828125,187
2022-08-25,1761.5999755859375,1761.800048828125,1755,1757.699951171875,172
2022-08-26,1754,1755,1736.0999755859375,1736.0999755859375,202
2022-08-29,1732.4000244140625,1741.199951171875,1732.0999755859375,1736.5999755859375,950
2022-08-30,1736.4000244140625,1739,1720.699951171875,1723.199951171875,385
2022-08-31,1718.300048828125,1720.9000244140625,1708.5,1712.800048828125,2133
2022-09-01,1707.9000244140625,1707.9000244140625,1693.9000244140625,1696.5999755859375,683
2022-09-02,1703.4000244140625,1715.699951171875,1703.0999755859375,1709.800048828125,182
2022-09-05,"1,712.90","1,724.20","1,737.40","1,710.60",206.27K
2022-09-06,1709.699951171875,1717.4000244140625,1699.699951171875,1700.4000244140625,697
2022-09-07,1694.800048828125,1715.300048828125,1694.699951171875,1715.300048828125,651
2022-09-08,1718.199951171875,1718.199951171875,1705.300048828125,1708,1193
2022-09-09,1719.199951171875,1720,1712.800048828125,1716.199951171875,635
2022-09-12,1727.4000244140625,1728.0999755859375,1727.4000244140625,1728.0999755859375,68
2022-09-13,1720.5,1720.5,1697.300048828125,1705,432
2022-09-14,1698.699951171875,1701.800048828125,1696.5,1696.5,532
2022-09-15,1685.5,1686,1662.300048828125,1665.4000244140625,1125
2022-09-16,1660.4000244140625,1674.9000244140625,1651.699951171875,1671.699951171875,464
2022-09-19,1661.800048828125,1669.4000244140625,1658.5,1666.199951171875,580
2022-09-20,1659.699951171875,1659.699951171875,1659.699951171875,1659.699951171875,2830
2022-09-21,1665.5,1680.0999755859375,1664.5999755859375,1664.5999755859375,2337
2022-09-22,1668.300048828125,1670.800048828125,1668.300048828125,1670.800048828125,973
2022-09-23,1667,1667,1645.300048828125,1645.300048828125,1224
2022-09-26,1623.300048828125,1623.300048828125,1623.300048828125,1623.300048828125,1205
2022-09-27,1632.199951171875,1636.5999755859375,1626.699951171875,1626.699951171875,888
2022-09-28,1620.4000244140625,1660.4000244140625,1620.4000244140625,1660.4000244140625,18311
2022-09-29,1657,1662.5999755859375,1640,1658.5,6028
2022-09-30,1661.699951171875,1672.699951171875,1658,1662.4000244140625,548
2022-10-03,1667.199951171875,1700,1661.9000244140625,1692.9000244140625,410
2022-10-04,1701.199951171875,1728,1696,1721.0999755859375,291
2022-10-05,1724.0999755859375,1726.5999755859375,1703,1711.4000244140625,418
2022-10-06,1721,1723.300048828125,1709.0999755859375,1711.699951171875,133
2022-10-07,1710.0999755859375,1710.0999755859375,1693.699951171875,1700.5,179
2022-10-10,1693.4000244140625,1693.4000244140625,1667,1667.300048828125,195
2022-10-11,1661.800048828125,1678.699951171875,1661,1678.699951171875,167
2022-10-12,1668,1672.699951171875,1668,1670.300048828125,149
2022-10-13,1675.199951171875,1675.300048828125,1641.5,1670,729
2022-10-14,1665.300048828125,1667,1640,1641.699951171875,82
2022-10-17,1650.199951171875,1657,1646.800048828125,1657,238
2022-10-18,1651.4000244140625,1655.199951171875,1649,1649,597
2022-10-19,1637.5,1637.5,1627.5,1627.5,84
2022-10-20,1622.800048828125,1641.4000244140625,1622.800048828125,1630.800048828125,477
2022-10-21,1634.0999755859375,1653.9000244140625,1634.0999755859375,1651,224
2022-10-24,1662.699951171875,1662.699951171875,1648.699951171875,1648.699951171875,29
2022-10-25,1648.199951171875,1652.800048828125,1637.300048828125,1652.800048828125,880
2022-10-26,1649.800048828125,1667,1649.800048828125,1664,89
2022-10-27,1660.699951171875,1660.699951171875,1660.699951171875,1660.699951171875,2298
2022-10-28,1661,1661,1638.699951171875,1639.5999755859375,626
2022-10-31,1641.800048828125,1641.800048828125,1633.4000244140625,1635.9000244140625,522
2022-11-01,1630.800048828125,1653.699951171875,1630.800048828125,1645,985
2022-11-02,1650.800048828125,1664.699951171875,1634,1645.699951171875,612
2022-11-03,1629.199951171875,1629.199951171875,1615.0999755859375,1627.300048828125,1427
2022-11-04,1630.199951171875,1674.5,1629,1672.5,159
2022-11-07,1676.9000244140625,1677.9000244140625,1672.9000244140625,1676.5,42
2022-11-08,1703.199951171875,1712.0999755859375,1703.199951171875,1712.0999755859375,23
2022-11-09,1707.4000244140625,1720.199951171875,1706,1710.0999755859375,497
2022-11-10,1708.199951171875,1750.300048828125,1708.199951171875,1750.300048828125,325
2022-11-11,1763.800048828125,1766,1757.5999755859375,1766,257
2022-11-14,1762,1773.5999755859375,1761.5999755859375,1773.5999755859375,358
2022-11-15,1770.800048828125,1773.800048828125,1769.9000244140625,1773.800048828125,57
2022-11-16,1776.5999755859375,1778.9000244140625,1773,1773,303
2022-11-17,1763,1763,1756,1760.800048828125,18
2022-11-18,1763.300048828125,1763.300048828125,1747.5999755859375,1751.9000244140625,414
2022-11-21,1739,1744.9000244140625,1736.0999755859375,1737.4000244140625,544
2022-11-22,1741.699951171875,1741.699951171875,1738.300048828125,1738.300048828125,15
2022-11-23,1736.5,1750.9000244140625,1736.5,1744.9000244140625,39
2022-11-24,"1,754.00","1,751.00","1,761.20","1,745.90",134.30K
2022-11-25,1753,1757.9000244140625,1749.199951171875,1753.300048828125,216
2022-11-28,1741.300048828125,1741.300048828125,1740.0999755859375,1740.0999755859375,132767
2022-11-29,1739.5,1758.199951171875,1737.9000244140625,1748.4000244140625,19416
2022-11-30,1748.0999755859375,1769.4000244140625,1745.0999755859375,1746,3339
2022-12-01,1768.699951171875,1803.699951171875,1768.699951171875,1801.0999755859375,1053
2022-12-02,1802,1802.300048828125,1779.4000244140625,1795.9000244140625,1725
2022-12-05,1795.699951171875,1808,1764.300048828125,1767.4000244140625,1713
2022-12-06,1768.5999755859375,1779.4000244140625,1767.9000244140625,1769.300048828125,105
2022-12-07,1769.300048828125,1790.300048828125,1769.300048828125,1785.5,422
2022-12-08,1782,1790.9000244140625,1782,1788.699951171875,713
2022-12-09,1794.9000244140625,1804.300048828125,1791.0999755859375,1798.0999755859375,125
2022-12-12,1787.300048828125,1793.9000244140625,1777.699951171875,1780.5,85
2022-12-13,1780.699951171875,1819.800048828125,1780.5,1813.9000244140625,205
2022-12-14,1810.800048828125,1812.800048828125,1797.9000244140625,1807.5,1074
2022-12-15,1801,1801,1774.800048828125,1777.199951171875,421
2022-12-16,1777.9000244140625,1791.4000244140625,1777.9000244140625,1790,206
2022-12-19,1791.5999755859375,1796.300048828125,1785.5999755859375,1787.699951171875,79
2022-12-20,1786.5,1821.4000244140625,1786.5,1815.9000244140625,51
2022-12-21,1817.4000244140625,1821.4000244140625,1814.4000244140625,1815.9000244140625,35
2022-12-22,1818.0999755859375,1818.0999755859375,1785,1787,411
2022-12-23,1794.300048828125,1802.800048828125,1794.0999755859375,1795.9000244140625,49
2022-12-27,1803.4000244140625,1826.300048828125,1803.4000244140625,1814.800048828125,69
2022-12-28,1803.199951171875,1807.9000244140625,1803.0999755859375,1807.9000244140625,434
2022-12-29,1805.800048828125,1819.5,1805.800048828125,1819.5,277
2022-12-30,1817,1822.300048828125,1816.800048828125,1819.699951171875,95
2023-01-03,1836.199951171875,1839.699951171875,1836.199951171875,1839.699951171875,29
2023-01-04,1845.5999755859375,1859.0999755859375,1845.5999755859375,1852.800048828125,25
2023-01-05,1855.199951171875,1855.199951171875,1834.800048828125,1834.800048828125,24
2023-01-06,1838.4000244140625,1868.199951171875,1835.300048828125,1864.199951171875,26
2023-01-09,1867,1880,1867,1872.699951171875,62
2023-01-10,1877.800048828125,1878.0999755859375,1871.5999755859375,1871.5999755859375,101
2023-01-11,1873.0999755859375,1877.800048828125,1873.0999755859375,1874.5999755859375,1236
2023-01-12,1877.199951171875,1897.4000244140625,1877.199951171875,1895.5,59
2023-01-13,1899,1920.9000244140625,1898.300048828125,1918.4000244140625,512
2023-01-16,"1,909.90","1,923.80","1,931.80","1,906.20",268.37K
2023-01-17,1920.0999755859375,1920.0999755859375,1905.199951171875,1907.199951171875,706
2023-01-18,1911.0999755859375,1911.0999755859375,1903.0999755859375,1904.4000244140625,1027
2023-01-19,1922.0999755859375,1931.800048828125,1922.0999755859375,1922.0999755859375,371
2023-01-20,1922.0999755859375,1928.5,1921.4000244140625,1926.4000244140625,1346
2023-01-23,1926.5,1927.0999755859375,1915,1927.0999755859375,218
2023-01-24,1931.800048828125,1936.800048828125,1931.800048828125,1933.9000244140625,201
2023-01-25,1941.199951171875,1941.199951171875,1939.800048828125,1941.199951171875,7
2023-01-26,1936.5999755859375,1937.0999755859375,1927.0999755859375,1929.0999755859375,131
2023-01-27,1928.5999755859375,1928.5999755859375,1928.5999755859375,1928.5999755859375,150902
2023-01-30,1928.300048828125,1933.5999755859375,1920.300048828125,1922.9000244140625,27220
2023-01-31,1923,1930.4000244140625,1900.5999755859375,1929.5,1910
2023-02-01,1927.199951171875,1955,1922,1927.800048828125,2290
2023-02-02,1952.300048828125,1959.0999755859375,1911.300048828125,1916.300048828125,748
2023-02-03,1912.4000244140625,1917,1861.5,1862.9000244140625,992
2023-02-06,1865.5999755859375,1880,1863.4000244140625,1866.199951171875,424
2023-02-07,1870,1875.699951171875,1868,1871.699951171875,297
2023-02-08,1872.0999755859375,1880.4000244140625,1872.0999755859375,1877.4000244140625,230
2023-02-09,1875.300048828125,1884.5999755859375,1859.800048828125,1866.199951171875,223
2023-02-10,1861.5999755859375,1863.5,1852.4000244140625,1862.800048828125,27
2023-02-13,1859,1861,1850,1851.9000244140625,569
2023-02-14,1854.0999755859375,1862,1846.199951171875,1854,656
2023-02-15,1842,1842,1828.199951171875,1834.199951171875,368
2023-02-16,1838.5999755859375,1843.699951171875,1827.199951171875,1842,222
2023-02-17,1827.4000244140625,1842.199951171875,1818.4000244140625,1840.4000244140625,35
2023-02-20,"1,842.50","1,850.50","1,856.40","1,839.00",210.17K
2023-02-21,1842.5999755859375,1843,1833,1833,862
2023-02-22,1835.699951171875,1836.199951171875,1825.0999755859375,1832,278
2023-02-23,1826.4000244140625,1827.5,1818,1818,291
2023-02-24,1808.800048828125,1808.800048828125,1808.800048828125,1808.800048828125,404
2023-02-27,1811.5999755859375,1817.5,1808.9000244140625,1817,829
2023-02-28,1808.0999755859375,1830,1808.0999755859375,1828.9000244140625,618
2023-03-01,1827.0999755859375,1841.699951171875,1827.0999755859375,1837.699951171875,211
2023-03-02,1830,1836.300048828125,1830,1833.5,154
2023-03-03,1837.300048828125,1855.4000244140625,1837.300048828125,1847.699951171875,61
2023-03-06,1853.300048828125,1853.800048828125,1844.199951171875,1847.9000244140625,5
2023-03-07,1840.9000244140625,1840.9000244140625,1813.9000244140625,1813.9000244140625,450
2023-03-08,1811.5999755859375,1812.9000244140625,1811.5,1812.699951171875,75
2023-03-09,1816.4000244140625,1829.300048828125,1815.5999755859375,1829.300048828125,332
2023-03-10,1852.300048828125,1868.5,1852,1862,248
2023-03-13,1890.800048828125,1913.0999755859375,1875.0999755859375,1911.699951171875,503
2023-03-14,1912.199951171875,1912.199951171875,1901.0999755859375,1906.199951171875,107
2023-03-15,1903.9000244140625,1926.5999755859375,1898.5,1926.5999755859375,564
2023-03-16,1909.9000244140625,1931.699951171875,1909.9000244140625,1919,394
2023-03-17,1946,1985.0999755859375,1946,1969.800048828125,82
2023-03-20,1988.300048828125,2003.9000244140625,1968.9000244140625,1979.199951171875,389
2023-03-21,1973.800048828125,1973.800048828125,1938,1938,47
2023-03-22,1946.800048828125,1974,1946.800048828125,1946.800048828125,50
2023-03-23,1990.5,1994.5999755859375,1990.5,1993.800048828125,33
2023-03-24,1991.699951171875,1995.4000244140625,1982.0999755859375,1982.0999755859375,19
2023-03-27,1957.199951171875,1957.199951171875,1952.4000244140625,1952.4000244140625,877
2023-03-28,1972.4000244140625,1972.4000244140625,1972.4000244140625,1972.4000244140625,21
2023-03-29,1966.0999755859375,1966.0999755859375,1966.0999755859375,1966.0999755859375,88563
2023-03-30,1965.9000244140625,1984.4000244140625,1954.9000244140625,1980.300048828125,10119
2023-03-31,1981.300048828125,1986.800048828125,1968,1969,957
2023-04-03,1968.0999755859375,1991.699951171875,1950,1983.9000244140625,737
2023-04-04,1984.5999755859375,2027.0999755859375,1979,2022.199951171875,811
2023-04-05,2022.0999755859375,2033.800048828125,2013.5999755859375,2020.9000244140625,525
2023-04-06,2022.199951171875,2023.300048828125,2005,2011.9000244140625,0
2023-04-10,2000,2006.5999755859375,1984,1989.0999755859375,652
2023-04-11,1991.4000244140625,2006.5,1991.4000244140625,2004.800048828125,68
2023-04-12,2005.199951171875,2025.699951171875,2005.199951171875,2010.9000244140625,172
2023-04-13,2015.5999755859375,2048.600098,2015.5999755859375,2041.300048828125,1043
2023-04-14,2041,2047.800048828125,1995,2002.199951171875,718
2023-04-17,2002.699951171875,2007.5999755859375,1983.199951171875,1994.199951171875,554
2023-04-18,1996.9000244140625,2007.4000244140625,1996.9000244140625,2007.4000244140625,72
2023-04-19,2005.699951171875,2006.4000244140625,1969.800048828125,1995.199951171875,61
2023-04-20,1998,2007.5999755859375,1998,2007.5999755859375,164
2023-04-21,1996.199951171875,1996.199951171875,1974.0999755859375,1979.5,132
2023-04-24,1981.300048828125,1989.800048828125,1977.4000244140625,1989.0999755859375,145
2023-04-25,1995.699951171875,1999.0999755859375,1982.300048828125,1994,306
2023-04-26,1997.800048828125,1998.800048828125,1985.5999755859375,1985.699951171875,615
2023-04-27,1990.5999755859375,2002.300048828125,1979.9000244140625,1989.9000244140625,355
2023-04-28,1986.9000244140625,1990.0999755859375,1977.699951171875,1990.0999755859375,152
2023-05-01,1980.0999755859375,2005,1976.9000244140625,1983.4000244140625,210
2023-05-02,1994.699951171875,2018,1994.699951171875,2014.300048828125,1896
2023-05-03,2017.0999755859375,2035.0999755859375,2015.199951171875,2028.5999755859375,1349
2023-05-04,2045,2072,2040,2048,930
2023-05-05,2046.4000244140625,2046.4000244140625,2004.300048828125,2017.4000244140625,59
2023-05-08,2022.5,2026.300048828125,2022.5,2026.300048828125,3
2023-05-09,2026.5999755859375,2037.300048828125,2025.9000244140625,2036.199951171875,241
2023-05-10,2032.300048828125,2044.300048828125,2029.5,2030.5,248
2023-05-11,2034.0999755859375,2038.300048828125,2014,2014.699951171875,90
2023-05-12,2014.5,2014.5,2014.5,2014.5,115
2023-05-15,2013.800048828125,2018,2013.800048828125,2018,3
2023-05-16,1988.4000244140625,1988.4000244140625,1988.4000244140625,1988.4000244140625,49
2023-05-17,1983.5999755859375,1983.5999755859375,1980.699951171875,1980.699951171875,13
2023-05-18,1956.5,1956.800048828125,1956.5,1956.5,23
2023-05-19,1960,1978.699951171875,1960,1978.699951171875,106
2023-05-22,1980.5,1980.5,1974.800048828125,1974.800048828125,8
2023-05-23,1972.4000244140625,1972.4000244140625,1972.4000244140625,1972.4000244140625,1
2023-05-24,1975.4000244140625,1975.4000244140625,1962.800048828125,1962.800048828125,189
2023-05-25,1943.0999755859375,1943.0999755859375,1943.0999755859375,1943.0999755859375,1
2023-05-26,1948.199951171875,1948.4000244140625,1944.0999755859375,1944.0999755859375,166036
2023-05-29,"1,977.10","1,961.30","1,981.90","1,949.60",264.37K
2023-05-30,1942.699951171875,1962.5999755859375,1931,1958,37838
2023-05-31,1958.199951171875,1973,1953,1963.9000244140625,5959
2023-06-01,1963.199951171875,1983,1954.300048828125,1978,750
2023-06-02,1977.0999755859375,1982.5,1947.4000244140625,1952.4000244140625,356
2023-06-05,1947.5,1961.9000244140625,1937.800048828125,1958,713
2023-06-06,1960.800048828125,1965.5,1958.800048828125,1965.5,164
2023-06-07,1959,1968.4000244140625,1940.699951171875,1942.699951171875,139
2023-06-08,1943.199951171875,1969,1943.0999755859375,1963.5999755859375,433
2023-06-09,1965.0999755859375,1969.800048828125,1960.300048828125,1962.199951171875,49
2023-06-12,1959.699951171875,1963.5,1951.4000244140625,1955.300048828125,212
2023-06-13,1960.5999755859375,1967.5,1940.300048828125,1944.5999755859375,343
2023-06-14,1946.199951171875,1958.199951171875,1940.300048828125,1955.300048828125,202
2023-06-15,1941.699951171875,1958.800048828125,1926,1957.800048828125,329
2023-06-16,1961.4000244140625,1962.9000244140625,1953.5,1958.4000244140625,119
2023-06-19,"1,947.70","1,970.70","1,971.80","1,940.80",250.14K
2023-06-20,1958.5999755859375,1958.5999755859375,1931.300048828125,1935.5,193
2023-06-21,1935.5999755859375,1936.800048828125,1920,1933.300048828125,557
2023-06-22,1920,1921,1912.0999755859375,1912.699951171875,237
2023-06-23,1918.699951171875,1932.5,1918.699951171875,1919.0999755859375,105
2023-06-26,1922.9000244140625,1928.5,1922.5,1923.699951171875,71
2023-06-27,1927,1929.4000244140625,1914,1914,49
2023-06-28,1912.300048828125,1912.300048828125,1912.300048828125,1912.300048828125,628
2023-06-29,1909.9000244140625,1909.9000244140625,1892.5,1909.199951171875,289
2023-06-30,1908.5999755859375,1921.0999755859375,1900.5999755859375,1921.0999755859375,445
2023-07-03,1917.9000244140625,1929.5,1917.9000244140625,1921.699951171875,41
2023-07-04,"1,927.10","1,929.10","1,942.90","1,922.10",245.93K
2023-07-05,1923.5,1933.9000244140625,1914.699951171875,1919.5999755859375,193
2023-07-06,1909.300048828125,1910.199951171875,1903.199951171875,1908.699951171875,81
2023-07-07,1913.4000244140625,1934.0999755859375,1913.4000244140625,1926.199951171875,61
2023-07-10,1923.5999755859375,1926.0999755859375,1912.300048828125,1925,269
2023-07-11,1925,1937,1924.199951171875,1931.300048828125,142
2023-07-12,1932.300048828125,1958,1932.199951171875,1956.199951171875,132
2023-07-13,1961.0999755859375,1961.0999755859375,1953,1959.199951171875,121
2023-07-14,1958.4000244140625,1960.5999755859375,1952.699951171875,1960.0999755859375,94
2023-07-17,1954,1956.5,1946.5999755859375,1952.4000244140625,29
2023-07-18,1968.800048828125,1978.4000244140625,1963.4000244140625,1977.199951171875,83
2023-07-19,1977,1977.5,1973,1977.5,35
2023-07-20,1973.699951171875,1973.699951171875,1965.5999755859375,1968.300048828125,638
2023-07-21,1961.800048828125,1964.300048828125,1961.800048828125,1964.300048828125,50
2023-07-24,1965.300048828125,1965.5,1960.300048828125,1960.300048828125,2
2023-07-25,1953,1962.5,1953,1962.0999755859375,19
2023-07-26,1966.199951171875,1972,1966.199951171875,1968.9000244140625,51
2023-07-27,1945.4000244140625,1945.4000244140625,1945.4000244140625,1945.4000244140625,194253
2023-07-28,1945.5,1962.199951171875,1944.199951171875,1960.4000244140625,23155
2023-07-31,1959.199951171875,1971.5999755859375,1950,1970.5,1025
2023-08-01,1964.9000244140625,1965.4000244140625,1940.699951171875,1940.699951171875,688
2023-08-02,1948.4000244140625,1953.5999755859375,1933.199951171875,1937.4000244140625,652
2023-08-03,1934.199951171875,1936.5,1928,1932,773
2023-08-04,1934.9000244140625,1945,1920,1939.5999755859375,290
2023-08-07,1941,1941,1929.800048828125,1933.5,376
2023-08-08,1931.699951171875,1933.199951171875,1923,1924.0999755859375,555
2023-08-09,1925.4000244140625,1928.800048828125,1913.699951171875,1915.4000244140625,451
2023-08-10,1921.0999755859375,1927.800048828125,1911.4000244140625,1914.4000244140625,178
2023-08-11,1913,1916.5999755859375,1911.800048828125,1912.9000244140625,57
2023-08-14,1909.300048828125,1912.5999755859375,1903.300048828125,1910.5999755859375,46
2023-08-15,1906,1907.699951171875,1895,1902.5,73
2023-08-16,1904.5,1904.5,1890.300048828125,1896.0999755859375,22
2023-08-17,1893.699951171875,1902.4000244140625,1884,1884.0999755859375,245
2023-08-18,1891.800048828125,1891.800048828125,1886.0999755859375,1886.0999755859375,19
2023-08-21,1893.5999755859375,1893.5999755859375,1893.300048828125,1893.300048828125,876
2023-08-22,1894.5999755859375,1896.800048828125,1892.800048828125,1896.4000244140625,46
2023-08-23,1909.5999755859375,1918.5,1909.5999755859375,1918.5,547
2023-08-24,1920,1920.800048828125,1918.199951171875,1918.199951171875,337
2023-08-25,1919.800048828125,1919.800048828125,1911.0999755859375,1911.0999755859375,195
2023-08-28,1915.5,1921.5,1915.5,1917.9000244140625,99
2023-08-29,1917.9000244140625,1936.5,1916.9000244140625,1936.5,1674
2023-08-30,1936,1946.4000244140625,1934.5999755859375,1944.300048828125,396
2023-08-31,1944.4000244140625,1944.4000244140625,1938.199951171875,1938.199951171875,491
2023-09-01,1950,1950,1936.5999755859375,1939.800048828125,167
2023-09-04,"1,952.60","1,966.70","1,972.60","1,950.60",192.79K
2023-09-05,1934.4000244140625,1934.4000244140625,1924.699951171875,1926.199951171875,113
2023-09-06,1924.0999755859375,1925.300048828125,1916.300048828125,1918.0999755859375,24
2023-09-07,1917.5999755859375,1921.5,1917.5,1917.5,41
2023-09-08,1924,1924.699951171875,1918.4000244140625,1918.4000244140625,105
2023-09-11,1923,1928.300048828125,1921.800048828125,1923.300048828125,50
2023-09-12,1920.800048828125,1920.800048828125,1911.300048828125,1911.300048828125,365
2023-09-13,1910.300048828125,1914.5999755859375,1908.9000244140625,1909.0999755859375,15
2023-09-14,1903,1910,1903,1910,169
2023-09-15,1923.5,1927.300048828125,1923.5,1923.699951171875,8
2023-09-18,1928.199951171875,1931.5,1926.4000244140625,1931.5,19
2023-09-19,1934,1934,1932,1932,6
2023-09-20,1945.5999755859375,1945.5999755859375,1929.199951171875,1945.5999755859375,119
2023-09-21,1924,1924,1919.199951171875,1919.199951171875,9
2023-09-22,1925.4000244140625,1925.4000244140625,1925.4000244140625,1925.4000244140625,1
2023-09-25,1916.5999755859375,1916.5999755859375,1916.5999755859375,1916.5999755859375,114
2023-09-26,1905,1905.0999755859375,1900.4000244140625,1900.4000244140625,161
2023-09-27,1871.5999755859375,1871.5999755859375,1871.5999755859375,1871.5999755859375,12251
2023-09-28,1875.5,1878.199951171875,1856.699951171875,1860.4000244140625,4654
2023-09-29,1864.300048828125,1872.300048828125,1846,1848.0999755859375,1605
2023-10-02,1844.0999755859375,1845.9000244140625,1826.699951171875,1830,2309
2023-10-03,1825,1830.9000244140625,1816.800048828125,1824.5999755859375,310
2023-10-04,1821.800048828125,1828.199951171875,1816.4000244140625,1818.5,357
2023-10-05,1826.300048828125,1826.300048828125,1815.5999755859375,1816.5999755859375,393
2023-10-06,1819,1831.800048828125,1809.4000244140625,1830.199951171875,390
2023-10-09,1842.5,1861.5,1842.5,1849.5,232
2023-10-10,1857,1861.4000244140625,1852.800048828125,1861,236
2023-10-11,1869.5,1874.5999755859375,1869.0999755859375,1872.800048828125,65
2023-10-12,1874.699951171875,1881.199951171875,1867,1869.300048828125,46
2023-10-13,1877.5,1930.0999755859375,1877.5,1927.4000244140625,43
2023-10-16,1910.4000244140625,1921.0999755859375,1910.300048828125,1921.0999755859375,53
2023-10-17,1914.300048828125,1925.800048828125,1914.300048828125,1922.699951171875,103
2023-10-18,1935,1957.9000244140625,1935,1955.300048828125,67
2023-10-19,1950.0999755859375,1977.699951171875,1945.699951171875,1968.4000244140625,1945
2023-10-20,1981.0999755859375,1988.5999755859375,1980.4000244140625,1982.5,557
2023-10-23,1976.199951171875,1978.9000244140625,1972.9000244140625,1976.300048828125,127
2023-10-24,1970.300048828125,1975,1970.300048828125,1975,10
2023-10-25,1971.199951171875,1985.300048828125,1971.199951171875,1984.0999755859375,97
2023-10-26,1988.199951171875,1988.199951171875,1980.4000244140625,1987.199951171875,521
2023-10-27,1988.5999755859375,1988.5999755859375,1988.5999755859375,1988.5999755859375,372
2023-10-30,2004.0999755859375,2004.0999755859375,1992.5,1996.199951171875,157
2023-10-31,1996.5,2001,1983.699951171875,1985.199951171875,84
2023-11-01,1990.5,1990.5,1977.800048828125,1978.800048828125,41
2023-11-02,1989.0999755859375,1990.300048828125,1979.5,1985.5999755859375,39
2023-11-03,1989,1991.5,1989,1991.5,12
2023-11-06,1981.5999755859375,1981.5999755859375,1977.4000244140625,1981.5999755859375,130
2023-11-07,1966.5,1966.800048828125,1960.699951171875,1966.800048828125,20
2023-11-08,1967.800048828125,1967.800048828125,1947.699951171875,1951.5,43
2023-11-09,1951.699951171875,1964.199951171875,1945.300048828125,1964.199951171875,10
2023-11-10,1959.5999755859375,1959.5999755859375,1932.5999755859375,1932.5999755859375,375
2023-11-13,1939.9000244140625,1947.199951171875,1934,1945.5,191
2023-11-14,1965.800048828125,1965.800048828125,1961.800048828125,1961.800048828125,2
2023-11-15,1962.800048828125,1962.800048828125,1960,1960.0999755859375,6
2023-11-16,1965.300048828125,1983.9000244140625,1964.5999755859375,1983.9000244140625,39
2023-11-17,1982.5,1984,1979.800048828125,1981.5999755859375,32
2023-11-20,1978.699951171875,1979.4000244140625,1969.699951171875,1977.699951171875,182
2023-11-21,1990.699951171875,2005.5,1988.5,1999.300048828125,16
2023-11-22,1999.0999755859375,1999.4000244140625,1991,1991.4000244140625,6075
2023-11-23,"2,003.00","1,991.20","2,004.50","1,990.90",214.88K
2023-11-24,1991.9000244140625,2002.199951171875,1991.5,2002.199951171875,63
2023-11-27,2011.699951171875,2011.800048828125,2011.699951171875,2011.800048828125,228
2023-11-28,2040.5999755859375,2042.699951171875,2039.699951171875,2039.699951171875,174665
2023-11-29,2041.699951171875,2052.100098,2036,2047.0999755859375,15290
2023-11-30,2046.0999755859375,2047.0999755859375,2033.0999755859375,2038.0999755859375,2506
2023-12-01,2038.300048828125,2073.199951171875,2036,2071,614
2023-12-04,2075.300048828125,2130.199951171875,2021,2024.0999755859375,1071
2023-12-05,2035.0999755859375,2037,2010.199951171875,2018.5,289
2023-12-06,2019.9000244140625,2035.800048828125,2019,2030.5,417
2023-12-07,2029.199951171875,2034.9000244140625,2024,2029.9000244140625,67
2023-12-08,2031.699951171875,2033.0999755859375,1995,1998.300048828125,449
2023-12-11,2004.0999755859375,2004.199951171875,1977.199951171875,1978,651
2023-12-12,1984.199951171875,1994.199951171875,1977.800048828125,1977.800048828125,95
2023-12-13,1978.5,2024.800048828125,1975,1982.300048828125,2252
2023-12-14,2024.699951171875,2040.0999755859375,2024.300048828125,2030.199951171875,236
2023-12-15,2032.5999755859375,2043.4000244140625,2018.300048828125,2021.0999755859375,261
2023-12-18,2024.300048828125,2032.800048828125,2024,2026.300048828125,100
2023-12-19,2025.199951171875,2042.699951171875,2025.199951171875,2038.4000244140625,498
2023-12-20,2037.0999755859375,2037.0999755859375,2030.300048828125,2034.5,258
2023-12-21,2035.800048828125,2044.5,2033,2039.0999755859375,228
2023-12-22,2055.699951171875,2068.699951171875,2052.199951171875,2057.100098,202
2023-12-26,2060,2060.800048828125,2054.199951171875,2058.199951171875,64
2023-12-27,2067.300048828125,2081.899902,2064.800048828125,2081.899902,586
2023-12-28,2081.600098,2087.300048828125,2066.5,2073.899902,338
2023-12-29,2068,2068.899902,2062.100098,2062.399902,47
2024-01-02,2063.5,2073.699951171875,2057.100098,2064.399902,61
2024-01-03,2034.199951171875,2044,2034.199951171875,2034.199951171875,54
2024-01-04,2041.5999755859375,2044.5,2038,2042.300048828125,88
2024-01-05,2044.5,2048.100098,2042.4000244140625,2042.4000244140625,12
2024-01-08,2019.0999755859375,2033.699951171875,2019.0999755859375,2026.5999755859375,10
2024-01-09,2035.800048828125,2035.800048828125,2026.4000244140625,2026.4000244140625,27
2024-01-10,2029,2035.5999755859375,2021.699951171875,2021.699951171875,538
2024-01-11,2025.0999755859375,2025.0999755859375,2014.300048828125,2014.300048828125,97
2024-01-12,2031.0999755859375,2057,2031.0999755859375,2046.699951171875,390
2024-01-15,"2,030.20","2,053.40","2,062.80","2,027.60",285.25K
2024-01-16,2051.699951171875,2054.800048828125,2026,2026,46
2024-01-17,2026.5,2026.5,2002.5999755859375,2002.5999755859375,764
2024-01-18,2012.800048828125,2018.5999755859375,2009.5,2018.5999755859375,1474
2024-01-19,2023.199951171875,2036,2019.5,2026.5,50
2024-01-22,2021.300048828125,2021.300048828125,2019.800048828125,2019.800048828125,12
2024-01-23,2030.300048828125,2030.300048828125,2022.5,2023.699951171875,15
2024-01-24,2023.199951171875,2033.199951171875,2013.9000244140625,2013.9000244140625,253
2024-01-25,2012.0999755859375,2022.4000244140625,2012.0999755859375,2016.9000244140625,548
2024-01-26,2021.699951171875,2022.4000244140625,2016.800048828125,2016.800048828125,49
2024-01-29,2025.199951171875,2025.199951171875,2025.199951171875,2025.199951171875,150708
2024-01-30,2032.5,2048.5,2028.0999755859375,2031.5,26907
2024-01-31,2035.4000244140625,2055,2030,2048.399902,2007
2024-02-01,2040.199951171875,2064.5,2029,2053,947
2024-02-02,2054.800048828125,2055.899902,2027.699951171875,2036.0999755859375,888
2024-02-05,2038.9000244140625,2040.800048828125,2013.800048828125,2025.699951171875,412
2024-02-06,2025.9000244140625,2037.300048828125,2025.9000244140625,2034.5,249
2024-02-07,2032.800048828125,2039.5,2032.699951171875,2035.199951171875,71
2024-02-08,2028,2036.699951171875,2020.300048828125,2032.199951171875,341
2024-02-09,2032,2032,2020,2023.300048828125,62
2024-02-12,2025.5,2025.5,2011.5999755859375,2018.199951171875,317
2024-02-13,2025.0999755859375,2025.800048828125,1990,1992.9000244140625,198
2024-02-14,1990.300048828125,1993.5,1984.800048828125,1990.300048828125,1916
2024-02-15,1993.5999755859375,2007.199951171875,1993.5999755859375,2002.0999755859375,286
2024-02-16,2005,2011.5,1996.5,2011.5,32
2024-02-19,"2,039.80","2,027.70","2,042.70","2,023.90",202.43K
2024-02-20,2015.5999755859375,2029,2015.5999755859375,2027.5,1326
2024-02-21,2028.199951171875,2028.199951171875,2022.300048828125,2022.300048828125,15
2024-02-22,2033.199951171875,2033.199951171875,2019.699951171875,2019.699951171875,964
2024-02-23,2026,2038.5999755859375,2014.9000244140625,2038.5999755859375,22
2024-02-26,2034.0999755859375,2035.4000244140625,2024.800048828125,2028.5,143
2024-02-27,2035.9000244140625,2035.9000244140625,2034,2034,964
2024-02-28,2029.5,2037,2024.800048828125,2033,581
2024-02-29,2034.300048828125,2049.800048828125,2034.300048828125,2045.699951171875,706
2024-03-01,2043.0999755859375,2086.899902,2041.800048828125,2086.899902,1210
2024-03-04,2083.600098,2119.800048828125,2080.699951171875,2117.699951171875,805
2024-03-05,2114.899902,2133.5,2111.399902,2133.5,1287
2024-03-06,2125.5,2150.300048828125,2125.5,2150.300048828125,443
2024-03-07,2147,2163,2147,2158,152
2024-03-08,2167.300048828125,2194.899902,2166.300048828125,2178.600098,259
2024-03-11,2181,2184,2177.199951171875,2182.5,738
2024-03-12,2182.5,2182.699951171875,2160.399902,2160.399902,550
2024-03-13,2162.5,2175.399902,2162.5,2175.399902,20
2024-03-14,2163,2163,2162.300048828125,2163,515
2024-03-15,2161.699951171875,2161.699951171875,2157.300048828125,2157.300048828125,100
2024-03-18,2146.199951171875,2160.699951171875,2146.199951171875,2160.699951171875,21
2024-03-19,2156.100098,2156.300048828125,2156.100098,2156.300048828125,12
2024-03-20,2157.300048828125,2185.899902,2150.899902,2157.899902,17
2024-03-21,2207,2211.600098,2182.399902,2182.399902,63
2024-03-22,2179.199951171875,2179.600098,2157.5,2158.100098,19
2024-03-25,2166.199951171875,2179.399902,2166.199951171875,2174.800048828125,79
2024-03-26,2182.699951171875,2182.699951171875,2175.600098,2175.600098,202373
2024-03-27,2179.399902,2196.199951171875,2172.100098,2190.600098,31200
2024-03-28,2193.600098,2234.100098,2187.100098,2217.399902,2040
2024-04-01,2235.699951171875,2264.199951171875,2230,2236.5,400
2024-04-02,2252,2279.199951171875,2247.600098,2261,435
2024-04-03,2281.699951171875,2298.800048828125,2267.899902,2294.399902,285
2024-04-04,2301.699951171875,2302.899902,2280,2288.800048828125,251
2024-04-05,2289.199951171875,2328.399902,2267.399902,2325.699951171875,344
2024-04-08,2325.600098,2341.800048828125,2319,2331.699951171875,202
2024-04-09,2337.800048828125,2364.699951171875,2337.800048828125,2343.5,211
2024-04-10,2346.600098,2358.100098,2327.699951171875,2329.600098,377
2024-04-11,2341.5,2376.300048828125,2330.600098,2354.800048828125,283
2024-04-12,2377.300048828125,2429,2334.300048828125,2356.199951171875,584
2024-04-15,2362.100098,2384.699951171875,2326,2365.800048828125,1801
2024-04-16,2384,2390.800048828125,2371.399902,2390.800048828125,41
2024-04-17,2384.199951171875,2391.399902,2369.300048828125,2371.699951171875,37
2024-04-18,2368.399902,2384.399902,2368.399902,2382.300048828125,128
2024-04-19,2379.300048828125,2399.800048828125,2377.300048828125,2398.399902,160
2024-04-22,2383.300048828125,2383.300048828125,2326.899902,2332.199951171875,53
2024-04-23,2327.699951171875,2330.800048828125,2294.199951171875,2327.699951171875,171
2024-04-24,2321.300048828125,2328.699951171875,2314.600098,2324.5,95
2024-04-25,2315,2329.800048828125,2305,2329.800048828125,1024
2024-04-26,2347.899902,2347.899902,2332.800048828125,2334.800048828125,717
2024-04-29,2334.800048828125,2345.5,2327.899902,2345.399902,405
2024-04-30,2322.5,2322.5,2291.399902,2291.399902,113
2024-05-01,2287.699951171875,2327.300048828125,2283.800048828125,2299.899902,42
2024-05-02,2321.699951171875,2324.699951171875,2292.300048828125,2299.199951171875,56
2024-05-03,2300,2301,2277.600098,2299,194
2024-05-06,2322.800048828125,2325.5,2314.199951171875,2321.600098,9
2024-05-07,2324.300048828125,2324.300048828125,2315.199951171875,2315.199951171875,25
2024-05-08,2313.600098,2313.600098,2313.600098,2313.600098,4
2024-05-09,2310.699951171875,2339.5,2310.699951171875,2332.100098,5
2024-05-10,2367.300048828125,2367.300048828125,2367.300048828125,2367.300048828125,126
2024-05-13,2358.300048828125,2358.300048828125,2336.100098,2336.100098,14
2024-05-14,2336,2358,2336,2353.399902,6
2024-05-15,2361.600098,2388.699951171875,2356,2388.699951171875,29
2024-05-16,2389.5,2392.199951171875,2380,2380,7
2024-05-17,2380.699951171875,2415.800048828125,2380.699951171875,2412.199951171875,213
2024-05-20,2415.800048828125,2435.800048828125,2409.699951171875,2433.899902,40
2024-05-21,2429.5,2429.5,2421,2421.699951171875,6
2024-05-22,2417.5,2417.600098,2375.800048828125,2389.199951171875,180
2024-05-23,2371.199951171875,2371.199951171875,2335,2335,365
2024-05-24,2342.600098,2345.399902,2332.5,2332.5,25
2024-05-27,"2,356.50","2,338.00","2,365.50","2,333.80",105.47K
2024-05-28,2336.899902,2359.699951171875,2336.899902,2355.199951171875,26
2024-05-29,2340.300048828125,2340.300048828125,2340.300048828125,2340.300048828125,119317
2024-05-30,2336.899902,2349.5,2320.800048828125,2342.899902,32587
2024-05-31,2344.100098,2354,2319,2322.899902,941
2024-06-03,2322.600098,2347.5,2312,2346.600098,781
2024-06-04,2347.5,2347.699951171875,2313.899902,2325.5,890
2024-06-05,2326.399902,2354.300048828125,2326.199951171875,2354.100098,295
2024-06-06,2355,2375.800048828125,2355,2370.300048828125,179
2024-06-07,2379.899902,2385.100098,2285.399902,2305.199951171875,269
2024-06-10,2290.600098,2309.300048828125,2290.5,2307.699951171875,69
2024-06-11,2300,2314.100098,2300,2307.5,871
2024-06-12,2314.899902,2338.699951171875,2310.300048828125,2336,132
2024-06-13,2309.399902,2317.699951171875,2296.199951171875,2300.199951171875,298
2024-06-14,2307,2331.399902,2305.800048828125,2331.399902,948
2024-06-17,2320.199951171875,2320.199951171875,2309.600098,2312.399902,110
2024-06-18,2311.800048828125,2330.399902,2311.800048828125,2330.399902,43
2024-06-19,"2,343.00","2,342.95","2,349.65","2,338.60",
2024-06-20,2328.899902,2354,2328.300048828125,2353.800048828125,183
2024-06-21,2331.199951171875,2331.199951171875,2316.399902,2316.399902,76
2024-06-24,2323.300048828125,2332.899902,2322.699951171875,2330,99
2024-06-25,2324.399902,2333,2316.600098,2316.600098,105
2024-06-26,2307.899902,2314.399902,2298,2299.199951171875,986
2024-06-27,2296.800048828125,2329,2295,2324.5,1532
2024-06-28,2325.399902,2338.300048828125,2319,2327.699951171875,92
2024-07-01,2323.800048828125,2329.699951171875,2321.699951171875,2327.600098,237
2024-07-02,2330.699951171875,2334.600098,2323,2323,30
2024-07-03,2330.899902,2361.600098,2330.899902,2359.800048828125,59
2024-07-04,"2,364.60","2,367.20","2,371.05","2,359.35",
2024-07-05,2354.899902,2388.5,2354.899902,2388.5,72
2024-07-08,2381.699951171875,2383.800048828125,2352.800048828125,2355.199951171875,64
2024-07-09,2363.100098,2363.699951171875,2360.100098,2360.100098,9
2024-07-10,2366.300048828125,2377,2365.800048828125,2372.199951171875,19
2024-07-11,2378.699951171875,2416.699951171875,2378.699951171875,2415,72
2024-07-12,2399.800048828125,2414,2391.300048828125,2414,355
2024-07-15,2430,2436,2422.899902,2422.899902,540
2024-07-16,2427.399902,2462.399902,2427.399902,2462.399902,93
2024-07-17,2472.899902,2473.100098,2454.800048828125,2454.800048828125,10
2024-07-18,2466,2466,2451.800048828125,2451.800048828125,2
2024-07-19,2418.800048828125,2419.199951171875,2395.5,2395.5,15
2024-07-22,2402.100098,2402.100098,2392,2392,18
2024-07-23,2395.800048828125,2404.600098,2388.699951171875,2404.600098,41
2024-07-24,2421,2421,2411.600098,2413.300048828125,6
2024-07-25,2365.5,2365.5,2351.899902,2351.899902,31
2024-07-26,2368.699951171875,2386.899902,2368.699951171875,2380,95
2024-07-29,2377.300048828125,2377.300048828125,2377.300048828125,2377.300048828125,126409
2024-07-30,2380.899902,2409.300048828125,2373.800048828125,2405,25944
2024-07-31,2407.100098,2447.600098,2402.800048828125,2426.5,1313
2024-08-01,2446.699951171875,2455.100098,2430.399902,2435,690
2024-08-02,2444,2477,2416,2425.699951171875,550
2024-08-05,2442,2449.800048828125,2367.399902,2401.699951171875,334
2024-08-06,2414.5,2421.800048828125,2380,2389.100098,163
2024-08-07,2392.199951171875,2401,2384.5,2390.5,130
2024-08-08,2384.300048828125,2422.800048828125,2384.300048828125,2422.199951171875,201
2024-08-09,2422.300048828125,2432.100098,2418.5,2432.100098,611
2024-08-12,2432.699951171875,2469.800048828125,2432,2462.399902,566
2024-08-13,2461,2470,2456.5,2466.699951171875,510
2024-08-14,2468,2472.100098,2439.399902,2439.399902,274
2024-08-15,2451.800048828125,2467.699951171875,2431.199951171875,2453.100098,285
2024-08-16,2453.5,2508,2451.399902,2498.600098,197
2024-08-19,2508.5,2508.5,2487.199951171875,2501.800048828125,88
2024-08-20,2503.5,2527.300048828125,2500.699951171875,2511.300048828125,187
2024-08-21,2511,2515.399902,2503.899902,2508.399902,96
2024-08-22,2504.100098,2504.100098,2471.100098,2478.899902,210
2024-08-23,2486.5,2508.399902,2486.5,2508.399902,94
2024-08-26,2509.899902,2523.100098,2509.100098,2517.699951171875,290
2024-08-27,2515.199951171875,2523.100098,2506.899902,2516,100
2024-08-28,2501,2501,2501,2501,2353
2024-08-29,2504.100098,2525.699951171875,2503.899902,2525.699951171875,3966
2024-08-30,2519.5,2525.399902,2493.800048828125,2493.800048828125,208
2024-09-03,2501.600098,2501.800048828125,2476.300048828125,2489.899902,206
2024-09-04,2490.899902,2493.399902,2483.5,2493.399902,470
2024-09-05,2493.699951171875,2513.300048828125,2493.399902,2511.399902,54
2024-09-06,2510.300048828125,2517.899902,2483.699951171875,2493.5,96
2024-09-09,2491.300048828125,2504.699951171875,2491.300048828125,2501.800048828125,96
2024-09-10,2512.300048828125,2512.300048828125,2512.300048828125,2512.300048828125,5
2024-09-11,2525.800048828125,2525.800048828125,2502.300048828125,2512.100098,90
2024-09-12,2529.100098,2557,2523.399902,2551.199951171875,132
2024-09-13,2568.800048828125,2581.800048828125,2565,2581.300048828125,31
2024-09-16,2580.399902,2580.399902,2580.399902,2580.399902,28
2024-09-17,2581.199951171875,2581.800048828125,2564.300048828125,2564.300048828125,22
2024-09-18,2570.699951171875,2570.699951171875,2549.199951171875,2570.699951171875,25
2024-09-19,2566,2588,2566,2588,99
2024-09-20,2590.399902,2621.800048828125,2590.399902,2619.899902,17
2024-09-23,2626.5,2626.5,2626.5,2626.5,9
2024-09-24,2636.800048828125,2662.300048828125,2625.5,2651.199951171875,35
2024-09-25,2656.300048828125,2664.199951171875,2649.300048828125,2659.199951171875,175
2024-09-26,2662.300048828125,2669.899902,2660.800048828125,2669.899902,17216
2024-09-27,2670,2672.100098,2641.699951171875,2644.300048828125,4228
2024-09-30,2660.899902,2662.100098,2623.199951171875,2636.100098,973
2024-10-01,2631.399902,2670.899902,2631.399902,2667.300048828125,153
2024-10-02,2650.600098,2657.199951171875,2640,2647.100098,72
2024-10-03,2642.800048828125,2657.100098,2640,2657.100098,354
2024-10-04,2656,2667,2639,2645.800048828125,114
2024-10-07,2648.699951171875,2657.399902,2639,2644.800048828125,284
2024-10-08,2639,2639,2609.300048828125,2615,687
2024-10-09,2603,2607.699951171875,2603,2606,152
2024-10-10,2602.5,2628.300048828125,2602.5,2620.600098,320
2024-10-11,2638.300048828125,2658.100098,2638.199951171875,2657.600098,12
2024-10-14,2655,2655.300048828125,2647.800048828125,2647.800048828125,40
2024-10-15,2661.399902,2661.399902,2661.399902,2661.399902,39
2024-10-16,2674,2674,2674,2674,6
2024-10-17,2677.399902,2691.699951171875,2677.199951171875,2691,30
2024-10-18,2713.699951171875,2719.600098,2713.699951171875,2713.699951171875,29
2024-10-21,2721.899902,2738.399902,2719.5,2723.100098,52
2024-10-22,2731.699951171875,2746,2728.600098,2744.199951171875,93
2024-10-23,2742.5,2742.5,2714.199951171875,2714.399902,18
2024-10-24,2729,2736.100098,2729,2734.899902,27
2024-10-25,2725.5,2742.399902,2725.5,2740.899902,29
2024-10-28,2736.100098,2742.899902,2729.5,2742.899902,56
2024-10-29,2768.399902,2768.399902,2768.399902,2768.399902,848
2024-10-30,2774.600098,2789,2774.600098,2788.5,231
2024-10-31,2787.399902,2787.5,2733.5,2738.300048828125,849
2024-11-01,2745.5,2756,2734.199951171875,2738.600098,109
2024-11-04,2736.5,2737.100098,2736.100098,2736.100098,16
2024-11-05,2743,2743.899902,2740.300048828125,2740.300048828125,23
2024-11-06,2734.5,2734.5,2659.399902,2667.600098,427
2024-11-07,2662.5,2699.100098,2662.5,2698.399902,676
2024-11-08,2688.5,2694.600098,2682.899902,2687.5,1038
2024-11-11,2671.699951171875,2671.699951171875,2611.199951171875,2611.199951171875,20
2024-11-12,2605.5,2605.5,2592.800048828125,2600,118
2024-11-13,2611.100098,2611.800048828125,2580.800048828125,2580.800048828125,53
2024-11-14,2555.100098,2576.199951171875,2554.199951171875,2568.199951171875,27
2024-11-15,2565.699951171875,2565.699951171875,2565.699951171875,2565.699951171875,20
2024-11-18,2591.699951171875,2610.699951171875,2589.399902,2610.600098,136
2024-11-19,2621.899902,2627.699951171875,2619.300048828125,2627.100098,87
2024-11-20,2638.5,2648.199951171875,2638.5,2648.199951171875,27
2024-11-21,2659.300048828125,2672.100098,2655.699951171875,2672.100098,33
2024-11-22,2687.5,2710.5,2685.600098,2709.899902,41
2024-11-25,2689.399902,2689.399902,2616.800048828125,2616.800048828125,94
2024-11-26,2625.600098,2625.600098,2620.300048828125,2620.300048828125,177858
2024-11-27,2633.5,2657.899902,2627.199951171875,2639.899902,61653
2024-11-29,2636.399902,2664.300048828125,2620.699951171875,2657,3861
2024-12-02,2649,2649.800048828125,2621.699951171875,2634.899902,695
2024-12-03,2639,2654.699951171875,2636,2644.699951171875,1062
2024-12-04,2639.199951171875,2658.300048828125,2637,2653.800048828125,249
2024-12-05,2652.399902,2655,2625.699951171875,2626.600098,573
2024-12-06,2620.199951171875,2643.100098,2617.5,2638.600098,571
2024-12-09,2632.100098,2677.100098,2630.800048828125,2664.899902,935
2024-12-10,2662.300048828125,2698.199951171875,2661,2697.600098,437
2024-12-11,2701.800048828125,2733.800048828125,2693.100098,2733.800048828125,3387
2024-12-12,2725.100098,2725.100098,2677.399902,2687.5,2365
2024-12-13,2688.199951171875,2689.300048828125,2647.899902,2656,1125
2024-12-16,2658.300048828125,2663.300048828125,2651,2651.399902,877
2024-12-17,2651.800048828125,2652.300048828125,2632.5,2644.399902,705
2024-12-18,2644.300048828125,2647.100098,2590.199951171875,2636.5,566
2024-12-19,2582.100098,2610.300048828125,2582.100098,2592.199951171875,238
2024-12-20,2605.300048828125,2631.600098,2604.899902,2628.699951171875,592
2024-12-23,2620,2627.699951171875,2611.100098,2612.300048828125,451
2024-12-24,2613,2620,2609.5,2620,35
2024-12-26,2628.5,2638.800048828125,2627.899902,2638.800048828125,84
2024-12-27,2617.699951171875,2617.699951171875,2616.399902,2617.199951171875,642
2024-12-30,2620.699951171875,2626.899902,2597,2606.100098,794
2024-12-31,2608.399902,2629.199951171875,2604.899902,2629.199951171875,401
2025-01-02,2633,2663.100098,2633,2658.899902,1728
2025-01-03,2658.699951171875,2658.699951171875,2641.800048828125,2645,591
2025-01-06,2645.5,2647,2617.300048828125,2638.399902,960
2025-01-07,2653.399902,2657.5,2653,2656.699951171875,643
2025-01-08,2655.5,2676.899902,2653.5,2664.5,999
2025-01-09,2669.699951171875,2686.300048828125,2667.899902,2683.800048828125,1139
2025-01-10,2686.100098,2720.100098,2683.699951171875,2708.5,403
2025-01-13,2711.100098,2711.199951171875,2673.5,2673.5,765
2025-01-14,2673.600098,2688.300048828125,2670.800048828125,2677.5,794
2025-01-15,2690.800048828125,2712.5,2690.800048828125,2712.5,930
2025-01-16,2731.699951171875,2749.800048828125,2731.699951171875,2746.399902,1721
2025-01-17,2736,2751.600098,2725.5,2744.300048828125,1214
2025-01-21,2746,2755,2724.800048828125,2755,1439
2025-01-22,2754.5,2768.800048828125,2753.5,2767.600098,2079
2025-01-23,2760,2765,2745.399902,2763.100098,2201
2025-01-24,2759.800048828125,2792,2759.800048828125,2777.300048828125,1593
2025-01-27,2761.100098,2762.199951171875,2737.5,2737.5,984
2025-01-28,2738,2766.800048828125,2738,2766.800048828125,2307
2025-01-29,2769.100098,2769.100098,2769.100098,2769.100098,125692
2025-01-30,2772.5,2829.5,2770,2823,40141
2025-01-31,2829,2838,2804,2812.5,3443
2025-02-03,2818.199951171875,2848.399902,2780.899902,2833.899902,2649
2025-02-04,2827.600098,2853.300048828125,2816.100098,2853.300048828125,2187
2025-02-05,2850,2880.5,2848,2871.600098,4519
2025-02-06,2865.199951171875,2871.699951171875,2836.300048828125,2856,3116
2025-02-07,2859.899902,2889.5,2857.800048828125,2867.300048828125,1822
2025-02-10,2864.199951171875,2916.100098,2863.800048828125,2914.300048828125,2237
2025-02-11,2925.5,2945.399902,2890,2912.5,2554
2025-02-12,2902,2912.300048828125,2868.600098,2909,2504
2025-02-13,2911.300048828125,2937.699951171875,2910.600098,2925.899902,4670
2025-02-14,2937.300048828125,2944.399902,2874.800048828125,2883.600098,1992
2025-02-18,2879.199951171875,2936.399902,2873.800048828125,2931.600098,4010
2025-02-19,2938.699951171875,2946,2917.100098,2919.399902,2630
2025-02-20,2949.100098,2955.800048828125,2924.199951171875,2940,656
2025-02-21,2938.800048828125,2940,2917.300048828125,2937.600098,570
2025-02-24,2933.100098,2957.899902,2933.100098,2947.899902,415
2025-02-25,2938.699951171875,2943.199951171875,2890,2904.5,1854
2025-02-26,2913.5,2917,2913,2916.800048828125,2050
2025-02-27,2918.5,2922.800048828125,2870.399902,2883.199951171875,3215
2025-02-28,2877.100098,2877.100098,2834.100098,2836.800048828125,990
2025-03-03,2872.699951171875,2891.800048828125,2863.399902,2890.199951171875,423
2025-03-04,2886.100098,2927.899902,2886.100098,2909.600098,885
2025-03-05,2916.699951171875,2922,2893,2915.300048828125,551
2025-03-06,2904,2918.600098,2903.800048828125,2916.600098,870
2025-03-07,2900.899902,2927.300048828125,2900.5,2904.699951171875,531
2025-03-10,2910.100098,2915.100098,2880.199951171875,2891,55
2025-03-11,2884.399902,2916.699951171875,2880.399902,2912.899902,197
2025-03-12,2912,2939.100098,2910,2939.100098,213
2025-03-13,2937.100098,2988,2935.199951171875,2984.300048828125,2366
2025-03-14,2994.399902,3004.800048828125,2986,2994.5,1800
2025-03-17,2991,3001.5,2989,3000,214
2025-03-18,3006.399902,3039.199951171875,3004.399902,3035.100098,428
2025-03-19,3035.199951171875,3050.899902,3030.899902,3035.899902,175
2025-03-20,3047.300048828125,3047.300048828125,3034.399902,3040,185
2025-03-21,3034.5,3037.5,3000.899902,3018.199951171875,151
2025-03-24,3024.300048828125,3024.300048828125,3006,3013.100098,137
2025-03-25,3026.399902,3028.800048828125,3023.699951171875,3023.699951171875,74
2025-03-26,3033.199951171875,3033.199951171875,3019.5,3020.899902,83
2025-03-27,3025.5,3065,3025.5,3060.199951171875,124359
2025-03-28,3069.699951171875,3094.899902,3066.800048828125,3086.5,31206
2025-03-31,3091,3132.5,3086,3122.800048828125,3438
2025-04-01,3129.699951171875,3149.5,3104,3118.899902,1721
2025-04-02,3120.699951171875,3168.600098,3117.399902,3139.899902,5946
2025-04-03,3150,3166.899902,3052,3097,5516
2025-04-04,3110.5,3127.699951171875,3011,3012,3247
2025-04-07,3016.399902,3050.800048828125,2949.699951171875,2951.300048828125,4424
2025-04-08,2994,3014.5,2968.399902,2968.399902,3213
2025-04-09,2965.800048828125,3090.399902,2965.800048828125,3056.5,2175
2025-04-10,3073.899902,3167,3072.100098,3155.199951171875,3456
2025-04-11,3182.100098,3235,3182.100098,3222.199951171875,862
2025-04-14,3215.5,3228.800048828125,3194.5,3204.800048828125,263
2025-04-15,3216,3218.699951171875,3214,3218.699951171875,390
2025-04-16,3238.300048828125,3334.899902,3238.300048828125,3326.600098,1874
2025-04-17,3345,3345,3287.800048828125,3308.699951171875,824
2025-04-21,3342.199951171875,3418.5,3342.199951171875,3406.199951171875,78
2025-04-22,3422.199951171875,3485.600098,3361.699951171875,3400.800048828125,785
2025-04-23,3321.199951171875,3370.300048828125,3256.199951171875,3276.300048828125,331
2025-04-24,3305.399902,3353.899902,3304.899902,3332,560
2025-04-25,3355.5,3355.5,3266.100098,3282.399902,162
2025-04-28,3284.5,3332.5,3284.5,3332.5,1300
2025-04-29,3340,3340,3299.899902,3318.800048828125,1278
2025-04-30,3318.699951171875,3318.699951171875,3268,3305,207
2025-05-01,3272.899902,3275,3198.600098,3210,2131
2025-05-02,3239.899902,3257,3225,3231.899902,1349
2025-05-05,3242.699951171875,3315.699951171875,3239.699951171875,3311.300048828125,244
2025-05-06,3365.5,3430.899902,3356.800048828125,3411.399902,2357
2025-05-07,3418.699951171875,3418.699951171875,3364.699951171875,3381.399902,1080
2025-05-08,3390,3390,3288.699951171875,3296.600098,200
2025-05-09,3299,3335.5,3299,3335.399902,216
2025-05-12,3300.699951171875,3300.699951171875,3205,3220,886
2025-05-13,3232,3251.399902,3223.5,3240.300048828125,2424
2025-05-14,3233,3233,3171.699951171875,3181.399902,3518
2025-05-15,3151,3228.100098,3125,3220.699951171875,652
2025-05-16,3227.699951171875,3228.100098,3173.899902,3182,199
2025-05-19,3234.399902,3241,3228.300048828125,3228.899902,266
2025-05-20,3219,3293.199951171875,3207.5,3280.300048828125,356
2025-05-21,3293.399902,3317.5,3290.199951171875,3309.300048828125,979
2025-05-22,3327.300048828125,3328,3282.699951171875,3292.300048828125,1210
2025-05-23,3328,3363.600098,3323.5,3363.600098,47
2025-05-25,"3,370.27","3,384.00","3,384.12","3,367.94",65.79K
2025-05-26,"3,374.47","3,370.17","3,384.00","3,352.50",29.79K
2025-05-27,3332.5,3341,3296.300048828125,3299.100098,189
2025-05-28,3293.600098,3293.600098,3293.600098,3293.600098,127758
2025-05-29,3283.699951171875,3328.800048828125,3242.399902,3317.100098,24370
2025-05-30,3315.100098,3318,3270.899902,3288.899902,2213
2025-06-02,3296.899902,3380.800048828125,3296.899902,3370.600098,976
2025-06-03,3385.100098,3390,3331.300048828125,3350.199951171875,6410
2025-06-04,3355,3380,3344,3373.5,207
2025-06-05,3371.5,3400,3343.699951171875,3350.699951171875,731
2025-06-06,3364.300048828125,3364.300048828125,3306,3322.699951171875,81
2025-06-09,3315.600098,3334.600098,3290,3332.100098,1887
2025-06-10,3302,3344.300048828125,3302,3320.899902,65
2025-06-11,3328,3356,3321.300048828125,3321.300048828125,2106
2025-06-12,3363,3395.899902,3353.399902,3380.899902,1818
2025-06-13,3407.300048828125,3444,3407.300048828125,3431.199951171875,499
2025-06-16,3442,3442,3385.399902,3396.399902,480
2025-06-17,3398.300048828125,3398.300048828125,3376.100098,3386.600098,1477
2025-06-18,3385.300048828125,3391.899902,3365.100098,3389.800048828125,0
2025-06-19,"3,384.97","3,391.81","3,404.95","3,363.81",136.01K
2025-06-20,3350,3372.899902,3341,3368.100098,709
2025-06-23,3365.899902,3387.899902,3350,3377.699951171875,30
2025-06-24,3358,3358,3301,3317.399902,538
2025-06-25,3321.600098,3331.199951171875,3310.600098,3327.100098,373
2025-06-26,3332.399902,3333.5,3332.399902,3333.5,2058
2025-06-27,3318.699951171875,3318.699951171875,3253.800048828125,3273.699951171875,284
2025-06-30,3265.899902,3306.899902,3262,3294.399902,1242
2025-07-01,3310.100098,3354.100098,3310.100098,3336.699951171875,371
2025-07-02,3329,3357.5,3329,3348,39
2025-07-03,3362,3362,3322.300048828125,3331.600098,0
2025-07-04,3342,3342,3332.5,3332.5,0
2025-07-07,3305.5,3333.300048828125,3299.199951171875,3332.199951171875,254
2025-07-08,3330.399902,3334.5,3287.600098,3307,909
2025-07-09,3289.399902,3314,3282,3311.600098,114
2025-07-10,3323.600098,3330.5,3311.600098,3317.399902,209
2025-07-11,3330.5,3370,3330.5,3356,776
2025-07-14,3367,3375.5,3350,3351.5,583
2025-07-15,3341,3341,3329.800048828125,3329.800048828125,210
2025-07-16,3341.199951171875,3352.899902,3329.5,3352.5,10
2025-07-17,3313.800048828125,3340.800048828125,3313.800048828125,3340.100098,667
2025-07-18,3338.199951171875,3353,3338.199951171875,3353,602
2025-07-21,3350.300048828125,3411.699951171875,3350.300048828125,3401.899902,53
2025-07-22,3411,3441,3395.600098,3439.199951171875,39
2025-07-23,3430.300048828125,3433.899902,3388.100098,3394.100098,63
2025-07-24,3367,3371,3367,3371,1175
2025-07-25,3344,3345,3326.5,3334,67
2025-07-28,3326.600098,3326.800048828125,3309.100098,3309.100098,533
2025-07-29,3323.399902,3323.399902,3323.399902,3323.399902,113144
2025-07-30,3325.800048828125,3331.800048828125,3263.899902,3295.800048828125,19252
2025-07-31,3272.899902,3312,3272.899902,3293.199951171875,3704
2025-08-01,3286.199951171875,3360.600098,3281,3347.699951171875,3420
2025-08-04,3367.600098,3386.5,3347.399902,3374.399902,351
2025-08-05,3378.5,3387.199951171875,3351.199951171875,3381.899902,915
2025-08-06,3380.699951171875,3383.300048828125,3361.300048828125,3380,1492
2025-08-07,3384.899902,3422.899902,3384.899902,3400.300048828125,5464
2025-08-08,3438.800048828125,3477,3402.5,3439.100098,7657
2025-08-11,3383.899902,3383.899902,3349.199951171875,3353.100098,1488
2025-08-12,3356.199951171875,3356.199951171875,3330.100098,3348.899902,1611
2025-08-13,3358.800048828125,3363.399902,3358.699951171875,3358.699951171875,1011
2025-08-14,3346.800048828125,3356,3328.899902,3335.199951171875,592
2025-08-15,3346.800048828125,3346.800048828125,3335.899902,3336,1185
2025-08-18,3333.5,3347.800048828125,3331.699951171875,3331.699951171875,646
2025-08-19,3330.199951171875,3343.5,3313.399902,3313.399902,1655
2025-08-20,3310.600098,3343.5,3310.100098,3343.399902,1213
2025-08-21,3349.399902,3349.399902,3326.5,3336.899902,142
2025-08-22,3349.399902,3377.699951171875,3349.399902,3374.399902,1240
2025-08-25,3366,3378,3366,3373.800048828125,1044
2025-08-26,3378.899902,3396.5,3371.100098,3388.600098,905
2025-08-27,3397,3404.600098,3382,3404.600098,3222
2025-08-28,3409,3434.600098,3400,3431.800048828125,1035
2025-08-29,3432.5,3475.600098,3426.600098,3473.699951171875,0
2025-08-31,"3,512.00","3,517.65","3,517.65","3,509.70",
2025-09-01,"3,551.82","3,511.17","3,556.87","3,506.05",127.09K
2025-09-02,3485.699951171875,3559.199951171875,3485.699951171875,3549.399902,658
2025-09-03,3554.800048828125,3593.699951171875,3553.199951171875,3593.199951171875,72
2025-09-04,3549.899902,3573.600098,3549.899902,3565.800048828125,237
2025-09-05,3567.800048828125,3613.199951171875,3567.800048828125,3613.199951171875,925
2025-09-08,3594.5,3641,3590,3638.100098,97
2025-09-09,3647.100098,3670.399902,3627.800048828125,3643.300048828125,535
2025-09-10,3625,3655.399902,3620.800048828125,3643.600098,136
2025-09-11,3632.899902,3636.899902,3618.399902,3636.899902,307
2025-09-12,3655.5,3656.800048828125,3643,3649.399902,1300
2025-09-15,3640,3686.399902,3635.100098,3682.199951171875,210
2025-09-16,3681.399902,3698.600098,3681.399902,3688.899902,373
2025-09-17,3669,3685.199951171875,3661.600098,3681.800048828125,183
2025-09-18,3654.600098,3667.399902,3637,3643.699951171875,80
2025-09-19,3659,3685.899902,3658.199951171875,3671.5,211
2025-09-22,3688.199951171875,3748.199951171875,3688,3740.699951171875,410
2025-09-23,3747,3786,3740,3780.600098,627
2025-09-24,3769.800048828125,3772.5,3732.100098,3732.100098,588
2025-09-25,3742.800048828125,3756,3724.699951171875,3736.899902,1899
2025-09-26,3775.300048828125,3775.300048828125,3775.300048828125,3775.300048828125,19308
2025-09-28,"3,795.85","3,790.60","3,801.60","3,790.55",8.09K
2025-09-29,3754.800048828125,3827.600098,3754.800048828125,3820.899902,8860
2025-09-30,3827.5,3865.5,3793.399902,3840.800048828125,1611
2025-10-01,3863.5,3891.899902,3853.300048828125,3867.5,1778
2025-10-02,3856.199951171875,3888.600098,3823.699951171875,3839.699951171875,3418
2025-10-03,3855.199951171875,3886.800048828125,3853.699951171875,3880.800048828125,392
2025-10-05,"3,935.27","3,913.45","3,944.45","3,909.47",24.00K
2025-10-06,3931.300048828125,3960,3926.800048828125,3948.5,1267
2025-10-07,3959.399902,3981.5,3940,3976.600098,2903
2025-10-08,3987.199951171875,4049.199951171875,3987.199951171875,4043.300048828125,2179
2025-10-09,4011.199951171875,4046.199951171875,3940,3946.300048828125,3130
2025-10-10,3957,4012,3945.5,3975.899902,3130
2025-10-13,4016,4111,4016,4108.600098,1697
2025-10-14,4131.700195,4160.100098,4085.800048828125,4138.700195,2424
2025-10-15,4145.0,4210.60009765625,4145.0,4176.89990234375,3287
2025-10-16,4198.7998046875,4307.0,4196.60009765625,4280.2001953125,3287
